name_key,gir_name,gir_type,gir_industry,hidden_any,energy_tj_2023,energy_tj_2024,energy_tj_2025,emis_2023,emis_2024,emis_2025,energy_tj_avg,n_years
가온전선,가온전선주식회사,사업장 1곳,전기전자,False,193.0,175.0,172.0,9413.0,8572.0,8396.0,180.0,3
강남금융센터,강남금융센터(주),사업장 1곳,건물,False,330.0,358.0,338.0,15950.0,17358.0,16354.0,342.0,3
강남화성,강남화성(주),사업장 1곳,석유화학,False,315.0,314.0,303.0,19171.0,19455.0,18573.0,310.6666666666667,3
강동씨앤엘,(주)강동씨앤엘,업체,"시멘트, 석회, 플라스터 및 그 외 제품 제조업",False,,181.0,327.0,,9576.0,17498.0,254.0,2
강릉사천연료전지,강릉사천연료전지,사업장 1곳,발전에너지,False,,,8.0,,,62670.0,8.0,1
강릉시,강릉시,사업장 1곳,폐기물 처리업,False,423.0,764.0,596.0,79488.0,107713.0,91175.0,594.3333333333334,3
강릉에코파워,강릉에코파워(주),업체,발전에너지,False,,32364.0,60227.0,,2627471.0,5265188.0,46295.5,2
강변테크노마트,강변테크노마트 주식회사,사업장 1곳,건물,False,274.0,278.0,,13178.0,13404.0,,276.0,2
강원고속,강원고속,사업장 1곳,육상 여객 운송업,False,235.0,239.0,225.0,16485.0,16788.0,15797.0,233.0,3
강원대학교,강원대학교,사업장 1곳,건물,False,387.0,411.0,425.0,18769.0,19897.0,20566.0,407.6666666666667,3
강원랜드,(주)강원랜드,사업장 1곳,유원지 및 기타 오락관련 서비스업,False,1598.0,1602.0,1629.0,79240.0,79430.0,80594.0,1609.6666666666667,3
강원여객자동차,강원여객자동차,사업장 1곳,교통(여객),False,255.0,,260.0,17512.0,,17715.0,257.5,2
거제시,거제시,사업장 1곳,폐기물 처리업,False,479.0,487.0,519.0,58176.0,60696.0,58696.0,495.0,3
건화,(주)건화,사업장 1곳,선박 및 보트 건조업,False,668.0,655.0,607.0,36955.0,36370.0,33252.0,643.3333333333334,3
경기고속,(주)경기고속,업체,육상 여객 운송업,False,1903.0,1851.0,1800.0,119748.0,115254.0,110923.0,1851.3333333333333,3
경기그린에너지,경기그린에너지(주),업체,전기업,False,0.0,0.0,0.0,147684.0,118443.0,133109.0,0.0,3
경기도광주시,경기도 광주시,사업장 1곳,수도업,False,975.0,999.0,1024.0,57819.0,59846.0,59576.0,999.3333333333334,3
경기상운,주식회사경기상운,사업장 1곳,교통(여객),False,303.0,321.0,324.0,17273.0,18284.0,18382.0,316.0,3
경기환경에너지,경기환경에너지(주),업체,폐기물 처리업,False,323.0,,,70600.0,,,323.0,1
경남고속뉴부산관광,경남고속뉴부산관광(주),사업장 1곳,교통(여객),False,,,238.0,,,16647.0,238.0,1
경남여객,(합)경남여객,사업장 1곳,육상 여객 운송업,False,719.0,701.0,742.0,43814.0,41498.0,43213.0,720.6666666666666,3
경동,(주)경동,업체,석탄 광업,False,389.0,383.0,349.0,200831.0,204871.0,184944.0,373.6666666666667,3
경동원,(주)경동원,사업장 1곳,기계,False,163.0,168.0,,8281.0,8652.0,,165.5,2
경방,주식회사 경방,사업장 1곳,건물,False,375.0,375.0,390.0,18160.0,18122.0,18887.0,380.0,3
경보제약,(주)경보제약,사업장 1곳,석유화학,False,284.0,278.0,280.0,12824.0,11603.0,10992.0,280.6666666666667,3
경북고속,(주)경북고속,사업장 1곳,육상 여객 운송업,False,406.0,443.0,446.0,28657.0,31288.0,31446.0,431.6666666666667,3
경북대학교,경북대학교,사업장 1곳,고등 교육기관,False,855.0,864.0,894.0,37962.0,41113.0,42418.0,871.0,3
경북대학교병원,경북대학교병원,사업장 1곳,건물,False,434.0,426.0,443.0,21112.0,20752.0,21601.0,434.3333333333333,3
경북환경에너지,경북환경에너지(주),업체,폐기물 처리업,False,184.0,,,82066.0,,,184.0,1
경산시,경산시,사업장 1곳,폐기물 처리업,False,379.0,800.0,818.0,70768.0,74974.0,62851.0,665.6666666666666,3
경산제지,경산제지 주식회사,사업장 1곳,"펄프, 종이 및 판지 제조업",False,892.0,909.0,1492.0,108161.0,107106.0,104097.0,1097.6666666666667,3
경상국립대학교,경상국립대학교,사업장 1곳,건물,False,405.0,433.0,454.0,19537.0,20967.0,21965.0,430.6666666666667,3
경상북도,경상북도,사업장 1곳,폐기물 처리업,False,388.0,426.0,354.0,48529.0,71188.0,75515.0,389.3333333333333,3
경신전선,(주)경신전선,사업장 1곳,전기전자,False,320.0,300.0,295.0,15452.0,14500.0,14278.0,305.0,3
경원여객자동차,경원여객자동차(주),사업장 2곳,육상 여객 운송업,False,758.0,792.0,770.0,44683.0,46507.0,45106.0,773.3333333333334,3
경인환경에너지,경인환경에너지 주식회사,사업장 1곳,폐기물 처리업,False,16.0,,,78186.0,,,16.0,1
경전여객자동차,경전여객자동차(주),사업장 1곳,교통(여객),False,119.0,,,8383.0,,,119.0,1
경주시,경주시,사업장 1곳,폐기물 처리업,False,633.0,682.0,681.0,89390.0,83421.0,84212.0,665.3333333333334,3
경진단조,경진단조(주),사업장 1곳,기계,False,,298.0,287.0,,14386.0,13846.0,292.5,2
경진여객운수,경진여객운수(주),사업장 1곳,육상 여객 운송업,False,349.0,373.0,372.0,20428.0,21107.0,20917.0,364.6666666666667,3
경창산업,경창산업(주),사업장 1곳,자동차,False,420.0,465.0,527.0,20150.0,22326.0,25303.0,470.6666666666667,3
고덕그린에너지,고덕그린에너지(주),사업장 1곳,전기업,False,19.0,17.0,12.0,29521.0,28909.0,21810.0,16.0,3
고덕청정에너지,고덕청정에너지주식회사,업체,발전에너지,False,,,12.0,,,79727.0,12.0,1
고려강선,고려강선(주),사업장 1곳,1차 철강 제조업,False,1365.0,1210.0,1071.0,65237.0,57778.0,50859.0,1215.3333333333333,3
고려고속훼리,고려고속훼리(주),사업장 1곳,해상 운송업,False,427.0,447.0,499.0,29682.0,31118.0,34698.0,457.6666666666667,3
고려기초소재,고려기초소재,사업장 1곳,기타 비금속 광물제품 제조업,False,436.0,352.0,403.0,25064.0,20080.0,22876.0,397.0,3
고려시멘트,주식회사 고려시멘트,업체,"시멘트, 석회, 플라스터 및 그 외 제품 제조업",False,2010.0,,,317492.0,,,2010.0,1
고려아연,고려아연 주식회사,업체,1차 비철금속 제조업,False,46574.0,44425.0,44204.0,3297707.0,3199180.0,3275801.0,45067.666666666664,3
고려용접봉,고려용접봉 주식회사,사업장 1곳,기계,False,357.0,347.0,335.0,17335.0,16869.0,16294.0,346.3333333333333,3
고려제강,고려제강(주),사업장 1곳,1차 철강 제조업,False,1761.0,1854.0,1909.0,86141.0,90621.0,93418.0,1841.3333333333333,3
고려제지,주식회사 고려제지,업체,"펄프, 종이 및 판지 제조업",False,3650.0,3748.0,2334.0,130657.0,149257.0,159112.0,3244.0,3
고려특수선재,고려특수선재(주),사업장 1곳,철강,False,453.0,461.0,437.0,21737.0,22134.0,20973.0,450.3333333333333,3
고성그린파워,고성그린파워 주식회사,업체,전기업,False,115173.0,96161.0,97321.0,10340097.0,8875485.0,8740826.0,102885.0,3
고양시,고양시,업체,폐기물 처리업,False,1185.0,1147.0,1158.0,162848.0,140051.0,141883.0,1163.3333333333333,3
공주시,공주시,사업장 1곳,폐기물,False,42.0,43.0,,16946.0,16080.0,,42.5,2
공항리무진,(주)공항리무진,사업장 1곳,육상 여객 운송업,False,,,392.0,,,27568.0,392.0,1
공항철도,공항철도(주),사업장 1곳,육상 여객 운송업,False,1208.0,1211.0,1243.0,57970.0,58108.0,59677.0,1220.6666666666667,3
과천시,과천시,사업장 1곳,폐기물,False,100.0,102.0,106.0,19106.0,14905.0,12616.0,102.66666666666667,3
광명시,광명시,사업장 1곳,폐기물 처리업,False,327.0,326.0,316.0,69857.0,67729.0,69145.0,323.0,3
광양시,광양시,사업장 1곳,폐기물 처리업,False,27.0,195.0,203.0,35256.0,45864.0,46623.0,141.66666666666666,3
광양알루미늄,광양알루미늄 주식회사,사업장 1곳,비철금속,False,,,1076.0,,,52705.0,1076.0,1
광주과학기술원,광주과학기술원,사업장 1곳,건물,False,500.0,504.0,521.0,24196.0,24365.0,24947.0,508.3333333333333,3
광주광역시,광주광역시,업체,폐기물 처리업,False,1668.0,1635.0,1570.0,176200.0,174787.0,164399.0,1624.3333333333333,3
광주광역시도시철도공사,광주광역시도시철도공사,사업장 1곳,교통(철도),False,385.0,,,18466.0,,,385.0,1
광주교통공사,광주교통공사,사업장 1곳,교통(철도),False,,403.0,396.0,,19368.0,18993.0,399.5,2
광주글로벌모터스,주식회사 광주글로벌모터스,사업장 1곳,자동차,False,,388.0,418.0,,19065.0,20466.0,403.0,2
광진산업,광진산업(주),사업장 1곳,"시멘트, 석회, 플라스터 및 그 외 제품 제조업",False,172.0,196.0,221.0,62963.0,78427.0,84549.0,196.33333333333334,3
괴산군,괴산군,사업장 1곳,폐기물,False,117.0,113.0,105.0,18461.0,18411.0,15124.0,111.66666666666667,3
구리농수산물공사,구리농수산물공사,사업장 1곳,건물,False,,364.0,361.0,,17502.0,17390.0,362.5,2
구리시,구리시,사업장 1곳,폐기물 처리업,False,926.0,544.0,1014.0,56022.0,55002.0,53157.0,828.0,3
구미그린,주식회사 구미그린,사업장 1곳,폐기물 처리업,False,,31.0,25.0,,56938.0,65747.0,28.0,2
구미시,구미시,업체,폐기물 처리업,False,1147.0,1167.0,1168.0,130569.0,148251.0,141562.0,1160.6666666666667,3
국도화학,국도화학(주),사업장 1곳,합성고무 및 플라스틱 물질 제조업,False,1963.0,2028.0,1959.0,55575.0,64136.0,64624.0,1983.3333333333333,3
국립대학법인서울대학교,국립대학법인 서울대학교,업체,고등 교육기관,False,3014.0,3108.0,3279.0,146338.0,150776.0,159014.0,3133.6666666666665,3
국립암센터,국립암센터,사업장 1곳,건물,False,435.0,435.0,446.0,20580.0,20522.0,21081.0,438.6666666666667,3
국민은행,주식회사 국민은행,업체,건물,False,1504.0,1494.0,1484.0,93481.0,92871.0,91395.0,1494.0,3
국방과학연구소,국방과학연구소,사업장 1곳,건물,False,469.0,464.0,503.0,22746.0,22491.0,24339.0,478.6666666666667,3
국일제지,국일제지(주),사업장 1곳,"펄프, 종이 및 판지 제조업",False,808.0,714.0,383.0,32845.0,31922.0,18941.0,635.0,3
국제금속,(주)국제금속,업체,비철금속,False,,293.0,282.0,,29525.0,28919.0,287.5,2
국회사무처,국회사무처,사업장 1곳,건물,False,467.0,480.0,494.0,22257.0,22871.0,23601.0,480.3333333333333,3
군산시,군산시,사업장 1곳,폐기물 처리업,False,467.0,597.0,596.0,99702.0,107270.0,108794.0,553.3333333333334,3
군포시,군포시,사업장 1곳,폐기물 처리업,False,398.0,413.0,420.0,50966.0,42825.0,43286.0,410.3333333333333,3
그린바이로,주식회사 그린바이로,사업장 1곳,지정외 폐기물처리업,False,16.0,,,74968.0,,,16.0,1
그린밸리,주식회사 그린밸리,사업장 1곳,폐기물 처리업,False,46.0,33.0,24.0,76956.0,35571.0,32346.0,34.333333333333336,3
그린스코,(주)그린스코,사업장 1곳,폐기물 처리업,False,120.0,102.0,81.0,44371.0,59323.0,62465.0,101.0,3
그린에어,그린에어 주식회사,업체,기초 화학물질 제조업,False,11993.0,12125.0,11934.0,578205.0,585121.0,573394.0,12017.333333333334,3
그린케미칼,그린케미칼 주식회사,사업장 1곳,기초 화학물질 제조업,False,1143.0,1291.0,1129.0,56357.0,56908.0,49942.0,1187.6666666666667,3
금강고속,주식회사금강고속,사업장 1곳,육상 여객 운송업,False,333.0,340.0,340.0,23041.0,23408.0,23263.0,337.6666666666667,3
금강공업,금강공업(주),사업장 1곳,비철금속,False,235.0,238.0,263.0,13663.0,13809.0,15170.0,245.33333333333334,3
금남고속,(주)금남고속,사업장 1곳,육상 여객 운송업,False,323.0,318.0,307.0,22663.0,22296.0,21535.0,316.0,3
금비,(주)금비,사업장 1곳,유리 및 유리제품 제조업,False,1160.0,1195.0,1124.0,82890.0,84439.0,75274.0,1159.6666666666667,3
금성수산,금성수산(주),사업장 1곳,수산,False,,,212.0,,,14836.0,212.0,1
금진해운,금진해운(주),사업장 1곳,교통(해운),False,252.0,221.0,240.0,18247.0,15981.0,17337.0,237.66666666666666,3
금호고속,금호고속(주),업체,육상 여객 운송업,False,127.0,126.0,100.0,6139.0,6064.0,4866.0,117.66666666666667,3
금호미쓰이화학,금호미쓰이화학 주식회사,사업장 1곳,기초 화학물질 제조업,False,1951.0,3037.0,4984.0,105205.0,170330.0,273570.0,3324.0,3
금호석유화학,금호석유화학 주식회사,업체,합성고무 및 플라스틱 물질 제조업,False,40783.0,41348.0,42560.0,3319747.0,3308643.0,3301804.0,41563.666666666664,3
금호익스프레스,금호익스프레스 주식회사,업체,육상 여객 운송업,False,1397.0,1438.0,1343.0,97270.0,100236.0,94019.0,1392.6666666666667,3
금호타이어,금호타이어(주),업체,고무제품 제조업,False,5256.0,5354.0,4135.0,257548.0,260704.0,198255.0,4915.0,3
금호폴리켐,금호폴리켐주식회사,업체,합성고무 및 플라스틱 물질 제조업,False,4904.0,5564.0,5742.0,292044.0,328101.0,330277.0,5403.333333333333,3
금호피앤비화학,금호피앤비화학 주식회사,업체,기초 화학물질 제조업,False,10903.0,10919.0,10728.0,803393.0,803074.0,768865.0,10850.0,3
기아,기아(주),업체,자동차용 엔진 및 자동차 제조업,False,14280.0,14534.0,14993.0,699068.0,709750.0,734837.0,14602.333333333334,3
기초과학연구원,기초과학연구원 ,사업장 1곳,건물,False,527.0,485.0,474.0,25326.0,22733.0,22037.0,495.3333333333333,3
김천시,김천시,사업장 1곳,"하수, 폐수 및 분뇨 처리업",False,298.0,374.0,505.0,42955.0,43214.0,42422.0,392.3333333333333,3
김천에너지서비스,김천에너지서비스주식회사,업체,"증기, 냉ㆍ온수 및 공기 조절 공급업",False,7904.0,8017.0,7777.0,681825.0,689186.0,652255.0,7899.333333333333,3
김포시,김포시,사업장 1곳,폐기물 처리업,False,573.0,602.0,608.0,66980.0,54659.0,51992.0,594.3333333333334,3
김포운수,김포운수(주),사업장 1곳,육상 여객 운송업,False,308.0,315.0,353.0,16734.0,16961.0,18773.0,325.3333333333333,3
김해시,김해시,사업장 1곳,폐기물 처리업,False,1291.0,1324.0,1190.0,129001.0,117612.0,94148.0,1268.3333333333333,3
깨끗한나라,깨끗한나라 주식회사,업체,"펄프, 종이 및 판지 제조업",False,4343.0,4353.0,4003.0,340694.0,332386.0,302344.0,4233.0,3
나래에너지서비스,나래에너지서비스 주식회사,업체,"증기, 냉ㆍ온수 및 공기 조절 공급업",False,30787.0,36262.0,34737.0,1546862.0,1822245.0,1742211.0,33928.666666666664,3
나투라페이퍼,나투라페이퍼 주식회사,업체,"펄프, 종이 및 판지 제조업",False,1230.0,1215.0,1182.0,167768.0,165385.0,166269.0,1209.0,3
남강제지,남강제지(주),사업장 1곳,"펄프, 종이 및 판지 제조업",False,230.0,223.0,227.0,27040.0,25510.0,27203.0,226.66666666666666,3
남성버스,주식회사 남성버스,사업장 1곳,교통(여객),False,308.0,297.0,297.0,16395.0,15804.0,15781.0,300.6666666666667,3
남양금속,남양금속주식회사,사업장 1곳,"구조용 금속제품, 탱크 및 증기발생기 제조업",False,1797.0,1811.0,1694.0,96857.0,97314.0,90565.0,1767.3333333333333,3
남양유업,남양유업(주),사업장 1곳,낙농제품 및 식용 빙과류 제조업,False,1879.0,1864.0,1666.0,80029.0,80101.0,69833.0,1803.0,3
남양주시,남양주시,업체,폐기물,False,1091.0,1065.0,1088.0,76672.0,78397.0,75273.0,1081.3333333333333,3
남해고속,(주)남해고속,사업장 1곳,교통(해운),False,338.0,338.0,338.0,23780.0,23741.0,23783.0,338.0,3
남해화학,남해화학(주),사업장 1곳,"비료, 농약 및 살균ㆍ살충제 제조업",False,1240.0,965.0,1123.0,75805.0,65183.0,72555.0,1109.3333333333333,3
남해환경,(유)남해환경,사업장 1곳,폐기물 처리업,False,196.0,178.0,187.0,29884.0,27986.0,32193.0,187.0,3
내포그린에너지,내포그린에너지(주),사업장 1곳,"증기, 냉ㆍ온수 및 공기 조절 공급업",False,13982.0,20617.0,21535.0,699331.0,1033275.0,1079416.0,18711.333333333332,3
네오오토,(주)네오오토,사업장 1곳,자동차,False,348.0,350.0,344.0,16828.0,16901.0,16645.0,347.3333333333333,3
네이버,네이버 주식회사,사업장 1곳,"자료 처리, 호스팅, 포털 및 기타 인터넷 정보 매개 서비스업",False,1866.0,2531.0,3155.0,89530.0,121187.0,151019.0,2517.3333333333335,3
네이처이앤티,네이처이앤티(주),업체,폐기물 처리업,False,323.0,438.0,422.0,204996.0,198107.0,200547.0,394.3333333333333,3
네이처이앤티경주,(주)네이처이앤티경주,사업장 1곳,지정외 폐기물처리업 등,False,,5.0,5.0,,30830.0,33461.0,5.0,2
네패스,(주)네패스,사업장 1곳,반도체,False,351.0,326.0,302.0,17017.0,15802.0,14650.0,326.3333333333333,3
네패스라웨,주식회사 네패스 라웨,사업장 1곳,반도체,False,,129.0,,,6237.0,,129.0,1
넥센,(주)넥센,사업장 1곳,석유화학,False,362.0,357.0,344.0,17806.0,17306.0,13768.0,354.3333333333333,3
넥센타이어,넥센타이어(주),업체,고무제품 제조업,False,4334.0,4447.0,4420.0,215924.0,221463.0,219667.0,4400.333333333333,3
넥스틸,넥스틸(주),사업장 1곳,철강,False,,,433.0,,,20752.0,433.0,1
노벨리스코리아,노벨리스코리아 주식회사,업체,1차 비철금속 제조업,False,5652.0,5978.0,6021.0,281811.0,294783.0,296887.0,5883.666666666667,3
노을그린에너지,노을그린에너지 주식회사,사업장 1곳,전기업,False,4.0,15.0,16.0,21018.0,76387.0,78874.0,11.666666666666666,3
녹수,주식회사 녹수,사업장 1곳,석유화학,False,516.0,581.0,318.0,25614.0,28682.0,15824.0,471.6666666666667,3
녹십자,녹십자,사업장 1곳,의약품 제조업,False,1593.0,1650.0,1629.0,64802.0,64761.0,62706.0,1624.0,3
논산시,논산시,사업장 1곳,폐기물,False,94.0,85.0,82.0,26266.0,21911.0,22022.0,87.0,3
농심,주식회사 농심,업체,기타 식품 제조업,False,3623.0,3771.0,3728.0,183130.0,189047.0,186160.0,3707.3333333333335,3
농협물류,(주)농협물류,사업장 1곳,도로 화물 운송업,False,434.0,433.0,432.0,30046.0,29600.0,29641.0,433.0,3
농협사료,(주)농협사료,업체,식료품 제조업,False,1829.0,1791.0,1746.0,88898.0,87275.0,85090.0,1788.6666666666667,3
농협은행,농협은행 주식회사,업체,건물,False,1421.0,1386.0,1468.0,94231.0,91650.0,89559.0,1425.0,3
뉴그린,주식회사 뉴그린,업체,폐기물 처리업,False,230.0,242.0,231.0,110785.0,104518.0,107297.0,234.33333333333334,3
능원금속공업,능원금속공업 주식회사,사업장 1곳,1차 비철금속 제조업,False,474.0,483.0,478.0,22988.0,23499.0,23185.0,478.3333333333333,3
다나에너지솔루션,(주)다나에너지솔루션,사업장 1곳,폐기물 처리업,False,189.0,222.0,253.0,61594.0,58590.0,63255.0,221.33333333333334,3
단일가스켐,단일가스켐(주),사업장 1곳,석유화학,False,,885.0,880.0,,43395.0,43006.0,882.5,2
담우물산,담우물산(주),사업장 1곳,"시멘트, 석회, 플라스터 및 그 외 제품 제조업",False,194.0,203.0,205.0,60182.0,63424.0,64083.0,200.66666666666666,3
당진시자원순환센터,당진시 자원순환센터,사업장 1곳,지정외 폐기물처리업 등,False,93.0,,,13541.0,,,93.0,1
대구광역시,대구광역시,업체,폐기물 처리업,False,4941.0,4905.0,5229.0,471453.0,474138.0,447413.0,5025.0,3
대구교통공사,대구교통공사,사업장 1곳,육상 여객 운송업,False,2045.0,2053.0,2106.0,98011.0,98437.0,100991.0,2068.0,3
대구그린파워,대구그린파워(주),업체,"증기, 냉ㆍ온수 및 공기 조절 공급업",False,12594.0,13158.0,11018.0,633469.0,661138.0,553808.0,12256.666666666666,3
대구염색산업단지관리공단,대구염색산업단지관리공단,업체,"증기, 냉ㆍ온수 및 공기 조절 공급업",False,6947.0,7033.0,6527.0,610371.0,620336.0,575691.0,6835.666666666667,3
대구텍,대구텍 유한책임회사,사업장 1곳,1차 비철금속 제조업,True,,,1034.0,,,49968.0,1034.0,1
대농,(주)대농,사업장 1곳,섬유,False,207.0,79.0,38.0,9955.0,3811.0,1869.0,108.0,3
대덕전자,대덕전자 주식회사,사업장 1곳,전자 부품 제조업,False,2808.0,2848.0,3091.0,137216.0,136647.0,147873.0,2915.6666666666665,3
대동금속,대동금속(주),사업장 1곳,금속 주조업,False,763.0,609.0,632.0,39699.0,31710.0,32840.0,668.0,3
대동기어,대동기어(주),사업장 1곳,기계,False,,,313.0,,,15216.0,313.0,1
대동산업,대동산업주식회사,사업장 1곳,"내화, 비내화 요업제품 제조업",False,383.0,306.0,82.0,23757.0,19056.0,5026.0,257.0,3
대동세라믹,(주)대동세라믹,사업장 1곳,"내화, 비내화 요업제품 제조업",False,624.0,677.0,326.0,34712.0,36887.0,18064.0,542.3333333333334,3
대륜발전,주식회사 대륜발전,업체,"증기, 냉ㆍ온수 및 공기 조절 공급업",False,13253.0,13051.0,13362.0,668733.0,658637.0,674413.0,13222.0,3
대림제지,(주)대림제지,사업장 1곳,"펄프, 종이 및 판지 제조업",False,1650.0,1675.0,1196.0,108392.0,109561.0,111224.0,1507.0,3
대상,대상 주식회사,업체,"곡물 가공품, 전분 및 전분제품 제조업",False,9437.0,10078.0,9600.0,432367.0,430747.0,416987.0,9705.0,3
대성라임켐,대성라임켐 주식회사,업체,"시멘트, 석회, 플라스터 및 그 외 제품 제조업",False,,,558.0,,,149839.0,558.0,1
대성에코에너지센터,(주)대성에코에너지센터,업체,지정외 폐기물처리업,False,,,410.0,,,131682.0,410.0,1
대성엠디아이,대성엠디아이(주),사업장 1곳,"시멘트, 석회, 플라스터 및 그 외 제품 제조업",False,809.0,822.0,,164999.0,164740.0,,815.5,2
대성지엠텍,대성지엠텍(주),업체,"시멘트, 석회, 플라스터 및 그 외 제품 제조업",False,346.0,293.0,317.0,130338.0,112249.0,119669.0,318.6666666666667,3
대신염직공업,대신염직공업(주),사업장 1곳,섬유,False,202.0,,,12234.0,,,202.0,1
대신정기화물자동차,대신정기화물자동차(주),사업장 1곳,도로 화물 운송업,False,663.0,658.0,646.0,46588.0,46233.0,45391.0,655.6666666666666,3
대양금속,(주)대양금속,사업장 1곳,기계,False,386.0,395.0,383.0,19503.0,19950.0,19309.0,388.0,3
대양제지공업,대양제지공업(주),업체,"펄프, 종이 및 판지 제조업",False,779.0,844.0,805.0,66299.0,72126.0,68808.0,809.3333333333334,3
대양해운,대양해운(주),사업장 1곳,교통(해운),False,,,258.0,,,18325.0,258.0,1
대용산업,대용산업,사업장 1곳,기계,False,371.0,330.0,408.0,18011.0,16021.0,19806.0,369.6666666666667,3
대우건설,(주)대우건설,업체,건설,False,1200.0,1259.0,1161.0,58077.0,61064.0,55797.0,1206.6666666666667,3
대욱케스트,(주)대욱케스트,사업장 1곳,철강,False,290.0,289.0,304.0,15631.0,15522.0,16674.0,294.3333333333333,3
대웅제약,(주)대웅제약,사업장 1곳,석유화학,False,,424.0,478.0,,20586.0,23211.0,451.0,2
대원강업,대원강업(주),사업장 1곳,자동차 신품 부품 제조업,False,1007.0,972.0,930.0,49563.0,48056.0,46295.0,969.6666666666666,3
대원고속,(주)대원고속,업체,육상 여객 운송업,False,1955.0,1920.0,1825.0,121483.0,117728.0,110658.0,1900.0,3
대원농산,(주)대원농산,사업장 1곳,폐기물,False,132.0,127.0,138.0,20377.0,20027.0,7411.0,132.33333333333334,3
대원버스,(주)대원버스,사업장 1곳,육상 여객 운송업,False,580.0,583.0,569.0,33931.0,33811.0,32401.0,577.3333333333334,3
대원알텍,대원알텍 주식회사,사업장 1곳,자동차 신품 부품 제조업,False,,753.0,828.0,,36825.0,40500.0,790.5,2
대원여객,(주)대원여객,사업장 1곳,교통(여객),False,317.0,313.0,316.0,16542.0,16290.0,16421.0,315.3333333333333,3
대원운수,(주)대원운수,사업장 1곳,육상 여객 운송업,False,589.0,596.0,584.0,35334.0,35606.0,34327.0,589.6666666666666,3
대원화성,대원화성(주),사업장 1곳,석유화학,False,204.0,163.0,189.0,11416.0,9140.0,10694.0,185.33333333333334,3
대유글로벌,주식회사 대유글로벌,사업장 1곳,자동차 신품 부품 제조업,False,740.0,,,36187.0,,,740.0,1
대유코아,(주)대유코아,사업장 1곳,"시멘트, 석회, 플라스터 및 그 외 제품 제조업",False,781.0,736.0,733.0,111888.0,96217.0,92417.0,750.0,3
대일개발,대일개발 주식회사,사업장 1곳,폐기물 처리업,False,154.0,155.0,167.0,54209.0,55847.0,102114.0,158.66666666666666,3
대전광역시,대전광역시,업체,폐기물 처리업,False,3104.0,3059.0,2933.0,367886.0,362486.0,335060.0,3032.0,3
대전교통공사,대전교통공사,사업장 1곳,교통(철도),False,378.0,396.0,410.0,18492.0,19440.0,20057.0,394.6666666666667,3
대전신세계,주식회사 대전신세계,사업장 1곳,건물,False,460.0,454.0,452.0,22161.0,21912.0,21784.0,455.3333333333333,3
대전열병합발전,대전열병합발전주식회사,업체,"증기, 냉ㆍ온수 및 공기 조절 공급업",False,3108.0,2718.0,2964.0,155711.0,133814.0,150012.0,2930.0,3
대전충남양돈농협포크빌축산물공판장,대전충남양돈농협 포크빌축산물공판장,사업장 1곳,식료품 제조업,False,331.0,329.0,327.0,16100.0,15999.0,15925.0,329.0,3
대창,주식회사 대창,사업장 1곳,1차 비철금속 제조업,False,654.0,617.0,615.0,31844.0,30155.0,29512.0,628.6666666666666,3
대창단조,대창단조(주),사업장 1곳,기계,False,230.0,186.0,,11116.0,9015.0,,208.0,2
대창운수,대창운수(주),사업장 1곳,육상 여객 운송업,False,427.0,423.0,427.0,22778.0,22580.0,22756.0,425.6666666666667,3
대천텍스타일,(주)대천텍스타일,사업장 1곳,섬유,False,242.0,233.0,274.0,16178.0,15547.0,18174.0,249.66666666666666,3
대한광통신,대한광통신 주식회사,사업장 1곳,전기전자,False,385.0,163.0,144.0,18566.0,7941.0,7060.0,230.66666666666666,3
대한방직,대한방직(주),사업장 1곳,"섬유제품 염색, 정리 및 마무리 가공업",False,418.0,442.0,434.0,26539.0,28193.0,28076.0,431.3333333333333,3
대한사료,대한사료(주),사업장 1곳,식료품 제조업,False,254.0,232.0,,12429.0,11356.0,,243.0,2
대한석탄공사,대한석탄공사,업체,석탄 광업,False,678.0,558.0,181.0,108520.0,61027.0,12433.0,472.3333333333333,3
대한세라믹스,주식회사 대한세라믹스,사업장 1곳,"내화, 비내화 요업제품 제조업",False,729.0,601.0,469.0,39660.0,33095.0,25466.0,599.6666666666666,3
대한소결금속,대한소결금속(주),사업장 1곳,자동차,False,392.0,395.0,393.0,19210.0,19361.0,19270.0,393.3333333333333,3
대한슬래그,대한슬래그 주식회사,사업장 1곳,기타 비금속 광물제품 제조업,False,617.0,543.0,470.0,34046.0,29988.0,25771.0,543.3333333333334,3
대한시멘트,대한시멘트주식회사,사업장 1곳,"시멘트, 석회, 플라스터 및 그 외 제품 제조업",False,1154.0,1013.0,861.0,63504.0,55732.0,47095.0,1009.3333333333334,3
대한약품공업,대한약품공업(주),사업장 1곳,석유화학,False,434.0,443.0,450.0,25733.0,26254.0,26469.0,442.3333333333333,3
대한유화,대한유화 주식회사,업체,기초 화학물질 제조업,False,33790.0,34203.0,34844.0,1663032.0,1697905.0,1715677.0,34279.0,3
대한전선,대한전선 주식회사,사업장 1곳,절연선 및 케이블 제조업,False,906.0,968.0,996.0,44892.0,48101.0,49916.0,956.6666666666666,3
대한제강,대한제강(주),업체,1차 철강 제조업,False,5618.0,5419.0,6080.0,313245.0,298667.0,338935.0,5705.666666666667,3
대한제당,대한제당 주식회사,사업장 1곳,기타 식품 제조업,False,1282.0,1272.0,1234.0,64235.0,63721.0,61813.0,1262.6666666666667,3
대한제분,대한제분(주),사업장 1곳,식료품 제조업,False,436.0,454.0,446.0,20921.0,21785.0,21386.0,445.3333333333333,3
대한제지,대한제지주식회사,업체,"펄프, 종이 및 판지 제조업",False,2483.0,2391.0,2298.0,202055.0,201421.0,208911.0,2390.6666666666665,3
대한조선,대한조선주식회사,사업장 1곳,선박 및 보트 건조업,False,392.0,1064.0,950.0,24100.0,67444.0,56866.0,802.0,3
대한항공,대한항공,업체,항공 여객 운송업,False,6355.0,6505.0,7010.0,416509.0,425062.0,459700.0,6623.333333333333,3
대한화섬,대한화섬(주),사업장 1곳,화학섬유 제조업,False,1088.0,1033.0,940.0,50616.0,47098.0,42870.0,1020.3333333333334,3
대호에이엘,주식회사 대호에이엘,사업장 1곳,1차 비철금속 제조업,False,612.0,529.0,565.0,30266.0,26366.0,29418.0,568.6666666666666,3
대호특수강,(주)대호특수강,사업장 1곳,철강,False,763.0,806.0,798.0,38145.0,40263.0,39932.0,789.0,3
대화제지,(주)대화제지,사업장 1곳,"펄프, 종이 및 판지 제조업",False,6.0,,,349.0,,,6.0,1
더블유스코프코리아,더블유스코프코리아(주),사업장 1곳,석유화학,False,1024.0,900.0,644.0,26317.0,22707.0,15907.0,856.0,3
더블유씨피,더블유씨피 주식회사,사업장 1곳,플라스틱 제품 제조업,False,1836.0,2086.0,1641.0,88429.0,96802.0,75571.0,1854.3333333333333,3
더블유티씨서울,주식회사 더블유티씨서울,사업장 1곳,부동산 임대 및 공급업,False,1158.0,1195.0,1180.0,56136.0,58002.0,57204.0,1177.6666666666667,3
덕양에너젠,주식회사 덕양에너젠,업체,기초 화학물질 제조업,False,602.0,662.0,631.0,29057.0,32041.0,30511.0,631.6666666666666,3
도레이배터리세퍼레이터필름한국,도레이배터리세퍼레이터필름 한국유한회사,사업장 1곳,일차전지 및 축전지 제조업,False,2376.0,2071.0,1359.0,116512.0,101441.0,66621.0,1935.3333333333333,3
도레이비에스에프코팅한국,도레이비에스에프코팅한국 유한회사,사업장 1곳,일차전지 및 축전지 제조업,False,536.0,458.0,294.0,117265.0,86241.0,74985.0,429.3333333333333,3
도레이첨단소재,도레이첨단소재 주식회사,업체,합성고무 및 플라스틱 물질 제조업,False,12578.0,12138.0,11611.0,626486.0,602557.0,576710.0,12109.0,3
도명특송,도명특송(주),사업장 1곳,도로 화물 운송업,False,278.0,296.0,277.0,19598.0,20832.0,19508.0,283.6666666666667,3
동광화학,(주)동광화학,사업장 1곳,석유화학,False,484.0,527.0,539.0,23472.0,25455.0,26002.0,516.6666666666666,3
동국산업,동국산업(주),사업장 1곳,1차 철강 제조업,False,763.0,840.0,881.0,37613.0,41354.0,43354.0,828.0,3
동국씨엠,동국씨엠 주식회사,업체,1차 철강 제조업,False,6151.0,6267.0,6033.0,284620.0,287890.0,276861.0,6150.333333333333,3
동국제강,동국제강 주식회사,업체,1차 철강 제조업,False,25541.0,22387.0,20656.0,1490788.0,1297673.0,1193870.0,22861.333333333332,3
동국홀딩스,동국홀딩스 주식회사,업체,부동산 임대 및 공급업,False,15.0,14.0,12.0,779.0,762.0,654.0,13.666666666666666,3
동남,(주)동남,사업장 1곳,1차 비철금속 제조업,False,878.0,837.0,846.0,56406.0,53758.0,54189.0,853.6666666666666,3
동두천드림파워,동두천드림파워,업체,전기업,False,59458.0,56502.0,52187.0,2993126.0,2843691.0,2614522.0,56049.0,3
동방,(주)동방,사업장 1곳,도로 화물 운송업,False,866.0,842.0,775.0,59299.0,57667.0,53060.0,827.6666666666666,3
동부고속,주식회사 동부고속,사업장 1곳,교통(여객),False,333.0,321.0,310.0,22747.0,21853.0,21045.0,321.3333333333333,3
동서기공,(주)동서기공,사업장 1곳,자동차 신품 부품 제조업,False,961.0,1045.0,926.0,46531.0,50632.0,44762.0,977.3333333333334,3
동서석유화학,동서석유화학 주식회사,업체,기초 화학물질 제조업,False,2088.0,1953.0,2575.0,363121.0,334298.0,403359.0,2205.3333333333335,3
동서식품,동서식품(주),사업장 1곳,기타 식품 제조업,False,2621.0,2604.0,2492.0,120429.0,119966.0,115040.0,2572.3333333333335,3
동서페더럴모굴,동서페더럴모굴(주),사업장 1곳,자동차,False,396.0,377.0,372.0,19527.0,18570.0,18275.0,381.6666666666667,3
동성교통,동성교통(주),사업장 1곳,교통(여객),False,281.0,282.0,289.0,14868.0,14904.0,15251.0,284.0,3
동성케미컬,주식회사 동성케미컬,사업장 1곳,기초 화학물질 제조업,False,624.0,535.0,570.0,32141.0,27046.0,28645.0,576.3333333333334,3
동성화물자동차,동성화물자동차(주),사업장 1곳,교통(화물),False,211.0,196.0,185.0,14890.0,13798.0,13046.0,197.33333333333334,3
동성화학공업,동성화학공업(주),사업장 1곳,석유화학,False,233.0,237.0,244.0,11435.0,11609.0,11975.0,238.0,3
동신포리마,(주)동신포리마,사업장 1곳,플라스틱 제품 제조업,False,689.0,765.0,873.0,33644.0,37349.0,43481.0,775.6666666666666,3
동아,주식회사 동아,사업장 1곳,기계,False,437.0,356.0,354.0,21122.0,17198.0,17136.0,382.3333333333333,3
동아에코팩,동아에코팩 주식회사,사업장 1곳,유리,False,,,511.0,,,26797.0,511.0,1
동아운수,동아운수(주),사업장 1곳,교통(여객),False,307.0,297.0,301.0,16296.0,15685.0,15823.0,301.6666666666667,3
동양고속,(주)동양고속,사업장 1곳,육상 여객 운송업,False,765.0,762.0,746.0,54429.0,53374.0,52309.0,757.6666666666666,3
동양산업,동양산업(주),사업장 1곳,자동차,False,304.0,307.0,,14643.0,14751.0,,305.5,2
동양산업성산지점,동양산업(주) 성산지점,사업장 1곳,자동차,False,304.0,,,14643.0,,,304.0,1
동양피스톤,동양피스톤(주),사업장 1곳,자동차 신품 부품 제조업,False,551.0,554.0,,26794.0,26919.0,,552.5,2
동양환경,(주)동양환경,업체,폐기물 처리업,False,833.0,664.0,327.0,223315.0,239750.0,153636.0,608.0,3
동우팜투테이블,(주)동우팜투테이블,사업장 1곳,식료품 제조업,False,302.0,292.0,295.0,14996.0,14515.0,14637.0,296.3333333333333,3
동우화인켐,동우화인켐주식회사,업체,사진장비 및 광학 기기 제조업,False,5506.0,5266.0,5413.0,308750.0,330980.0,328296.0,5395.0,3
동원로엑스,동원로엑스(주),사업장 1곳,도로 화물 운송업,False,890.0,900.0,936.0,54923.0,55333.0,57887.0,908.6666666666666,3
동원산업,동원산업(주),사업장 1곳,수산,False,,99.0,,,6769.0,,99.0,1
동원시스템즈,동원시스템즈(주),업체,유리 및 유리제품 제조업,False,4573.0,4458.0,4454.0,261349.0,264278.0,245659.0,4495.0,3
동원에프비,(주)동원F&B,업체,식료품 제조업,False,1761.0,1832.0,1894.0,81061.0,84156.0,87410.0,1829.0,3
동원페이퍼,동원페이퍼(주),사업장 1곳,"펄프, 종이 및 판지 제조업",False,1452.0,1508.0,1470.0,98474.0,105488.0,94318.0,1476.6666666666667,3
동은단조,동은단조(주),사업장 1곳,자동차,False,723.0,717.0,410.0,34912.0,34576.0,19734.0,616.6666666666666,3
동일산업,동일산업주식회사,업체,1차 철강 제조업,False,3053.0,2822.0,1803.0,251779.0,231725.0,145901.0,2559.3333333333335,3
동일알루미늄,동일알루미늄(주),사업장 1곳,비철금속,False,404.0,,,19456.0,,,404.0,1
동일제강,동일제강(주),사업장 1곳,철강,False,443.0,347.0,319.0,23803.0,18515.0,16911.0,369.6666666666667,3
동일팩키지,동일팩키지(주),사업장 1곳,"펄프, 종이 및 판지 제조업",False,412.0,409.0,443.0,48702.0,47189.0,51020.0,421.3333333333333,3
동진쎄미켐,(주)동진쎄미켐,사업장 1곳,석유화학,False,496.0,567.0,606.0,24366.0,27662.0,29560.0,556.3333333333334,3
동해시,동해시,사업장 1곳,폐기물,False,7.0,8.0,8.0,20090.0,18802.0,17349.0,7.666666666666667,3
동호칼슘,동호칼슘(주),사업장 1곳,석유화학,False,,284.0,273.0,,18229.0,17789.0,278.5,2
동화기업,동화기업(주),사업장 1곳,나무제품 제조업,False,2823.0,2700.0,2242.0,144231.0,138621.0,111710.0,2588.3333333333335,3
동화지앤피,동화지앤피 주식회사,사업장 1곳,유리,False,339.0,343.0,346.0,21788.0,22290.0,22491.0,342.6666666666667,3
동희오토,동희오토(주),사업장 1곳,자동차용 엔진 및 자동차 제조업,False,813.0,827.0,815.0,40414.0,40971.0,40398.0,818.3333333333334,3
두산,(주)두산,업체,전기전자,False,1105.0,1102.0,1210.0,55566.0,55371.0,61495.0,1139.0,3
두산에너빌리티,두산에너빌리티(주),업체,1차 철강 제조업,False,4679.0,4498.0,4296.0,246289.0,235252.0,225464.0,4491.0,3
두산테스나,(주)두산테스나,사업장 1곳,반도체,False,596.0,1227.0,1113.0,28533.0,58757.0,53336.0,978.6666666666666,3
두원중공업,두원중공업(주),사업장 1곳,일반 목적용 기계 제조업,False,509.0,497.0,493.0,24728.0,23166.0,23025.0,499.6666666666667,3
디비메탈,주식회사 디비메탈,업체,1차 철강 제조업,False,6269.0,2130.0,,547624.0,180424.0,,4199.5,2
디비월드,주식회사 디비월드,업체,1차 철강 제조업,False,,,1680.0,,,150211.0,1680.0,1
디비하이텍,주식회사 디비하이텍 ,업체,반도체 제조업,False,3956.0,4069.0,4256.0,271448.0,278302.0,306865.0,4093.6666666666665,3
디아이동일,디아이동일 주식회사,사업장 1곳,비철금속,False,,396.0,386.0,,19058.0,18594.0,391.0,2
디아이지에어가스,디아이지에어가스 주식회사,업체,기초 화학물질 제조업,False,17231.0,17586.0,17751.0,827109.0,844157.0,852429.0,17522.666666666668,3
디알액시온,(주)디알액시온,사업장 1곳,비철금속,False,263.0,233.0,308.0,12929.0,11424.0,15143.0,268.0,3
디앤오,주식회사 디앤오,사업장 1곳,건물,False,339.0,346.0,352.0,16604.0,16937.0,17259.0,345.6666666666667,3
디에스단석,주식회사 디에스단석,사업장 1곳,1차 비철금속 제조업,False,1568.0,1599.0,1489.0,80850.0,86023.0,79136.0,1552.0,3
디에스파워,디에스파워 주식회사,업체,"증기, 냉ㆍ온수 및 공기 조절 공급업",False,20924.0,19769.0,20269.0,1053003.0,994942.0,1013891.0,20320.666666666668,3
디에이피,(주)디에이피,사업장 1곳,전자 부품 제조업,False,1637.0,1613.0,1630.0,78957.0,77814.0,78630.0,1626.6666666666667,3
디엔오토모티브,주식회사 디엔 오토모티브,사업장 1곳,전기전자,False,386.0,447.0,1392.0,18582.0,21476.0,68097.0,741.6666666666666,3
디엘,디엘 주식회사,업체,합성고무 및 플라스틱 물질 제조업,False,1.0,0.0,0.0,55.0,39.0,62.0,0.3333333333333333,3
디엘건설,디엘건설(주),사업장 1곳,건설,False,,525.0,370.0,,28938.0,19988.0,447.5,2
디엘모터스,디엘모터스(주),사업장 1곳,자동차 신품 부품 제조업,False,1142.0,1040.0,1006.0,55632.0,50711.0,49090.0,1062.6666666666667,3
디엘에프엔씨,디엘에프엔씨 주식회사,사업장 1곳,플라스틱 제품 제조업,False,438.0,472.0,453.0,21155.0,22822.0,21898.0,454.3333333333333,3
디엘이앤씨,디엘이앤씨(주),업체,건설,False,1048.0,1015.0,992.0,55085.0,53238.0,52161.0,1018.3333333333334,3
디엘케미칼,디엘케미칼 주식회사,업체,합성고무 및 플라스틱 물질 제조업,False,4191.0,4532.0,3928.0,216120.0,236065.0,206086.0,4217.0,3
디와이피,디와이피(주),사업장 1곳,자동차 신품 부품 제조업,False,,,534.0,,,25906.0,534.0,1
디케이동신,디케이동신(주),사업장 1곳,1차 철강 제조업,False,492.0,508.0,598.0,26158.0,27447.0,32542.0,532.6666666666666,3
디케이씨,(주)디케이씨,사업장 1곳,철강,False,389.0,344.0,353.0,19341.0,17114.0,17533.0,362.0,3
람정제주개발,람정제주개발 주식회사,사업장 1곳,일반 및 생활 숙박시설 운영업,False,833.0,,,42068.0,,,833.0,1
로옴코리아,(주)로옴코리아,사업장 1곳,반도체,False,321.0,308.0,320.0,15399.0,14770.0,15349.0,316.3333333333333,3
롯데건설,롯데건설(주),사업장 1곳,건설,False,,1031.0,1020.0,,52420.0,51121.0,1025.5,2
롯데관광개발,롯데관광개발 주식회사,사업장 1곳,일반 및 생활 숙박시설 운영업,False,656.0,666.0,701.0,31890.0,32367.0,34593.0,674.3333333333334,3
롯데글로벌로지스,롯데글로벌로지스(주),사업장 1곳,도로 화물 운송업,False,1218.0,1166.0,1222.0,62751.0,60296.0,62920.0,1202.0,3
롯데네슬레코리아,롯데네슬레코리아(주),사업장 1곳,기타 식품 제조업,False,835.0,617.0,601.0,28007.0,29848.0,29677.0,684.3333333333334,3
롯데물산,롯데물산(주),사업장 1곳,부동산 임대 및 공급업,False,754.0,773.0,769.0,37879.0,40273.0,39834.0,765.3333333333334,3
롯데베르살리스엘라스토머스,롯데베르살리스엘라스토머스(주),사업장 1곳,합성고무 및 플라스틱 물질 제조업,False,2512.0,2715.0,3030.0,131514.0,143286.0,158410.0,2752.3333333333335,3
롯데쇼핑,롯데쇼핑 주식회사,업체,종합 소매업,False,14429.0,14600.0,14369.0,709694.0,717398.0,705211.0,14466.0,3
롯데알미늄,롯데알미늄 주식회사,사업장 1곳,기타 금속 가공제품 제조업,False,1376.0,,,69531.0,,,1376.0,1
롯데에너지머티리얼즈,롯데에너지머티리얼즈(주),사업장 1곳,전자 부품 제조업,False,2336.0,2153.0,1734.0,107995.0,98944.0,78928.0,2074.3333333333335,3
롯데엠시시,롯데엠시시 주식회사,업체,기초 화학물질 제조업,False,2737.0,2777.0,2581.0,285846.0,285111.0,266795.0,2698.3333333333335,3
롯데웰푸드,롯데웰푸드(주),업체,기타 식품 제조업,False,4186.0,4235.0,4227.0,205393.0,206189.0,207034.0,4216.0,3
롯데이네오스화학,롯데이네오스화학 주식회사,업체,기초 화학물질 제조업,False,3527.0,3472.0,3366.0,249027.0,250209.0,256844.0,3455.0,3
롯데이노베이트, 롯데이노베이트(주),사업장 1곳,"컴퓨터 프로그래밍, 시스템 통합 및 관리업",False,,2514.0,2578.0,,120487.0,123522.0,2546.0,2
롯데정밀화학,롯데정밀화학 주식회사,업체,기초 화학물질 제조업,False,16090.0,15626.0,15383.0,697615.0,677663.0,667013.0,15699.666666666666,3
롯데정보통신,롯데정보통신(주),사업장 1곳,"컴퓨터 프로그래밍, 시스템 통합 및 관리업",False,2440.0,,,116877.0,,,2440.0,1
롯데지에스화학,롯데지에스화학주식회사,업체,석유화학,False,,1959.0,5538.0,,126466.0,414044.0,3748.5,2
롯데칠성음료,롯데칠성음료 주식회사,업체,비알코올 음료 및 얼음 제조업,False,2920.0,2923.0,2800.0,155177.0,155782.0,145314.0,2881.0,3
롯데컬처웍스,롯데컬처웍스 주식회사,업체,건물,False,1093.0,1000.0,952.0,54758.0,49958.0,47467.0,1015.0,3
롯데케미칼,롯데케미칼 주식회사,업체,기초 화학물질 제조업,False,110395.0,113070.0,94328.0,6158540.0,5902878.0,5372049.0,105931.0,3
롯데패키징솔루션즈,롯데패키징솔루션즈 주식회사,업체,기계,False,,1034.0,969.0,,54112.0,50364.0,1001.5,2
르노코리아,르노코리아 주식회사,사업장 1곳,자동차용 엔진 및 자동차 제조업,False,,1369.0,1274.0,,65292.0,60365.0,1321.5,2
르노코리아자동차,르노코리아자동차(주),사업장 1곳,자동차용 엔진 및 자동차 제조업,False,1269.0,,,59941.0,,,1269.0,1
리뉴랜드경주,리뉴랜드경주 주식회사,업체,폐기물 처리업,False,30.0,31.0,25.0,129260.0,111733.0,100519.0,28.666666666666668,3
리뉴에너지경기,리뉴에너지경기 주식회사,사업장 1곳,폐기물 처리업,False,323.0,90.0,98.0,70600.0,56518.0,51085.0,170.33333333333334,3
리뉴에너지경북,리뉴에너지경북 주식회사,사업장 1곳,폐기물 처리업,False,184.0,205.0,161.0,82066.0,70426.0,76011.0,183.33333333333334,3
리뉴에너지경인, 리뉴에너지경인 주식회사,사업장 1곳,폐기물 처리업,False,,12.0,102.0,,51427.0,51995.0,57.0,2
리뉴에너지그린,리뉴에너지그린 주식회사,사업장 1곳,폐기물 처리업,False,44.0,40.0,38.0,70929.0,53590.0,62069.0,40.666666666666664,3
리뉴에너지대원,리뉴에너지대원 주식회사,사업장 1곳,폐기물 처리업,False,400.0,378.0,433.0,62241.0,67197.0,56508.0,403.6666666666667,3
리뉴에너지새한,리뉴에너지새한 주식회사,사업장 1곳,폐기물 처리업,False,166.0,135.0,149.0,92214.0,82836.0,70450.0,150.0,3
리뉴에너지충북,리뉴에너지충북(주),업체,폐기물 처리업,False,221.0,211.0,217.0,225259.0,191548.0,275278.0,216.33333333333334,3
리뉴에너지충청,리뉴에너지충청(주),사업장 1곳,폐기물 처리업,False,107.0,126.0,129.0,68421.0,58486.0,63747.0,120.66666666666667,3
린데코리아,린데코리아 주식회사,업체,기초 화학물질 제조업,False,18745.0,18818.0,18813.0,929793.0,938587.0,943505.0,18792.0,3
마이크로소프트5673코리아,마이크로소프트5673코리아 유한책임회사,사업장 1곳,"자료 처리, 호스팅, 포털 및 기타 인터넷 정보 매개 서비스업",False,1169.0,1309.0,2220.0,56002.0,62662.0,106307.0,1566.0,3
마이크로웍스,마이크로웍스 주식회사,업체,플라스틱 제품 제조업,False,,,3715.0,,,181901.0,3715.0,1
마이크로웍스솔루션즈,마이크로웍스솔루션즈 주식회사,사업장 1곳,플라스틱 제품 제조업,False,,,729.0,,,37964.0,729.0,1
만호제강,만호제강(주),사업장 1곳,1차 철강 제조업,False,761.0,700.0,669.0,37251.0,34404.0,32838.0,710.0,3
매그나칩반도체,매그나칩반도체(유),업체,반도체 제조업,False,1399.0,1394.0,1361.0,87962.0,82292.0,80849.0,1384.6666666666667,3
매일유업,매일유업(주),사업장 1곳,낙농제품 및 식용 빙과류 제조업,False,2231.0,2196.0,2199.0,115995.0,110178.0,109245.0,2208.6666666666665,3
메디톡스,(주)메디톡스,사업장 1곳,석유화학,False,,340.0,327.0,,16584.0,15965.0,333.5,2
메타즈,주식회사 메타즈,업체,기계,False,218.0,192.0,239.0,10564.0,9327.0,11601.0,216.33333333333334,3
면사랑,(주)면사랑,사업장 1곳,식료품 제조업,False,517.0,571.0,597.0,23813.0,29600.0,28057.0,561.6666666666666,3
명성,주식회사 명성,사업장 1곳,육상 여객 운송업,False,393.0,406.0,447.0,23481.0,23450.0,25519.0,415.3333333333333,3
명성환경,주식회사 명성환경,사업장 1곳,폐기물 처리업,False,279.0,116.0,278.0,17.0,38.0,64.0,224.33333333333334,3
명화공업,명화공업(주),사업장 1곳,자동차 신품 부품 제조업,False,850.0,817.0,836.0,41565.0,39957.0,40932.0,834.3333333333334,3
모나리자,(주)모나리자,사업장 1곳,"펄프, 종이 및 판지 제조업",False,771.0,781.0,788.0,42114.0,41925.0,42759.0,780.0,3
모나용평,모나용평 주식회사,사업장 1곳,일반 및 생활 숙박시설 운영업,False,,693.0,678.0,,34759.0,34009.0,685.5,2
목포시,목포시,사업장 1곳,폐기물 처리업,False,392.0,375.0,379.0,55978.0,57706.0,56084.0,382.0,3
무림에스피,무림에스피(주),사업장 1곳,"펄프, 종이 및 판지 제조업",False,947.0,950.0,907.0,46913.0,47064.0,44896.0,934.6666666666666,3
무림파워텍,무림파워텍 주식회사,업체,"증기, 냉ㆍ온수 및 공기 조절 공급업",False,2308.0,2228.0,2142.0,154369.0,164636.0,155065.0,2226.0,3
무림페이퍼,무림페이퍼(주),업체,"펄프, 종이 및 판지 제조업",False,3400.0,3523.0,3497.0,170955.0,179950.0,173720.0,3473.3333333333335,3
무림피앤피,무림피앤피(주),업체,"펄프, 종이 및 판지 제조업",False,13692.0,13867.0,13312.0,251659.0,252175.0,247341.0,13623.666666666666,3
무안군,무안군,사업장 1곳,폐기물,False,105.0,110.0,94.0,18801.0,17472.0,18187.0,103.0,3
무주덕유산리조트,주식회사 무주덕유산리조트,사업장 1곳,건물,False,305.0,331.0,310.0,16508.0,17943.0,16639.0,315.3333333333333,3
문화방송,주식회사 문화방송,사업장 1곳,건물,False,350.0,349.0,350.0,16148.0,15957.0,15990.0,349.6666666666667,3
미래나노텍,미래나노텍(주),사업장 1곳,전기전자,False,552.0,572.0,550.0,29938.0,32578.0,29613.0,558.0,3
미래페이퍼,(주)미래페이퍼,사업장 1곳,"펄프, 종이 및 판지 제조업",False,1006.0,1039.0,1033.0,61595.0,66492.0,71022.0,1026.0,3
미원상사,미원상사(주),사업장 1곳,석유화학,False,439.0,1197.0,1189.0,23749.0,64934.0,65023.0,941.6666666666666,3
미원스페셜티케미칼,미원스페셜티케미칼(주),사업장 1곳,기초 화학물질 제조업,False,1269.0,1432.0,1402.0,67364.0,73595.0,72918.0,1367.6666666666667,3
밀양시,밀양시,사업장 1곳,폐기물,False,71.0,5.0,120.0,17158.0,5039.0,26862.0,65.33333333333333,3
바스프퍼포먼스폴리아마이드코리아,바스프퍼포먼스폴리아마이드코리아 주식회사,사업장 1곳,기초 화학물질 제조업,False,1589.0,1625.0,1355.0,70403.0,71387.0,60058.0,1523.0,3
방림,(주)방림,사업장 1곳,섬유,False,334.0,297.0,292.0,21948.0,19542.0,19047.0,307.6666666666667,3
백광산업,백광산업 주식회사,업체,기초 화학물질 제조업,False,3977.0,,,199788.0,,,3977.0,1
버슘머트리얼즈피엠코리아,버슘머트리얼즈피엠코리아,사업장 1곳,기초 화학물질 제조업,False,414.0,410.0,559.0,19870.0,19678.0,26809.0,461.0,3
범우,주식회사 범우,사업장 1곳,폐기물 처리업,False,76.0,76.0,69.0,86077.0,95337.0,73302.0,73.66666666666667,3
범일운수,범일운수,사업장 1곳,교통(여객),False,308.0,307.0,315.0,16345.0,16294.0,16663.0,310.0,3
베르상스퍼시픽,(주)베르상스퍼시픽,사업장 1곳,유리 및 유리제품 제조업,False,498.0,481.0,490.0,29605.0,28013.0,28893.0,489.6666666666667,3
베어링아트,주식회사 베어링아트,사업장 1곳,자동차 신품 부품 제조업,False,1263.0,1298.0,1221.0,61047.0,62874.0,59182.0,1260.6666666666667,3
베올리아산업개발코리아,베올리아산업개발코리아 주식회사,사업장 1곳,수도업,False,,,1620.0,,,78019.0,1620.0,1
베올리아워터코리아대산,베올리아워터코리아대산(주),사업장 1곳,수도업,False,1852.0,1859.0,,88739.0,89082.0,,1855.5,2
베페사징크코리아,베페사징크코리아(주),사업장 1곳,1차 비철금속 제조업,False,154.0,150.0,161.0,112462.0,106400.0,118140.0,155.0,3
벽산,(주)벽산,사업장 1곳,유리 및 유리제품 제조업,False,2215.0,2177.0,1987.0,121756.0,118254.0,108302.0,2126.3333333333335,3
보령,(주)보령,사업장 1곳,석유화학,False,,303.0,305.0,,17158.0,16982.0,304.0,2
보령시,보령시,사업장 1곳,폐기물 처리업,False,298.0,312.0,320.0,52924.0,51879.0,44772.0,310.0,3
보령엘엔지터미널,보령엘엔지터미널 주식회사,사업장 1곳,연료용 가스 제조 및 배관공급업,False,1082.0,1229.0,1149.0,53552.0,60929.0,56906.0,1153.3333333333333,3
보림씨에스,(주)보림씨에스,사업장 1곳,폐기물 처리업,False,22.0,25.0,25.0,55285.0,52338.0,50042.0,24.0,3
보영운수,보영운수(주),사업장 1곳,교통(여객),False,252.0,230.0,209.0,14244.0,12874.0,11098.0,230.33333333333334,3
보임열병합발전,보임열병합발전 주식회사,업체,"증기, 냉ㆍ온수 및 공기 조절 공급업",False,11713.0,9795.0,10105.0,1098359.0,910533.0,937799.0,10537.666666666666,3
볼보그룹코리아,볼보그룹코리아(주),사업장 1곳,기계,False,377.0,318.0,357.0,19308.0,16157.0,17644.0,350.6666666666667,3
부경산업,부경산업(주),사업장 1곳,폐기물 처리업,False,86.0,132.0,145.0,94005.0,65958.0,65606.0,121.0,3
부산광역시,부산광역시,업체,폐기물 처리업,False,8241.0,8114.0,8422.0,780623.0,745005.0,721968.0,8259.0,3
부산교통,부산교통(주),사업장 1곳,교통(여객),False,183.0,,,12560.0,,,183.0,1
부산교통공사,부산교통공사,업체,육상 여객 운송업,False,3380.0,3280.0,3132.0,161952.0,157182.0,150099.0,3264.0,3
부산그린에너지,부산그린에너지(주),업체,발전에너지,False,,0.0,11.0,,123447.0,117532.0,5.5,2
부산그린파워,부산그린파워(주),사업장 1곳,폐기물 처리업,False,16.0,12.0,15.0,39552.0,35650.0,36826.0,14.333333333333334,3
부산대학교,부산대학교,사업장 1곳,고등 교육기관,False,638.0,648.0,851.0,27134.0,28575.0,38129.0,712.3333333333334,3
부산대학교병원,부산대학교병원,사업장 1곳,건물,False,858.0,819.0,855.0,41435.0,39331.0,41089.0,844.0,3
부산도시가스,(주)부산도시가스,사업장 1곳,"증기, 냉ㆍ온수 및 공기 조절 공급업",False,312.0,302.0,487.0,57233.0,58486.0,60985.0,367.0,3
부산신항국제터미널,부산신항국제터미널(주),사업장 1곳,기타 운송관련 서비스업,False,450.0,1822.0,1891.0,29818.0,29880.0,29931.0,1387.6666666666667,3
부산신항만,부산신항만주식회사,사업장 1곳,기타 운송관련 서비스업,False,988.0,1018.0,1024.0,49973.0,51412.0,51521.0,1010.0,3
부산정관에너지,부산정관에너지(주),사업장 1곳,"증기, 냉ㆍ온수 및 공기 조절 공급업",False,1350.0,1396.0,,67841.0,70101.0,,1373.0,2
부산주공,부산주공(주),사업장 1곳,자동차 신품 부품 제조업,False,1807.0,1637.0,1634.0,97045.0,87529.0,87057.0,1692.6666666666667,3
부산패션칼라산업협동조합,부산패션칼라산업협동조합,업체,"증기, 냉ㆍ온수 및 공기 조절 공급업",False,1794.0,1636.0,1499.0,127577.0,115889.0,105723.0,1643.0,3
부산항터미널,부산항터미널주식회사,사업장 1곳,항만,False,801.0,,,43306.0,,,801.0,1
부천시,부천시,업체,"하수, 폐수 및 분뇨 처리업",False,1554.0,1595.0,1609.0,163089.0,162602.0,151674.0,1586.0,3
북부운수,북부운수(주),사업장 1곳,교통(여객),False,272.0,,,14321.0,,,272.0,1
브리티쉬아메리칸토바코코리아제조,브리티쉬아메리칸토바코코리아제조(주),사업장 1곳,담배제조업,False,446.0,462.0,417.0,15909.0,17936.0,13787.0,441.6666666666667,3
브이피에이치메탈,브이피에이치메탈 유한회사,사업장 1곳,자동차 신품 부품 제조업,False,589.0,574.0,581.0,31664.0,30954.0,31350.0,581.3333333333334,3
블루산업개발,블루산업개발 주식회사,사업장 1곳,"펄프, 종이 및 판지 제조업",False,,,1455.0,,,100936.0,1455.0,1
비노텍,비노텍 주식회사,사업장 1곳,폐기물 처리업,False,66.0,63.0,123.0,64983.0,107519.0,51655.0,84.0,3
비를라카본코리아,비를라카본코리아(주),업체,기초 화학물질 제조업,False,487.0,488.0,459.0,125496.0,124148.0,111673.0,478.0,3
비에이치,(주)비에이치,사업장 1곳,전기전자,False,357.0,368.0,365.0,18487.0,18903.0,22374.0,363.3333333333333,3
비엔씨티,주식회사비엔씨티,사업장 1곳,기타 운송관련 서비스업,False,658.0,613.0,606.0,35541.0,33079.0,32459.0,625.6666666666666,3
비엠금속,(주)비엠금속,사업장 1곳,철강,False,274.0,282.0,238.0,14762.0,15365.0,12914.0,264.6666666666667,3
비테스코테크놀로지스코리아,비테스코테크놀로지스코리아 유한책임회사,사업장 1곳,자동차,False,346.0,357.0,343.0,16885.0,17339.0,16613.0,348.6666666666667,3
빙그레,(주)빙그레,업체,식료품 제조업,False,1151.0,1200.0,1166.0,57280.0,59696.0,57970.0,1172.3333333333333,3
빛고을에코에너지,빛고을에코에너지 주식회사,사업장 1곳,발전에너지,False,0.0,0.0,0.0,56358.0,51369.0,49311.0,0.0,3
사조씨피케이,유한회사 사조씨피케이,업체,"곡물 가공품, 전분 및 전분제품 제조업",False,2333.0,2432.0,2318.0,126734.0,135361.0,128969.0,2361.0,3
사천시,사천시,사업장 1곳,지정외 폐기물처리업 등,False,,128.0,136.0,,33583.0,30896.0,132.0,2
사회복지법인삼성생명공익재단,사회복지법인 삼성생명공익재단,사업장 1곳,병원,False,1778.0,1757.0,1866.0,86794.0,85651.0,91137.0,1800.3333333333333,3
삼강에스앤씨,삼강에스앤씨(주),사업장 1곳,선박 및 보트 건조업,False,476.0,324.0,266.0,27328.0,18197.0,14917.0,355.3333333333333,3
삼기,주식회사 삼기,사업장 1곳,자동차 신품 부품 제조업,False,1264.0,1211.0,1167.0,65830.0,63431.0,60781.0,1214.0,3
삼남석유화학,삼남석유화학주식회사,업체,기초 화학물질 제조업,False,2550.0,2416.0,2428.0,187338.0,185782.0,180096.0,2464.6666666666665,3
삼동,(주)삼동,사업장 1곳,절연선 및 케이블 제조업,False,959.0,955.0,1006.0,46429.0,46241.0,48652.0,973.3333333333334,3
삼목에스폼,삼목에스폼(주),업체,1차 비철금속 제조업,False,757.0,598.0,626.0,41683.0,32565.0,33968.0,660.3333333333334,3
삼미금속,삼미금속(주),사업장 1곳,철강,False,332.0,322.0,288.0,16314.0,15867.0,14181.0,314.0,3
삼보광업,주식회사 삼보광업,업체,"시멘트, 석회, 플라스터 및 그 외 제품 제조업",False,401.0,382.0,388.0,157529.0,166725.0,153006.0,390.3333333333333,3
삼보산업,삼보산업 주식회사,사업장 1곳,1차 비철금속 제조업,False,490.0,523.0,305.0,48843.0,34132.0,20711.0,439.3333333333333,3
삼성디스플레이,삼성디스플레이 주식회사,업체,전자 부품 제조업,False,59104.0,60771.0,60869.0,3963216.0,4000544.0,3855361.0,60248.0,3
삼성물산,삼성물산 주식회사,사업장 1곳,건물 건설업,False,2018.0,2036.0,1692.0,93787.0,93059.0,76502.0,1915.3333333333333,3
삼성바이오로직스,삼성바이오로직스 주식회사,사업장 1곳,기초 의약 물질 및 생물학적 제제 제조업,False,4501.0,4651.0,5753.0,215255.0,226519.0,262119.0,4968.333333333333,3
삼성생명보험,삼성생명보험 주식회사,업체,건물,False,771.0,763.0,1099.0,60025.0,60113.0,58581.0,877.6666666666666,3
삼성에스디아이,삼성에스디아이 주식회사,업체,일차전지 및 축전지 제조업,False,12442.0,11818.0,10585.0,598281.0,572209.0,504113.0,11615.0,3
삼성에스디에스,삼성에스디에스(주),사업장 1곳,"컴퓨터 프로그래밍, 시스템 통합 및 관리업",False,3114.0,3622.0,3724.0,149538.0,173674.0,177783.0,3486.6666666666665,3
삼성전기,삼성전기 주식회사,업체,전자 부품 제조업,False,9466.0,9783.0,10160.0,451100.0,456652.0,473182.0,9803.0,3
삼성전자,삼성전자 주식회사,업체,반도체 제조업,False,240882.0,258326.0,269424.0,13290342.0,13594735.0,14091061.0,256210.66666666666,3
삼성중공업,삼성중공업 주식회사,업체,선박 및 보트 건조업,False,6287.0,9155.0,6989.0,351978.0,528395.0,379129.0,7477.0,3
삼성코닝어드밴스드글라스,삼성코닝어드밴스드글라스 유한회사,사업장 1곳,유리 및 유리제품 제조업,False,1073.0,1017.0,1088.0,52712.0,49859.0,53409.0,1059.3333333333333,3
삼신정밀,삼신정밀(주),사업장 1곳,철강,False,474.0,527.0,556.0,23004.0,25602.0,27047.0,519.0,3
삼아알미늄,삼아알미늄주식회사,사업장 1곳,비철금속,False,401.0,399.0,475.0,20521.0,20535.0,23731.0,425.0,3
삼양사,주식회사 삼양사,업체,"곡물 가공품, 전분 및 전분제품 제조업",False,6152.0,6241.0,6083.0,260575.0,264263.0,251561.0,6158.666666666667,3
삼양식품,삼양식품(주),사업장 1곳,기타 식품 제조업,False,1369.0,1497.0,1795.0,64173.0,72404.0,79637.0,1553.6666666666667,3
삼양이노켐,삼양이노켐 주식회사,사업장 1곳,기초 화학물질 제조업,False,1684.0,1777.0,1743.0,94578.0,99485.0,96834.0,1734.6666666666667,3
삼양통상,삼양통상(주),사업장 1곳,섬유,False,245.0,,,12071.0,,,245.0,1
삼양패키징,주식회사 삼양패키징,업체,플라스틱 제품 제조업,False,2866.0,2919.0,2660.0,135941.0,134673.0,121323.0,2815.0,3
삼양화성,삼양화성주식회사,사업장 1곳,합성고무 및 플라스틱 물질 제조업,False,1894.0,1853.0,1805.0,72774.0,80044.0,88636.0,1850.6666666666667,3
삼양화인테크놀로지,삼양화인테크놀로지(주),사업장 1곳,합성고무 및 플라스틱 물질 제조업,False,368.0,364.0,354.0,31652.0,31163.0,30389.0,362.0,3
삼영,주식회사 삼영 ,사업장 1곳,플라스틱 제품 제조업,False,610.0,667.0,686.0,29751.0,32488.0,33420.0,654.3333333333334,3
삼영산업,삼영산업,사업장 1곳,"내화, 비내화 요업제품 제조업",False,471.0,,,25708.0,,,471.0,1
삼영운수,삼영운수(주),사업장 1곳,육상 여객 운송업,False,372.0,372.0,373.0,20662.0,20143.0,20001.0,372.3333333333333,3
삼영전자공업,삼영전자공업(주),업체,기타 금속 가공제품 제조업,False,1470.0,668.0,547.0,67451.0,29094.0,24009.0,895.0,3
삼우에프앤지,(주)삼우에프앤지,사업장 1곳,교통(화물),False,338.0,357.0,358.0,20414.0,21539.0,21606.0,351.0,3
삼원강재,(주)삼원강재,사업장 1곳,자동차 신품 부품 제조업,False,656.0,646.0,660.0,32353.0,31842.0,32564.0,654.0,3
삼정펄프,삼정펄프(주),업체,"펄프, 종이 및 판지 제조업",False,1974.0,1912.0,1668.0,147721.0,143169.0,127206.0,1851.3333333333333,3
삼지금속공업,삼지금속공업 주식회사,사업장 1곳,비철금속,False,,193.0,187.0,,17930.0,17428.0,190.0,2
삼척블루파워,삼척블루파워 주식회사,업체,발전에너지,False,,,36013.0,,,3192789.0,36013.0,1
삼천리,(주)삼천리,사업장 1곳,"증기, 냉ㆍ온수 및 공기 조절 공급업",False,1787.0,1733.0,1264.0,100536.0,98837.0,72207.0,1594.6666666666667,3
삼표산업,(주)삼표산업,업체,"시멘트, 석회, 플라스터 및 그 외 제품 제조업",False,1759.0,1559.0,1338.0,99894.0,89261.0,77199.0,1552.0,3
삼표시멘트,삼표시멘트,업체,"시멘트, 석회, 플라스터 및 그 외 제품 제조업",False,34504.0,31009.0,27332.0,5801581.0,4998174.0,4269882.0,30948.333333333332,3
삼표자원개발,삼표자원개발주식회사,사업장 1곳,토사석 광업,False,534.0,524.0,438.0,29914.0,29506.0,24811.0,498.6666666666667,3
삼표해운,삼표해운주식회사,사업장 1곳,해상 운송업,False,1016.0,969.0,802.0,73670.0,70239.0,58204.0,929.0,3
삼현,(주)삼현,사업장 1곳,"내화, 비내화 요업제품 제조업",False,448.0,445.0,375.0,25800.0,25761.0,21939.0,422.6666666666667,3
삼호제강,삼호제강주식회사,사업장 1곳,철강,False,365.0,255.0,222.0,18281.0,12712.0,11055.0,280.6666666666667,3
삼화고속,(주)삼화고속,사업장 1곳,교통(여객),False,162.0,,,11341.0,,,162.0,1
삼화양행,(주)삼화양행,업체,전기전자,False,1015.0,1065.0,1235.0,49166.0,51499.0,59610.0,1105.0,3
삼화왕관,삼화왕관(주),사업장 1곳,기계,False,374.0,387.0,369.0,19391.0,19197.0,18193.0,376.6666666666667,3
삼화제지,삼화제지(주),업체,"펄프, 종이 및 판지 제조업",False,577.0,624.0,567.0,19664.0,28988.0,15818.0,589.3333333333334,3
삼화콘덴서공업,삼화콘덴서공업(주),사업장 1곳,전기전자,False,513.0,527.0,555.0,24605.0,25292.0,26595.0,531.6666666666666,3
삼흥열처리,삼흥열처리,사업장 1곳,기타 금속 가공제품 제조업,False,621.0,622.0,608.0,30162.0,30191.0,29468.0,617.0,3
상공에너지,(주)상공에너지,사업장 1곳,"증기, 냉ㆍ온수 및 공기 조절 공급업",False,1653.0,1601.0,1456.0,6692.0,4568.0,7261.0,1570.0,3
상지해운,상지해운(주),사업장 1곳,교통(해운),False,274.0,266.0,,19904.0,19349.0,,270.0,2
새론오토모티브,새론오토모티브(주),사업장 1곳,자동차,False,322.0,317.0,291.0,15948.0,15659.0,14425.0,310.0,3
새한특수,새한특수(주),사업장 1곳,교통(화물),False,225.0,239.0,223.0,15866.0,16865.0,15722.0,229.0,3
생고뱅이소바코리아,생고뱅이소바코리아 주식회사,사업장 1곳,유리 및 유리제품 제조업,False,770.0,774.0,723.0,38909.0,38864.0,36557.0,755.6666666666666,3
샤니,(주)샤니,사업장 1곳,식료품 제조업,False,706.0,719.0,715.0,34755.0,35410.0,35233.0,713.3333333333334,3
서부티엔디,주식회사 서부티엔디,사업장 1곳,건물,False,432.0,459.0,431.0,21029.0,22314.0,20975.0,440.6666666666667,3
서산시,서산시,사업장 1곳,하수처리업,False,197.0,210.0,210.0,22741.0,20284.0,19355.0,205.66666666666666,3
서영주정,서영주정(주),사업장 1곳,알코올 음료 제조업,False,418.0,412.0,404.0,29716.0,30156.0,20601.0,411.3333333333333,3
서울교통공사,서울교통공사,업체,육상 여객 운송업,False,13555.0,13575.0,13575.0,649237.0,650164.0,650298.0,13568.333333333334,3
서울교통네트웍,서울교통네트웍(주),사업장 1곳,교통(여객),False,267.0,259.0,,14146.0,13583.0,,263.0,2
서울냉열,서울냉열(주),사업장 1곳,석유화학,False,219.0,356.0,,10525.0,17063.0,,287.5,2
서울대학교병원,서울대학교병원,사업장 1곳,병원,False,1961.0,1935.0,2009.0,93996.0,92838.0,96289.0,1968.3333333333333,3
서울바이오시스,서울바이오시스(주),사업장 1곳,반도체 제조업,False,1239.0,1276.0,916.0,59912.0,61646.0,44548.0,1143.6666666666667,3
서울반도체,서울반도체,사업장 1곳,반도체,False,128.0,,,6289.0,,,128.0,1
서울시메트로9호선,서울시메트로 9호선(주),사업장 1곳,육상 여객 운송업,False,1043.0,1109.0,1183.0,50038.0,53211.0,56709.0,1111.6666666666667,3
서울에너지공사,서울에너지공사,업체,"증기, 냉ㆍ온수 및 공기 조절 공급업",False,6695.0,6361.0,7805.0,319680.0,300444.0,375873.0,6953.666666666667,3
서울우유협동조합,서울우유협동조합,사업장 1곳,낙농제품 및 식용 빙과류 제조업,False,1368.0,1415.0,1440.0,71579.0,73904.0,70117.0,1407.6666666666667,3
서울특별시,서울특별시,업체,폐기물 처리업,False,12757.0,13003.0,13005.0,1476742.0,1360897.0,1337356.0,12921.666666666666,3
서울특별시농수산식품공사,서울특별시농수산식품공사,사업장 1곳,부동산 임대 및 공급업,False,1305.0,1328.0,1340.0,62806.0,63908.0,64181.0,1324.3333333333333,3
서원,(주)서원,사업장 1곳,비철금속,False,250.0,229.0,,12122.0,11134.0,,239.5,2
서원환경,주식회사 서원환경,사업장 1곳,폐기물 처리업,False,,2.0,2.0,,31301.0,27052.0,2.0,2
서진산업,서진산업(주),사업장 1곳,자동차,False,362.0,317.0,303.0,18927.0,16623.0,15696.0,327.3333333333333,3
서진캠,(주)서진캠 평택공장,사업장 1곳,자동차,False,245.0,,,11735.0,,,245.0,1
서한이앤피,서한이앤피주식회사,사업장 1곳,기타 금속 가공제품 제조업,False,1329.0,1141.0,962.0,66864.0,57373.0,48408.0,1144.0,3
서해그린환경,서해그린환경(주),사업장 1곳,폐기물 처리업,False,218.0,212.0,84.0,79384.0,93483.0,80710.0,171.33333333333334,3
서흥,(주)서흥,사업장 1곳,기타 식품 제조업,False,742.0,766.0,790.0,36087.0,37334.0,38430.0,766.0,3
석문그린에너지,주식회사 석문그린에너지,사업장 1곳,발전에너지,False,,,1.0,,,59287.0,1.0,1
선도화학,선도화학(주),사업장 1곳,기초 화학물질 제조업,False,605.0,496.0,460.0,28995.0,23759.0,22060.0,520.3333333333334,3
선일다이파스,(주)선일다이파스,사업장 1곳,기계,False,439.0,432.0,422.0,21289.0,20958.0,20285.0,431.0,3
선진버스,선진버스(주),사업장 1곳,육상 여객 운송업,False,306.0,321.0,317.0,16755.0,17365.0,16904.0,314.6666666666667,3
선진운수,(주)선진운수,사업장 1곳,육상 여객 운송업,False,515.0,470.0,446.0,27507.0,24798.0,23251.0,477.0,3
성남시,성남시,업체,폐기물 처리업,False,2189.0,2335.0,2262.0,255226.0,243032.0,236446.0,2262.0,3
성남시내버스,성남시내버스(주),사업장 1곳,육상 여객 운송업,False,493.0,477.0,458.0,25839.0,24814.0,23528.0,476.0,3
성림유화,성림유화 주식회사,업체,폐기물 처리업,False,209.0,216.0,209.0,229505.0,255697.0,233751.0,211.33333333333334,3
성보,주식회사 성보,사업장 1곳,철강,False,,,304.0,,,15654.0,304.0,1
성보공업,성보공업(주),사업장 1곳,철강,False,259.0,292.0,,13305.0,15007.0,,275.5,2
성신미네필드,(주)성신미네필드,사업장 1곳,시멘트,False,374.0,349.0,305.0,19021.0,17752.0,15548.0,342.6666666666667,3
성신씨엠,성신씨엠 주식회사,사업장 1곳,"시멘트, 석회, 플라스터 및 그 외 제품 제조업",False,446.0,344.0,318.0,21880.0,16848.0,15608.0,369.3333333333333,3
성신양회,성신양회(주),업체,"시멘트, 석회, 플라스터 및 그 외 제품 제조업",False,27628.0,22552.0,24687.0,4989822.0,4072874.0,3583961.0,24955.666666666668,3
성안합섬,성안합섬(주),사업장 1곳,화학섬유 제조업,False,379.0,1.0,0.0,18570.0,92.0,47.0,126.66666666666667,3
성우해운,성우해운주식회사,사업장 1곳,교통(해운),False,275.0,281.0,291.0,20137.0,20467.0,21058.0,282.3333333333333,3
성일요업,성일요업주식회사,사업장 1곳,요업,False,336.0,323.0,213.0,17671.0,18605.0,12303.0,290.6666666666667,3
성일하이텍,성일하이텍(주),사업장 1곳,1차 비철금속 제조업,False,550.0,440.0,642.0,36401.0,26083.0,31956.0,544.0,3
성창보드,성창보드(주),사업장 1곳,나무제품 제조업,False,614.0,619.0,589.0,30148.0,30386.0,28878.0,607.3333333333334,3
성호금속,(주)성호금속,사업장 2곳,철강,False,863.0,853.0,867.0,48059.0,47524.0,48105.0,861.0,3
성호기업,(주)성호기업,사업장 1곳,철강,False,278.0,258.0,265.0,14213.0,13162.0,13521.0,267.0,3
성훈엔지니어링,성훈엔지니어링주식회사,사업장 1곳,1차 비철금속 제조업,False,774.0,784.0,797.0,38801.0,39339.0,39887.0,785.0,3
세메스,세메스(주),사업장 1곳,특수 목적용 기계 제조업,False,737.0,727.0,742.0,38477.0,41805.0,41407.0,735.3333333333334,3
세방,세방(주),사업장 1곳,도로 화물 운송업,False,438.0,436.0,435.0,28028.0,27838.0,27932.0,436.3333333333333,3
세방전지,세방전지(주),업체,일차전지 및 축전지 제조업,False,2822.0,3054.0,3040.0,136703.0,147941.0,147189.0,2972.0,3
세아베스틸,주식회사 세아베스틸,업체,1차 철강 제조업,False,18542.0,18418.0,18081.0,1182414.0,1155808.0,1125099.0,18347.0,3
세아베스틸지주,주식회사 세아베스틸지주,업체,1차 철강 제조업,False,9.0,9.0,10.0,467.0,485.0,497.0,9.333333333333334,3
세아씨엠,(주)세아씨엠,사업장 1곳,1차 철강 제조업,False,1430.0,1519.0,1407.0,71815.0,80019.0,71518.0,1452.0,3
세아엘앤에스,(주)세아엘앤에스,사업장 1곳,교통(화물),False,232.0,210.0,199.0,15835.0,14542.0,13765.0,213.66666666666666,3
세아제강,(주)세아제강,사업장 1곳,1차 철강 제조업,False,1434.0,1305.0,1215.0,70201.0,63961.0,60115.0,1318.0,3
세아창원특수강,주식회사 세아창원특수강,업체,1차 철강 제조업,False,8330.0,7917.0,7895.0,455763.0,436291.0,422278.0,8047.333333333333,3
세아특수강,(주)세아특수강,사업장 1곳,1차 철강 제조업,False,1032.0,1100.0,1094.0,51138.0,54540.0,54160.0,1075.3333333333333,3
세우,(주)세우,사업장 1곳,식료품 제조업,False,350.0,357.0,350.0,17269.0,17612.0,17277.0,352.3333333333333,3
세종특별자치시,세종특별자치시,사업장 1곳,"하수, 폐수 및 분뇨 처리업",False,595.0,595.0,603.0,62871.0,53883.0,55064.0,597.6666666666666,3
세주,(주)세주,사업장 1곳,해상 운송업,False,365.0,387.0,391.0,26609.0,28350.0,28660.0,381.0,3
세진메탈,주식회사 세진메탈,사업장 1곳,1차 비철금속 제조업,False,692.0,532.0,537.0,43257.0,33018.0,32858.0,587.0,3
셀트리온,셀트리온,사업장 1곳,기초 의약 물질 및 생물학적 제제 제조업,False,1352.0,1656.0,1763.0,64717.0,79174.0,84191.0,1590.3333333333333,3
셀트리온제약,(주)셀트리온제약,사업장 1곳,석유화학,False,321.0,317.0,301.0,15706.0,15490.0,14717.0,313.0,3
셰플러코리아,셰플러코리아 유한책임회사,사업장 1곳,일반 목적용 기계 제조업,False,1715.0,1480.0,1285.0,82674.0,71392.0,61930.0,1493.3333333333333,3
소노인터내셔널,주식회사 소노인터내셔널,사업장 1곳,일반 및 생활 숙박시설 운영업,False,2942.0,2747.0,2796.0,138824.0,136468.0,138944.0,2828.3333333333335,3
소신여객자동차,소신여객자동차(주),사업장 1곳,육상 여객 운송업,False,347.0,310.0,292.0,17895.0,15756.0,14637.0,316.3333333333333,3
속초시,속초시,사업장 1곳,폐기물,False,279.0,290.0,280.0,18598.0,35408.0,34150.0,283.0,3
솔베이실리카코리아,솔베이실리카코리아(주),사업장 1곳,기초 화학물질 제조업,False,715.0,757.0,750.0,33440.0,35404.0,35403.0,740.6666666666666,3
솔브레인,솔브레인 주식회사,업체,석유화학,False,,1092.0,1145.0,,48230.0,50868.0,1118.5,2
솔브레인에스엘디,솔브레인에스엘디 주식회사,사업장 1곳,전자 부품 제조업,False,711.0,579.0,518.0,37047.0,30391.0,26963.0,602.6666666666666,3
송원산업,송원산업(주),업체,기타 화학제품 제조업,False,2619.0,2913.0,2653.0,128812.0,143654.0,120436.0,2728.3333333333335,3
송학제지,송학제지(주),사업장 1곳,"펄프, 종이 및 판지 제조업",False,226.0,0.0,0.0,27642.0,50.0,34.0,75.33333333333333,3
수도권매립지관리공사,수도권매립지관리공사,업체,폐기물 처리업,False,4863.0,4386.0,4592.0,1163222.0,1006395.0,996488.0,4613.666666666667,3
수석,주식회사 수석,사업장 1곳,유리 및 유리제품 제조업,False,767.0,,,44995.0,,,767.0,1
수양물류,수양물류주식회사,사업장 1곳,육상운송 및 파이프라인 운송업,False,,343.0,327.0,,24132.0,22978.0,335.0,2
수완에너지,수완에너지 주식회사,업체,"증기, 냉ㆍ온수 및 공기 조절 공급업",False,3104.0,3154.0,3269.0,156339.0,158941.0,164746.0,3175.6666666666665,3
수원시,수원시,업체,폐기물 처리업,False,2098.0,2255.0,2627.0,177623.0,194918.0,197096.0,2326.6666666666665,3
수원애경역사,수원애경역사 주식회사,사업장 1곳,건물,False,304.0,306.0,,14768.0,14845.0,,305.0,2
수원여객운수,수원여객운수(주),사업장 1곳,육상 여객 운송업,False,457.0,386.0,350.0,23468.0,19546.0,17256.0,397.6666666666667,3
수협노량진수산,수협노량진수산 주식회사,사업장 1곳,건물,False,332.0,347.0,349.0,15940.0,16654.0,16728.0,342.6666666666667,3
순천시,순천시,사업장 1곳,"하수, 폐수 및 분뇨 처리업",False,460.0,436.0,447.0,71728.0,57853.0,52323.0,447.6666666666667,3
스미토모세이카폴리머스코리아,스미토모세이카폴리머스코리아(주),사업장 1곳,합성고무 및 플라스틱 물질 제조업,False,1507.0,1508.0,1406.0,43122.0,34627.0,32154.0,1473.6666666666667,3
스타필드고양,주식회사 스타필드고양,사업장 1곳,부동산 임대 및 공급업,False,608.0,576.0,579.0,26746.0,25819.0,26039.0,587.6666666666666,3
스타필드안성,주식회사 스타필드안성,사업장 1곳,건물,False,364.0,374.0,348.0,17633.0,18077.0,16817.0,362.0,3
스타필드하남,주식회사 스타필드하남,사업장 1곳,부동산 임대 및 공급업,False,533.0,518.0,533.0,25608.0,24865.0,25536.0,528.0,3
스태츠칩팩코리아,유한회사 스태츠칩팩코리아,사업장 1곳,반도체 제조업,False,1505.0,1572.0,1655.0,72323.0,76436.0,80438.0,1577.3333333333333,3
스테코,스테코(주),사업장 1곳,전자 부품 제조업,False,893.0,876.0,820.0,42902.0,42075.0,39454.0,863.0,3
스템코,스템코(주),사업장 1곳,반도체 제조업,False,899.0,1046.0,1115.0,42450.0,48982.0,51539.0,1020.0,3
스틸싸이클,스틸싸이클 주식회사,사업장 1곳,1차 비철금속 제조업,False,765.0,803.0,779.0,75182.0,78531.0,70785.0,782.3333333333334,3
스틸싸이클에스씨,스틸싸이클에스씨(주),사업장 1곳,1차 비철금속 제조업,False,42.0,80.0,101.0,32045.0,5884.0,9186.0,74.33333333333333,3
시그네틱스,시그네틱스(주),사업장 1곳,반도체 제조업,False,789.0,710.0,543.0,38048.0,34225.0,26171.0,680.6666666666666,3
시흥교통,(주)시흥교통,사업장 1곳,교통(여객),False,376.0,401.0,426.0,20710.0,22048.0,23244.0,401.0,3
시흥시,시흥시,사업장 1곳,폐기물 처리업,False,901.0,1020.0,1197.0,98335.0,99448.0,109879.0,1039.3333333333333,3
신대양제지,신대양제지(주),업체,"펄프, 종이 및 판지 제조업",False,1659.0,2987.0,1581.0,237744.0,241875.0,229035.0,2075.6666666666665,3
신대양제지반월,신대양제지반월(주),사업장 1곳,"펄프, 종이 및 판지 제조업",False,670.0,1466.0,740.0,100851.0,119528.0,116986.0,958.6666666666666,3
신대일페이퍼,신대일페이퍼 주식회사,사업장 1곳,"펄프, 종이 및 판지 제조업",False,867.0,904.0,914.0,83230.0,85611.0,82680.0,895.0,3
신대한정유산업,신대한정유산업 주식회사,사업장 1곳,폐기물 처리업,False,256.0,253.0,257.0,78306.0,96976.0,97603.0,255.33333333333334,3
신도림테크노마트,신도림테크노마트 주식회사,사업장 1곳,건물,False,315.0,316.0,319.0,15184.0,15253.0,15399.0,316.6666666666667,3
신동,(주)신동,사업장 1곳,"시멘트, 석회, 플라스터 및 그 외 제품 제조업",False,277.0,283.0,300.0,80232.0,79688.0,85663.0,286.6666666666667,3
신분당선,신분당선(주),사업장 1곳,육상 여객 운송업,False,559.0,550.0,564.0,26767.0,26382.0,27004.0,557.6666666666666,3
신선대감만터미널,신선대감만터미널 주식회사,사업장 1곳,항만,False,,886.0,897.0,,47455.0,47856.0,891.5,2
신성교통,신성교통(주),사업장 1곳,육상 여객 운송업,False,259.0,194.0,55.0,13938.0,10449.0,2802.0,169.33333333333334,3
신세계,(주)신세계,업체,종합 소매업,False,2602.0,2705.0,2706.0,124752.0,130801.0,130937.0,2671.0,3
신세계동대구복합환승센터,주식회사 신세계동대구복합환승센터,사업장 1곳,건물,False,486.0,489.0,505.0,23388.0,23534.0,24285.0,493.3333333333333,3
신승에너지,(주)신승에너지,사업장 1곳,폐기물 처리업,False,339.0,322.0,338.0,68279.0,68270.0,64212.0,333.0,3
신안종합리조트,신안종합리조트(주),사업장 1곳,건물,False,326.0,326.0,317.0,16252.0,16252.0,15845.0,323.0,3
신안주철,(주)신안주철,사업장 1곳,철강,False,313.0,302.0,291.0,16681.0,16117.0,15695.0,302.0,3
신영포르투,(주)신영포르투,사업장 1곳,나무제품 제조업,False,1156.0,685.0,630.0,31489.0,18426.0,17683.0,823.6666666666666,3
신우금속,(주)신우금속,사업장 1곳,철강,False,322.0,292.0,288.0,18661.0,16858.0,16606.0,300.6666666666667,3
신창제지공업,신창제지공업주식회사,사업장 1곳,"펄프, 종이 및 판지 제조업",False,601.0,556.0,569.0,29475.0,23065.0,21756.0,575.3333333333334,3
신평택발전,신평택발전(주),업체,전기업,False,36895.0,37400.0,33398.0,1857561.0,1883760.0,1676398.0,35897.666666666664,3
신한은행,주식회사 신한은행,업체,건물,False,1178.0,1173.0,1143.0,72193.0,70718.0,68726.0,1164.6666666666667,3
신한중공업,(주)신한중공업,사업장 1곳,조선,False,223.0,247.0,,14047.0,15472.0,,235.0,2
신화메탈,(주)신화메탈,사업장 1곳,철강,False,,,436.0,,,22484.0,436.0,1
신화인터텍,신화인터텍(주),사업장 1곳,전기전자,False,290.0,295.0,269.0,14196.0,14440.0,13230.0,284.6666666666667,3
심텍,주식회사 심텍,사업장 1곳,전자 부품 제조업,False,2150.0,2306.0,2359.0,104764.0,106014.0,110394.0,2271.6666666666665,3
심팩인더스트리,주식회사 심팩인더스트리,업체,1차 철강 제조업,False,965.0,12.0,11.0,46224.0,673.0,573.0,329.3333333333333,3
쌍용기초소재,쌍용기초소재(주),사업장 1곳,시멘트,False,459.0,377.0,,25292.0,20512.0,,418.0,2
쌍용씨앤비,(주)쌍용씨앤비,사업장 1곳,"펄프, 종이 및 판지 제조업",False,1266.0,1260.0,1246.0,66286.0,66006.0,65421.0,1257.3333333333333,3
쌍용씨앤이,쌍용씨앤이(주),업체,"시멘트, 석회, 플라스터 및 그 외 제품 제조업",False,64449.0,62302.0,55725.0,10736622.0,10574492.0,9571870.0,60825.333333333336,3
썬시멘트,썬시멘트주식회사,사업장 1곳,시멘트,False,,,349.0,,,19152.0,349.0,1
씨엔씨티에너지,씨엔씨티에너지 주식회사,사업장 1곳,"증기, 냉ㆍ온수 및 공기 조절 공급업",False,575.0,521.0,589.0,29286.0,25906.0,29356.0,561.6666666666666,3
씨월드고속훼리,씨월드고속훼리(주),사업장 1곳,해상 운송업,False,1364.0,1498.0,1395.0,98988.0,108976.0,101599.0,1419.0,3
씨이케이,씨이케이 주식회사,업체,폐기물 처리업,False,,1306.0,1279.0,,226301.0,223723.0,1292.5,2
씨제이대한통운,CJ대한통운(주),업체,도로 화물 운송업,False,4037.0,4077.0,4267.0,227513.0,228750.0,239997.0,4127.0,3
씨제이씨지브이,씨제이씨지브이 주식회사,업체,건물,False,1394.0,1397.0,1257.0,69730.0,69504.0,62590.0,1349.3333333333333,3
씨제이제일제당,CJ제일제당(주),업체,"곡물 가공품, 전분 및 전분제품 제조업",False,9539.0,9704.0,9543.0,411439.0,421213.0,409189.0,9595.333333333334,3
씨지앤대산전력,씨지앤대산전력 주식회사,사업장 1곳,전기업,False,388.0,242.0,7256.0,25672.0,15848.0,55075.0,2628.6666666666665,3
씨지앤율촌전력,씨지앤율촌전력 주식회사,업체,전기업,False,40217.0,39590.0,36461.0,2050099.0,1988171.0,1828820.0,38756.0,3
씨텍,(주)씨텍,업체,"증기, 냉ㆍ온수 및 공기 조절 공급업",False,11160.0,10981.0,9162.0,785099.0,763404.0,677459.0,10434.333333333334,3
아난티,주식회사 아난티,사업장 1곳,건물,False,,,322.0,,,15653.0,322.0,1
아바텍,(주)아바텍,사업장 1곳,유리,False,356.0,336.0,303.0,17146.0,16462.0,14636.0,331.6666666666667,3
아반스트레이트코리아,아반스트레이트코리아 주식회사,사업장 1곳,유리 및 유리제품 제조업,False,280.0,0.0,0.0,13938.0,0.0,0.0,93.33333333333333,3
아산시,아산시,사업장 1곳,폐기물 처리업,False,1009.0,1048.0,1076.0,103499.0,108502.0,91841.0,1044.3333333333333,3
아세아시멘트,아세아시멘트 주식회사,업체,"시멘트, 석회, 플라스터 및 그 외 제품 제조업",False,15324.0,13832.0,13593.0,2403681.0,2114034.0,2189851.0,14249.666666666666,3
아세아제지,아세아제지(주),업체,"펄프, 종이 및 판지 제조업",False,4341.0,4339.0,4270.0,455531.0,466661.0,445541.0,4316.666666666667,3
아시아나항공,아시아나항공,업체,항공 여객 운송업,False,4883.0,4511.0,4795.0,332356.0,306178.0,326401.0,4729.666666666667,3
아이유제지,주식회사 아이유제지,사업장 1곳,제지,False,290.0,246.0,275.0,19422.0,16312.0,18651.0,270.3333333333333,3
아주대학교의료원,아주대학교의료원,사업장 1곳,병원,False,595.0,581.0,603.0,29091.0,28391.0,29436.0,593.0,3
아주스틸,아주스틸(주),사업장 1곳,기계,False,208.0,255.0,251.0,10821.0,13780.0,13577.0,238.0,3
아진피앤피,(주)아진피앤피,사업장 1곳,"펄프, 종이 및 판지 제조업",False,3439.0,3288.0,3244.0,145239.0,138991.0,137136.0,3323.6666666666665,3
안동시,안동시,업체,지정외 폐기물처리업,False,162.0,166.0,391.0,15374.0,16774.0,49242.0,239.66666666666666,3
안산도시개발,안산도시개발(주),사업장 1곳,"증기, 냉ㆍ온수 및 공기 조절 공급업",False,555.0,615.0,634.0,21639.0,27470.0,28612.0,601.3333333333334,3
안산시,안산시,업체,"하수, 폐수 및 분뇨 처리업",False,1465.0,1443.0,1423.0,117917.0,114730.0,113028.0,1443.6666666666667,3
안양시,안양시,사업장 1곳,"하수, 폐수 및 분뇨 처리업",False,1047.0,1059.0,1113.0,97999.0,95365.0,100247.0,1073.0,3
알테크노메탈,주식회사 알테크노메탈,사업장 1곳,금속 주조업,False,746.0,554.0,426.0,44703.0,32283.0,24913.0,575.3333333333334,3
알트론김제,주식회사 알트론김제,사업장 1곳,자동차,False,290.0,,,15098.0,,,290.0,1
알트론전주,주식회사 알트론전주,사업장 1곳,자동차 신품 부품 제조업,False,642.0,0.0,,33439.0,33439.0,,321.0,2
애경케미칼,애경케미칼(주),업체,기초 화학물질 제조업,False,1880.0,1828.0,1633.0,180260.0,165838.0,146386.0,1780.3333333333333,3
애니테크,(주)애니테크,사업장 1곳,폐기물 처리업,False,283.0,204.0,424.0,34127.0,45268.0,36022.0,303.6666666666667,3
앰코테크놀로지코리아,앰코테크놀로지코리아(주),업체,반도체 제조업,False,6850.0,,,333053.0,,,6850.0,1
양산시,양산시,사업장 1곳,폐기물 처리업,False,797.0,830.0,851.0,91005.0,94700.0,89311.0,826.0,3
양주시,양주시,사업장 1곳,폐기물 처리업,False,869.0,922.0,972.0,67323.0,70705.0,70965.0,921.0,3
어프로티움,어프로티움 주식회사,업체,기초 화학물질 제조업,False,3492.0,3503.0,3526.0,452372.0,328313.0,273308.0,3507.0,3
에너원,에너원(주),사업장 1곳,"증기, 냉ㆍ온수 및 공기 조절 공급업",False,453.0,484.0,383.0,39413.0,41855.0,32928.0,440.0,3
에너지네트웍,주식회사 에너지네트웍,업체,폐기물 처리업,False,412.0,317.0,413.0,173204.0,168841.0,161313.0,380.6666666666667,3
에너지명성,주식회사 에너지명성,업체,폐기물 처리업,False,,47.0,46.0,,39036.0,43148.0,46.5,2
에너지세종,(주)에너지 세종,사업장 1곳,폐기물 처리업,False,,425.0,434.0,,72084.0,56050.0,429.5,2
에너지울산,주식회사 에너지울산,사업장 1곳,"증기, 냉ㆍ온수 및 공기 조절 공급업",False,,1075.0,1058.0,,90248.0,88366.0,1066.5,2
에너지정세,(주)에너지정세,사업장 1곳,폐기물 처리업,False,,481.0,568.0,,60000.0,60453.0,524.5,2
에너지파크,(주)에너지파크,사업장 1곳,지정외 폐기물처리업,False,,,529.0,,,43044.0,529.0,1
에드워드코리아,에드워드코리아(주),사업장 1곳,기계,False,,257.0,,,12269.0,,257.0,1
에보닉페록사이드코리아,(유)에보닉페록사이드코리아,사업장 1곳,기초 화학물질 제조업,False,,734.0,676.0,,36818.0,29655.0,705.0,2
에스아이엠피에이씨,(주)SIMPAC,업체,1차 철강 제조업,False,2524.0,1161.0,670.0,232970.0,99791.0,53373.0,1451.6666666666667,3
에스알,주식회사 에스알,업체,철도 운송업,False,3387.0,3515.0,3366.0,162106.0,168201.0,161085.0,3422.6666666666665,3
에스앤에스아이앤씨,에스앤에스아이앤씨(주),사업장 1곳,자동차,False,,380.0,371.0,,18223.0,17771.0,375.5,2
에스앤티모티브,에스앤티모티브 주식회사,사업장 1곳,자동차,False,418.0,406.0,385.0,20139.0,19561.0,18551.0,403.0,3
에스에스엘엠,에스에스엘엠 주식회사,사업장 1곳,전기전자,False,482.0,395.0,399.0,23549.0,19323.0,19529.0,425.3333333333333,3
에스에프에이반도체,주식회사 에스에프에이반도체,사업장 1곳,반도체 제조업,False,573.0,607.0,616.0,28393.0,30280.0,31063.0,598.6666666666666,3
에스엔에프코리아,에스엔에프코리아(주),사업장 1곳,기타 화학제품 제조업,False,752.0,1063.0,1091.0,30220.0,45645.0,46250.0,968.6666666666666,3
에스엔엔씨,주식회사 에스엔엔씨,업체,1차 비철금속 제조업,False,15144.0,15686.0,15797.0,1416717.0,1293791.0,1354443.0,15542.333333333334,3
에스엘,에스엘 주식회사,사업장 1곳,전기전자,False,1157.0,1126.0,1099.0,55666.0,54187.0,52904.0,1127.3333333333333,3
에스오아이엘,S-Oil(주),업체,석유 정제품 제조업,False,125063.0,127577.0,129081.0,9541368.0,9632037.0,9497500.0,127240.33333333333,3
에스와이에너지,에스와이에너지 주식회사,사업장 1곳,나무제품 제조업,False,1016.0,800.0,656.0,32110.0,26030.0,21521.0,824.0,3
에스유엔엘,(주)SUN&L,사업장 1곳,나무제품 제조업,False,2405.0,271.0,433.0,60377.0,9998.0,8485.0,1036.3333333333333,3
에스이그린에너지,(주)에스이그린에너지,사업장 1곳,전기업,False,0.0,0.0,0.0,54777.0,55997.0,58303.0,0.0,3
에스제이금속,(주)에스제이금속,사업장 1곳,철강,False,357.0,351.0,364.0,20427.0,19958.0,20735.0,357.3333333333333,3
에스지씨솔루션,에스지씨솔루션 주식회사,업체,유리 및 유리제품 제조업,False,2706.0,2646.0,2614.0,163191.0,161621.0,163480.0,2655.3333333333335,3
에스지씨에너지,에스지씨에너지 주식회사,업체,유리 및 유리제품 제조업,False,43694.0,46581.0,47274.0,1722152.0,1780408.0,1619831.0,45849.666666666664,3
에스케이,에스케이 주식회사,업체,"컴퓨터 프로그래밍, 시스템 통합 및 관리업",False,2640.0,2846.0,515.0,126634.0,136656.0,24985.0,2000.3333333333333,3
에스케이가스,에스케이가스(주),업체,발전에너지,False,347.0,241.0,147.0,21052.0,14853.0,8485.0,245.0,3
에스케이네트웍스,에스케이네트웍스 주식회사,사업장 1곳,건물,False,469.0,478.0,486.0,23016.0,23447.0,23852.0,477.6666666666667,3
에스케이넥실리스,에스케이넥실리스 주식회사,사업장 1곳,1차 비철금속 제조업,False,3959.0,2604.0,2974.0,190594.0,125554.0,143147.0,3179.0,3
에스케이마이크로웍스,에스케이마이크로웍스 주식회사,업체,플라스틱 제품 제조업,False,2990.0,3164.0,,145729.0,154240.0,,3077.0,2
에스케이마이크로웍스솔루션즈,에스케이마이크로웍스솔루션즈 주식회사,사업장 1곳,플라스틱 제품 제조업,False,661.0,673.0,,35739.0,38406.0,,667.0,2
에스케이머티리얼즈에어플러스,에스케이머티리얼즈에어플러스 주식회사,업체,기초 화학물질 제조업,False,6541.0,,,312710.0,,,6541.0,1
에스케이멀티유틸리티,에스케이멀티유틸리티 주식회사,업체,"증기, 냉ㆍ온수 및 공기 조절 공급업",False,4013.0,4286.0,11883.0,334853.0,356042.0,694123.0,6727.333333333333,3
에스케이바이오사이언스,에스케이바이오사이언스(주),사업장 1곳,석유화학,False,365.0,356.0,391.0,17803.0,17352.0,19074.0,370.6666666666667,3
에스케이바이오텍,SK바이오텍 주식회사,사업장 1곳,석유화학,False,,,370.0,,,19650.0,370.0,1
에스케이비알오에이디비에이엔디,SKbroadband(주),업체,전기 통신업,False,8810.0,9485.0,13081.0,423632.0,455962.0,627682.0,10458.666666666666,3
에스케이스페셜티,에스케이스페셜티 주식회사,업체,기초 화학물질 제조업,False,5168.0,5416.0,6451.0,249551.0,261423.0,310914.0,5678.333333333333,3
에스케이실트론,에스케이실트론 주식회사,업체,반도체 제조업,False,8102.0,8623.0,9391.0,386319.0,410642.0,446985.0,8705.333333333334,3
에스케이씨,에스케이씨 주식회사,업체,플라스틱 제품 제조업,False,38.0,28.0,30.0,1911.0,1437.0,1502.0,32.0,3
에스케이씨에보닉페록사이드코리아,(유)에스케이씨에보닉페록사이드코리아,사업장 1곳,기초 화학물질 제조업,False,773.0,,,37721.0,,,773.0,1
에스케이아이이테크놀로지,에스케이아이이테크놀로지주식회사,사업장 1곳,일차전지 및 축전지 제조업,False,1654.0,1540.0,1479.0,80652.0,75145.0,72082.0,1557.6666666666667,3
에스케이어드밴스드,에스케이어드밴스드주식회사,업체,기초 화학물질 제조업,False,9465.0,10547.0,10024.0,525364.0,529742.0,501048.0,10012.0,3
에스케이에너지,에스케이에너지 주식회사,업체,석유 정제품 제조업,False,79716.0,75417.0,74277.0,7114805.0,7146701.0,6896387.0,76470.0,3
에스케이에어플러스,에스케이에어플러스 주식회사,업체,기초 화학물질 제조업,False,,6936.0,6524.0,,331712.0,311898.0,6730.0,2
에스케이에코프라임,에스케이에코프라임 주식회사,업체,기타 화학제품 제조업,False,571.0,588.0,596.0,33292.0,34212.0,33277.0,585.0,3
에스케이에코플랜트,에스케이에코플랜트(주),사업장 1곳,건설,False,,516.0,313.0,,25242.0,15844.0,414.5,2
에스케이엔무브,에스케이엔무브 주식회사,업체,석유 정제품 제조업,False,6656.0,5954.0,,196078.0,169022.0,,6305.0,2
에스케이엔텀,에스케이엔텀 주식회사,업체,보관 및 창고업,False,542.0,1729.0,,26399.0,36958.0,,1135.5,2
에스케이오션플랜트,에스케이오션플랜트(주),사업장 1곳,조선,False,447.0,325.0,326.0,25509.0,18207.0,17920.0,366.0,3
에스케이온,에스케이온 주식회사,업체,일차전지 및 축전지 제조업,False,3505.0,3325.0,9873.0,169547.0,160618.0,334062.0,5567.666666666667,3
에스케이이노베이션,SK이노베이션(주),업체,일차전지 및 축전지 제조업,False,443.0,47046.0,43626.0,21634.0,2364006.0,2192948.0,30371.666666666668,3
에스케이이엔에스,에스케이이엔에스 주식회사,업체,전기업,False,42714.0,,,2149279.0,,,42714.0,1
에스케이인천석유화학,SK인천석유화학(주),업체,석유 정제품 제조업,False,43756.0,45185.0,40883.0,1512760.0,1538765.0,1446739.0,43274.666666666664,3
에스케이지오센트릭,에스케이지오센트릭 주식회사,업체,기초 화학물질 제조업,False,59471.0,59114.0,55408.0,2559413.0,2541554.0,2440706.0,57997.666666666664,3
에스케이케미칼,에스케이케미칼(주),업체,합성고무 및 플라스틱 물질 제조업,False,3913.0,4056.0,4058.0,220838.0,222379.0,197002.0,4009.0,3
에스케이키파운드리,에스케이키파운드리 주식회사,업체,반도체 제조업,False,3594.0,3648.0,3781.0,271185.0,290381.0,319903.0,3674.3333333333335,3
에스케이텔레콤,에스케이텔레콤 주식회사,업체,전기 통신업,False,23995.0,24364.0,24512.0,1149239.0,1166518.0,1173903.0,24290.333333333332,3
에스케이피아이씨글로벌,에스케이피아이씨글로벌 주식회사,업체,기초 화학물질 제조업,False,6851.0,9598.0,9536.0,359346.0,540380.0,499609.0,8661.666666666666,3
에스케이피유코어,에스케이피유코어 주식회사,사업장 2곳,석유화학,False,992.0,,,45114.0,,,992.0,1
에스케이하이닉스,에스케이하이닉스 주식회사,업체,반도체 제조업,False,94584.0,94903.0,98070.0,4789833.0,4848541.0,5006399.0,95852.33333333333,3
에스케이하이닉스시스템아이씨,에스케이하이닉스 시스템아이씨(주),업체,반도체 제조업,False,2.0,2.0,2.0,131.0,125.0,113.0,2.0,3
에스티엠,에스티엠 주식회사,사업장 1곳,일차전지 및 축전지 제조업,False,1072.0,1141.0,1462.0,51802.0,54647.0,70005.0,1225.0,3
에스티팜,에스티팜 주식회사,사업장 1곳,석유화학,False,,,437.0,,,24014.0,437.0,1
에스파워,(주)에스파워,업체,전기업,False,34079.0,29876.0,29591.0,1721008.0,1508447.0,1490347.0,31182.0,3
에스폼,에스폼(주),사업장 1곳,1차 비철금속 제조업,False,0.0,0.0,0.0,1.0,0.0,0.0,0.0,3
에스피네이처,주식회사 에스피네이처,업체,"시멘트, 석회, 플라스터 및 그 외 제품 제조업",False,,,658.0,,,32298.0,658.0,1
에스피씨삼립,주식회사 에스피씨삼립,사업장 1곳,기타 식품 제조업,False,1981.0,2018.0,1941.0,96085.0,97440.0,94950.0,1980.0,3
에스피에스엔에이,주식회사 에스피에스엔에이,사업장 1곳,"시멘트, 석회, 플라스터 및 그 외 제품 제조업",False,878.0,702.0,,42987.0,34359.0,,790.0,2
에스피엘,에스피엘(주),사업장 1곳,기타 식품 제조업,False,642.0,646.0,725.0,28309.0,28691.0,32006.0,671.0,3
에스피환경,(주)에스피환경,사업장 1곳,폐기물 처리업,False,517.0,515.0,531.0,71851.0,73956.0,67395.0,521.0,3
에쓰큐씨,주식회사 에쓰큐씨,업체,"시멘트, 석회, 플라스터 및 그 외 제품 제조업",False,0.0,,,0.0,,,0.0,1
에어리퀴드코리아,에어리퀴드코리아 주식회사,업체,기초 화학물질 제조업,False,2736.0,3048.0,3300.0,241790.0,258580.0,263263.0,3028.0,3
에어부산,에어부산(주),업체,항공 여객 운송업,False,2480.0,2341.0,1744.0,172964.0,163093.0,121442.0,2188.3333333333335,3
에어서울,에어서울 주식회사,사업장 1곳,항공 여객 운송업,False,495.0,315.0,334.0,34550.0,21973.0,23400.0,381.3333333333333,3
에어퍼스트,주식회사 에어퍼스트,업체,기초 화학물질 제조업,False,13452.0,13928.0,14677.0,654168.0,674270.0,709681.0,14019.0,3
에어프로덕츠코리아,에어프로덕츠코리아 주식회사,업체,기초 화학물질 제조업,False,16409.0,16358.0,16406.0,795152.0,792284.0,795343.0,16391.0,3
에이에스이코리아,에이에스이코리아주식회사,사업장 1곳,반도체 제조업,False,2255.0,2134.0,2413.0,108886.0,103083.0,116477.0,2267.3333333333335,3
에이지씨디스플레이글라스오창,에이지씨디스플레이글라스오창주식회사,사업장 1곳,유리,False,246.0,262.0,279.0,11815.0,12558.0,13390.0,262.3333333333333,3
에이지씨화인테크노한국,에이지씨화인테크노한국주식회사,업체,유리 및 유리제품 제조업,False,3984.0,4022.0,3423.0,197984.0,200216.0,170358.0,3809.6666666666665,3
에이치디씨리조트,에이치디씨리조트(주),사업장 1곳,건물,False,305.0,,,15057.0,,,305.0,1
에이치디씨아이파크몰,에이치디씨아이파크몰 주식회사,사업장 1곳,건물,False,406.0,410.0,437.0,19691.0,19898.0,21146.0,417.6666666666667,3
에이치디씨폴리올,에이치디씨폴리올(주),사업장 1곳,석유화학,False,1176.0,565.0,423.0,70171.0,33360.0,22424.0,721.3333333333334,3
에이치디씨현대산업개발,에이치디씨현대산업개발(주),사업장 1곳,건설,False,,504.0,416.0,,24640.0,19934.0,460.0,2
에이치디씨현대이피,에이치디씨현대이피 주식회사,사업장 1곳,석유화학,False,423.0,388.0,376.0,22948.0,20719.0,19199.0,395.6666666666667,3
에이치디현대건설기계,에이치디 현대건설기계(주),사업장 1곳,기계,False,194.0,,,13223.0,,,194.0,1
에이치디현대미포,에이치디현대미포 주식회사,업체,선박 및 보트 건조업,False,,3009.0,,,166913.0,,3009.0,1
에이치디현대삼호,에이치디현대삼호 주식회사,업체,선박 및 보트 건조업,False,,4802.0,4724.0,,276469.0,272826.0,4763.0,2
에이치디현대에너지솔루션,에이치디현대에너지솔루션(주),사업장 1곳,반도체 제조업,False,780.0,401.0,578.0,41779.0,19982.0,29555.0,586.3333333333334,3
에이치디현대오씨아이,에이치디현대오씨아이 주식회사,업체,기초 화학물질 제조업,False,4215.0,3992.0,3775.0,368689.0,352618.0,339554.0,3994.0,3
에이치디현대오일뱅크,에이치디현대오일뱅크,업체,석유 정제품 제조업,False,,80865.0,80539.0,,6428458.0,6592135.0,80702.0,2
에이치디현대인프라코어,에이치디현대인프라코어(주),사업장 1곳,특수 목적용 기계 제조업,False,1829.0,1700.0,1706.0,94451.0,87657.0,87786.0,1745.0,3
에이치디현대일렉트릭,에이치디현대일렉트릭(주),사업장 1곳,"전동기, 발전기 및 전기 변환ㆍ공급ㆍ제어 장치 제조업",False,738.0,785.0,778.0,35941.0,38225.0,38017.0,767.0,3
에이치디현대중공업,에이치디현대중공업 주식회사,업체,선박 및 보트 건조업,False,11284.0,11630.0,14402.0,639878.0,671156.0,826449.0,12438.666666666666,3
에이치디현대케미칼,에이치디현대케미칼주식회사,업체,기초 화학물질 제조업,False,39323.0,50104.0,46472.0,2146776.0,2719270.0,2579155.0,45299.666666666664,3
에이치브이엠,(주)에이치브이엠,사업장 1곳,비철금속,False,,,309.0,,,15921.0,309.0,1
에이치에스지성동조선,에이치에스지성동조선 주식회사,사업장 1곳,선박 및 보트 건조업,False,866.0,1136.0,958.0,46136.0,60206.0,51124.0,986.6666666666666,3
에이치에스효성첨단소재,에이치에스효성첨단소재(주),업체,화학섬유 제조업,False,,4152.0,3588.0,,186927.0,137770.0,3870.0,2
에이치엘만도,에이치엘만도 주식회사,사업장 1곳,자동차 신품 부품 제조업,False,1475.0,1425.0,1420.0,70598.0,68160.0,67779.0,1440.0,3
에이치엘비에너지,에이치엘비에너지㈜,사업장 1곳,폐기물 처리업,False,78.0,43.0,42.0,31771.0,27071.0,22349.0,54.333333333333336,3
에이치엠엠피에스에이신항만,에이치엠엠피에스에이신항만(주),사업장 1곳,기타 운송관련 서비스업,False,572.0,581.0,560.0,28561.0,29022.0,28037.0,571.0,3
에이치제이매그놀리아용평호텔앤리조트,(주)HJ매그놀리아용평호텔앤리조트,사업장 1곳,일반 및 생활 숙박시설 운영업,False,687.0,,,34421.0,,,687.0,1
에이치제이중공업,(주)에이치제이중공업,사업장 1곳,조선,False,,,561.0,,,33427.0,561.0,1
에이치케이이노엔,에이치케이이노엔(주),사업장 1곳,석유화학,False,,369.0,363.0,,17964.0,17658.0,366.0,2
에이치해운,(주)에이치해운,사업장 1곳,교통(해운),False,245.0,243.0,183.0,17910.0,17780.0,13436.0,223.66666666666666,3
에이티에너지,(주)에이티에너지,사업장 1곳,폐기물 처리업,False,20.0,18.0,20.0,24660.0,21500.0,15807.0,19.333333333333332,3
에이팩트,주식회사 에이팩트,사업장 1곳,전기전자,False,576.0,589.0,584.0,27695.0,28331.0,28059.0,583.0,3
에이프로젠바이오로직스,주식회사 에이프로젠바이오로직스,사업장 1곳,의약품 제조업,False,451.0,356.0,494.0,21973.0,17335.0,24128.0,433.6666666666667,3
에코라임,주식회사 에코라임,업체,"시멘트, 석회, 플라스터 및 그 외 제품 제조업",False,654.0,521.0,407.0,107704.0,104213.0,91491.0,527.3333333333334,3
에코비트그린,(주)에코비트그린,업체,폐기물,False,18.0,,,59465.0,,,18.0,1
에코비트에너지명성,주식회사 에코비트에너지명성,업체,폐기물 처리업,False,48.0,,,37291.0,,,48.0,1
에코비트에너지세종,(주)에코비트에너지세종,사업장 1곳,폐기물 처리업,False,432.0,,,61044.0,,,432.0,1
에코비트에너지울산,주식회사 에코비트에너지울산,사업장 1곳,"증기, 냉ㆍ온수 및 공기 조절 공급업",False,1068.0,,,89865.0,,,1068.0,1
에코비트에너지정세,에코비트에너지정세,업체,폐기물,False,487.0,,,70701.0,,,487.0,1
에코비트에너지청원,(주)에코비트에너지청원,업체,폐기물 처리업,False,2.0,,,36333.0,,,2.0,1
에코이앤이,주식회사 에코이앤이,사업장 1곳,폐기물 처리업,False,27.0,,,45149.0,,,27.0,1
에코프로머티리얼즈,(주)에코프로머티리얼즈,사업장 1곳,일차전지 및 축전지 제조업,False,1383.0,1432.0,1141.0,67914.0,70327.0,55871.0,1318.6666666666667,3
에코프로비엠,(주)에코프로비엠,사업장 1곳,일차전지 및 축전지 제조업,False,2611.0,1424.0,1861.0,125140.0,68312.0,89198.0,1965.3333333333333,3
에코프로에이피,주식회사 에코프로에이피,사업장 1곳,석유화학,False,,665.0,541.0,,31849.0,25925.0,603.0,2
에코프로이노베이션,주식회사 에코프로이노베이션,사업장 1곳,전기전자,False,,,926.0,,,47396.0,926.0,1
에코프로이엠,주식회사 에코프로이엠,사업장 1곳,일차전지 및 축전지 제조업,False,2432.0,2161.0,1595.0,116425.0,103448.0,76332.0,2062.6666666666665,3
에코플라스틱,에코플라스틱(주),사업장 1곳,자동차,False,366.0,366.0,367.0,17728.0,17731.0,17782.0,366.3333333333333,3
엔솔브,엔솔브 주식회사,사업장 1곳,"증기, 냉ㆍ온수 및 공기 조절 공급업",False,,,1430.0,,,72063.0,1430.0,1
엔씨양산,NC양산(주),사업장 1곳,폐기물 처리업,False,23.0,24.0,23.0,29744.0,32957.0,28032.0,23.333333333333332,3
엔씨울산,NC울산(주),사업장 1곳,폐기물 처리업,False,41.0,40.0,40.0,78467.0,71888.0,67015.0,40.333333333333336,3
엔아이티,(주)엔아이티,업체,폐기물 처리업,False,373.0,283.0,528.0,149662.0,163208.0,155030.0,394.6666666666667,3
엔이티,(주)엔이티,사업장 1곳,"증기, 냉ㆍ온수 및 공기 조절 공급업",False,519.0,82.0,604.0,45237.0,6977.0,52791.0,401.6666666666667,3
엔피케이,(주)엔피케이,사업장 1곳,석유화학,False,,316.0,358.0,,15313.0,17295.0,337.0,2
엘비루셈,주식회사 엘비루셈,사업장 1곳,반도체,False,439.0,,,21079.0,,,439.0,1
엘비세미콘,LB세미콘(주),사업장 1곳,반도체 제조업,False,990.0,1442.0,1463.0,47657.0,48250.0,70545.0,1298.3333333333333,3
엘앤에프,엘앤에프,사업장 1곳,전자 부품 제조업,False,3057.0,2842.0,2835.0,151192.0,138295.0,138417.0,2911.3333333333335,3
엘에스메탈,엘에스메탈 주식회사,사업장 1곳,비철금속,False,440.0,444.0,437.0,21168.0,21335.0,21026.0,440.3333333333333,3
엘에스엠앤엠,엘에스엠앤엠 주식회사,업체,1차 비철금속 제조업,False,8606.0,8509.0,8297.0,508660.0,493516.0,482672.0,8470.666666666666,3
엘에스일렉트릭,엘에스일렉트릭(주),사업장 1곳,전기전자,False,384.0,340.0,386.0,18486.0,16427.0,18630.0,370.0,3
엘에스전선,엘에스전선 주식회사,업체,절연선 및 케이블 제조업,False,2163.0,2013.0,1978.0,106681.0,99356.0,97442.0,2051.3333333333335,3
엘엑스글라스,(주)엘엑스글라스,업체,유리 및 유리제품 제조업,False,3731.0,3670.0,3499.0,298318.0,298344.0,282530.0,3633.3333333333335,3
엘엑스엠엠에이,LX엠엠에이,업체,기초 화학물질 제조업,False,2886.0,2974.0,2970.0,321628.0,327127.0,311917.0,2943.3333333333335,3
엘엑스판토스,(주)엘엑스판토스,사업장 1곳,도로 화물 운송업,False,531.0,558.0,657.0,44918.0,46415.0,49602.0,582.0,3
엘엑스하우시스,주식회사 엘엑스하우시스,업체,플라스틱 제품 제조업,False,2240.0,2180.0,2096.0,111501.0,113467.0,102722.0,2172.0,3
엘지디스플레이,엘지디스플레이(주),업체,전자 부품 제조업,False,55114.0,53590.0,48825.0,3492475.0,3671012.0,3347075.0,52509.666666666664,3
엘지마그나이파워트레인,엘지마그나 이파워트레인 주식회사,사업장 1곳,자동차,False,420.0,393.0,334.0,20177.0,18891.0,16076.0,382.3333333333333,3
엘지생활건강,(주)엘지생활건강,업체,석유화학,False,1084.0,1041.0,1037.0,49545.0,47246.0,47593.0,1054.0,3
엘지씨엔에스,(주)엘지씨엔에스,업체,"컴퓨터 프로그래밍, 시스템 통합 및 관리업",False,2779.0,2780.0,3224.0,130691.0,130641.0,152417.0,2927.6666666666665,3
엘지에너지솔루션,주식회사 엘지에너지솔루션,업체,일차전지 및 축전지 제조업,False,8123.0,8860.0,9374.0,376451.0,408140.0,427030.0,8785.666666666666,3
엘지유플러스,엘지유플러스(주),업체,전기 통신업,False,30810.0,29633.0,29860.0,1475170.0,1418334.0,1428936.0,30101.0,3
엘지이노텍,엘지이노텍 주식회사,업체,전자 부품 제조업,False,8495.0,8861.0,8478.0,403790.0,426341.0,405136.0,8611.333333333334,3
엘지전자,엘지전자 주식회사,업체,반도체 제조업,False,5314.0,5469.0,5441.0,246433.0,257475.0,252845.0,5408.0,3
엘지화학,주식회사 엘지화학,업체,기초 화학물질 제조업,False,155577.0,162537.0,153081.0,8129057.0,8351819.0,7780722.0,157065.0,3
엠에스씨,(주)MSC,사업장 1곳,기타 식품 제조업,False,578.0,596.0,571.0,28764.0,29704.0,28488.0,581.6666666666666,3
엠이엠씨코리아,엠이엠씨코리아주식회사,사업장 1곳,반도체 제조업,False,2349.0,2429.0,2543.0,111356.0,115124.0,119562.0,2440.3333333333335,3
엠코테크놀로지코리아,엠코테크놀로지코리아(주),업체,반도체 제조업,False,,7423.0,8054.0,,369182.0,394721.0,7738.5,2
여수시,여수시,업체,폐기물,False,763.0,803.0,742.0,73442.0,116702.0,119206.0,769.3333333333334,3
여주에너지서비스,여주에너지서비스,사업장 1곳,발전에너지,False,,40034.0,42127.0,,2014575.0,2116043.0,41080.5,2
여천엔씨씨,여천엔씨씨 주식회사,업체,기초 화학물질 제조업,False,69070.0,73678.0,68679.0,3582493.0,3803197.0,3529606.0,70475.66666666667,3
연천군,연천군,사업장 1곳,폐기물,False,28.0,25.0,28.0,21312.0,16906.0,16441.0,27.0,3
영보화학,영보화학(주),사업장 1곳,석유화학,False,231.0,,,12126.0,,,231.0,1
영신물산,(주)영신물산,사업장 1곳,"섬유제품 염색, 정리 및 마무리 가공업",False,215.0,198.0,197.0,28385.0,29421.0,27214.0,203.33333333333334,3
영우해운,영우해운(주),사업장 1곳,교통(해운),False,146.0,188.0,262.0,10409.0,13426.0,18674.0,198.66666666666666,3
영주시,영주시,사업장 1곳,폐기물 처리업,False,6.0,133.0,138.0,25776.0,36061.0,34198.0,92.33333333333333,3
영풍,주식회사 영풍,업체,1차 비철금속 제조업,False,18984.0,13573.0,10730.0,1109762.0,766796.0,617308.0,14429.0,3
영풍전자,영풍전자(주),사업장 1곳,전자 부품 제조업,False,1658.0,775.0,512.0,81875.0,38638.0,25185.0,981.6666666666666,3
영풍제지,영풍제지(주),사업장 1곳,"펄프, 종이 및 판지 제조업",False,1181.0,1329.0,,91010.0,91679.0,,1255.0,2
영화금속,영화금속(주),사업장 1곳,금속 주조업,False,1156.0,1290.0,1316.0,80900.0,87847.0,89054.0,1254.0,3
영흥산업환경,주식회사 영흥산업환경,사업장 1곳,폐기물 처리업,False,642.0,569.0,484.0,128979.0,136221.0,137710.0,565.0,3
오뚜기,(주)오뚜기,사업장 1곳,기타 식품 제조업,False,1812.0,1877.0,1840.0,89711.0,93135.0,87975.0,1843.0,3
오뚜기라면,오뚜기라면 주식회사,업체,기타 식품 제조업,False,920.0,960.0,994.0,45725.0,47742.0,49351.0,958.0,3
오라이온코리아,오라이온코리아 주식회사 ,업체,기초 화학물질 제조업,False,742.0,542.0,1350.0,424727.0,360685.0,356721.0,878.0,3
오리온,(주)오리온,사업장 1곳,기타 식품 제조업,False,1424.0,1481.0,1504.0,71408.0,74067.0,75362.0,1469.6666666666667,3
오미아코리아,(주)오미아코리아,사업장 1곳,기초 화학물질 제조업,False,997.0,935.0,820.0,48969.0,45800.0,40281.0,917.3333333333334,3
오비맥주,오비맥주(주),사업장 1곳,알코올 음료 제조업,False,1944.0,1918.0,1887.0,92625.0,90773.0,88922.0,1916.3333333333333,3
오산시,오산시,사업장 1곳,하수처리업,False,272.0,263.0,263.0,19642.0,19899.0,19050.0,266.0,3
오성연료전지,오성연료전지 주식회사,사업장 1곳,전기업,False,0.0,0.0,0.0,36466.0,35002.0,35248.0,0.0,3
오씨아이,오씨아이주식회사,업체,기초 화학물질 제조업,False,18039.0,18408.0,18549.0,1164209.0,1187244.0,1181847.0,18332.0,3
오씨아이에스이,OCI SE 주식회사,업체,"증기, 냉ㆍ온수 및 공기 조절 공급업",False,24159.0,23775.0,20899.0,1354324.0,1290550.0,1159858.0,22944.333333333332,3
오씨아이홀딩스,오씨아이홀딩스 주식회사,업체,기초 화학물질 제조업,False,23.0,22.0,22.0,1163.0,1140.0,1098.0,22.333333333333332,3
오영,(주)오영,사업장 1곳,석유화학,False,265.0,308.0,318.0,12124.0,14127.0,14720.0,297.0,3
오케이에프음료,오케이에프음료(주),사업장 1곳,음료제조업,False,376.0,389.0,378.0,19980.0,20171.0,19488.0,381.0,3
옥천군,옥천군,사업장 1곳,지정외 폐기물처리업 등,False,,60.0,27.0,,17258.0,14336.0,43.5,2
온세미컨덕터코리아,온세미컨덕터코리아(주),업체,반도체 제조업,False,2967.0,3199.0,3067.0,195764.0,193260.0,185718.0,3077.6666666666665,3
온셀텍,(주)온셀텍,사업장 1곳,전자 부품 제조업,False,439.0,722.0,742.0,21074.0,34623.0,35418.0,634.3333333333334,3
올품,(주)올품,사업장 1곳,식료품 제조업,False,467.0,467.0,477.0,22974.0,22914.0,23464.0,470.3333333333333,3
와이솔,(주)와이솔,사업장 1곳,반도체,False,,319.0,311.0,,20144.0,18570.0,315.0,2
와이에스텍,(주)와이에스텍,업체,폐기물 처리업,False,30.0,,,129260.0,,,30.0,1
와이엔텍,(주)와이엔텍,업체,폐기물 처리업,False,95.0,975.0,1055.0,162220.0,158406.0,165496.0,708.3333333333334,3
와이엠,(주)와이엠,사업장 1곳,기계,False,356.0,354.0,359.0,17315.0,17196.0,17448.0,356.3333333333333,3
와이이십이프로젝트금융투자,와이이십이프로젝트금융투자 주식회사,사업장 1곳,건물,False,,360.0,360.0,,17446.0,17425.0,360.0,2
와이지원,(주)와이지-원,사업장 1곳,기계,False,,344.0,344.0,,16506.0,16493.0,344.0,2
와이케이스틸,와이케이스틸(주),업체,1차 철강 제조업,False,4451.0,3861.0,3151.0,248073.0,214963.0,181566.0,3821.0,3
와이티파워텍,Y&T파워텍(주),사업장 1곳,자동차,False,332.0,401.0,391.0,15983.0,19258.0,19346.0,374.6666666666667,3
용남고속,용남고속(주),사업장 1곳,육상 여객 운송업,False,426.0,372.0,360.0,24545.0,21173.0,19635.0,386.0,3
용산케미칼,용산케미칼 주식회사,사업장 1곳,기초 화학물질 제조업,False,,958.0,799.0,,113456.0,93253.0,878.5,2
용산화학,용산화학(주),사업장 1곳,기초 화학물질 제조업,False,938.0,,,111804.0,,,938.0,1
용인시,용인시,업체,폐기물 처리업,False,2006.0,1987.0,1845.0,178471.0,191023.0,174448.0,1946.0,3
우룡,(주)우룡,업체,"시멘트, 석회, 플라스터 및 그 외 제품 제조업",False,709.0,752.0,703.0,161345.0,168720.0,160193.0,721.3333333333334,3
우리은행,주식회사 우리은행,업체,건물,False,1116.0,1090.0,1014.0,72501.0,71633.0,66955.0,1073.3333333333333,3
우림해운,우림해운(주),사업장 1곳,교통(해운),False,,335.0,321.0,,24338.0,23223.0,328.0,2
우성염직,(주)우성염직,사업장 1곳,섬유,False,,196.0,,,12442.0,,196.0,1
우신금속,(주)우신금속,사업장 1곳,비철금속,False,332.0,372.0,374.0,21175.0,23769.0,23597.0,359.3333333333333,3
우익반도체,(주)우익반도체,사업장 1곳,전기전자,False,600.0,646.0,639.0,28931.0,31277.0,30964.0,628.3333333333334,3
우지막코리아,우지막코리아(주),사업장 1곳,요업,False,138.0,85.0,,6793.0,4201.0,,111.5,2
우진환경개발,우진환경개발(주),사업장 1곳,폐기물 처리업,False,774.0,771.0,772.0,53661.0,67813.0,64050.0,772.3333333333334,3
울산과학기술원,울산과학기술원,사업장 1곳,고등 교육기관,False,776.0,786.0,773.0,37403.0,37607.0,37020.0,778.3333333333334,3
울산광역시,울산광역시,업체,폐기물 처리업,False,3100.0,3065.0,3197.0,324288.0,315968.0,308910.0,3120.6666666666665,3
울산아로마틱스,울산아로마틱스(주),업체,기초 화학물질 제조업,False,10073.0,10023.0,9607.0,432872.0,430585.0,404323.0,9901.0,3
울산알루미늄,울산알루미늄 주식회사,업체,1차 비철금속 제조업,False,3076.0,3196.0,3682.0,151460.0,157457.0,181530.0,3318.0,3
울산지피에스,울산 지피에스 주식회사,업체,발전에너지,False,,,36537.0,,,1881712.0,36537.0,1
울산피피,울산피피주식회사,사업장 1곳,합성고무 및 플라스틱 물질 제조업,False,1087.0,1389.0,1096.0,41034.0,49134.0,37981.0,1190.6666666666667,3
원강산업,원강산업(주),업체,기계,False,,451.0,427.0,,21731.0,20620.0,439.0,2
원익아이피에스,(주)원익아이피에스,사업장 1곳,특수 목적용 기계 제조업,False,560.0,536.0,706.0,28756.0,27441.0,35308.0,600.6666666666666,3
원주시,원주시,사업장 1곳,"하수, 폐수 및 분뇨 처리업",False,718.0,732.0,766.0,62800.0,57836.0,64314.0,738.6666666666666,3
위드인천에너지,위드인천에너지(주),업체,"증기, 냉ㆍ온수 및 공기 조절 공급업",False,483.0,492.0,769.0,23073.0,22850.0,35559.0,581.3333333333334,3
윈팩,주식회사 윈팩,사업장 1곳,반도체 제조업,False,498.0,500.0,418.0,23960.0,24045.0,20169.0,472.0,3
유니드,주식회사 유니드,업체,기초 화학물질 제조업,False,7132.0,7482.0,7365.0,285162.0,300606.0,291574.0,7326.333333333333,3
유니드비티플러스,주식회사 유니드비티플러스,업체,나무제품 제조업,False,1940.0,2217.0,2066.0,48546.0,54199.0,49165.0,2074.3333333333335,3
유니온,(주)유니온,업체,"시멘트, 석회, 플라스터 및 그 외 제품 제조업",False,1195.0,1162.0,907.0,144922.0,142490.0,113709.0,1088.0,3
유니온머티리얼,유니온머티리얼(주),사업장 1곳,"내화, 비내화 요업제품 제조업",False,787.0,763.0,720.0,38832.0,37845.0,35633.0,756.6666666666666,3
유니큰,주식회사 유니큰,업체,폐기물 처리업,False,611.0,490.0,463.0,88277.0,89177.0,84821.0,521.3333333333334,3
유니투스,유니투스 주식회사,업체,자동차 신품 부품 제조업,False,1414.0,1426.0,1433.0,68181.0,68712.0,69047.0,1424.3333333333333,3
유성기업,유성기업(주),사업장 1곳,자동차,False,294.0,279.0,275.0,14327.0,13596.0,13750.0,282.6666666666667,3
유성티엔에스,(주)유성티엔에스,사업장 1곳,도로 화물 운송업,False,399.0,384.0,362.0,27400.0,26598.0,25318.0,381.6666666666667,3
유진로지스틱스,(주)유진로지스틱스,사업장 1곳,도로 화물 운송업,False,356.0,333.0,297.0,24485.0,22940.0,20360.0,328.6666666666667,3
유한양행,(주)유한양행,사업장 1곳,석유화학,False,351.0,362.0,357.0,17136.0,17597.0,17405.0,356.6666666666667,3
유한킴벌리,유한킴벌리 주식회사,업체,"펄프, 종이 및 판지 제조업",False,3865.0,3999.0,4074.0,191357.0,199589.0,202680.0,3979.3333333333335,3
유한화학,(주)유한화학,사업장 1곳,석유화학,False,363.0,380.0,367.0,19933.0,20739.0,19951.0,370.0,3
율촌화학,율촌화학(주),사업장 1곳,플라스틱 제품 제조업,False,1572.0,1509.0,1601.0,84865.0,81954.0,87772.0,1560.6666666666667,3
음성에코파크,음성에코파크(주),사업장 1곳,발전에너지,False,,4.0,3.0,,60857.0,56154.0,3.5,2
의료법인길의료재단,의료법인 길 의료재단,사업장 1곳,건물,False,461.0,435.0,422.0,22479.0,21181.0,20531.0,439.3333333333333,3
의정부시,의정부시,사업장 1곳,"하수, 폐수 및 분뇨 처리업",False,719.0,400.0,681.0,72306.0,82379.0,81861.0,600.0,3
이건에너지,이건에너지(주),사업장 1곳,산업단지,False,2613.0,2615.0,2660.0,15513.0,15254.0,15221.0,2629.3333333333335,3
이구산업,이구산업(주),사업장 1곳,1차 비철금속 제조업,False,713.0,748.0,744.0,34607.0,36264.0,35955.0,735.0,3
이녹스첨단소재,(주)이녹스첨단소재,사업장 1곳,전자 부품 제조업,False,513.0,556.0,570.0,28019.0,30420.0,29981.0,546.3333333333334,3
이누스,이누스 주식회사,사업장 1곳,"내화, 비내화 요업제품 제조업",False,900.0,903.0,543.0,50392.0,52998.0,32885.0,782.0,3
이도에코오산,이도에코오산(주) ,사업장 1곳,폐기물 처리업,False,34.0,33.0,36.0,57085.0,47492.0,42239.0,34.333333333333336,3
이도에코전주,이도에코전주(주),사업장 1곳,폐기물 처리업,False,34.0,23.0,21.0,45731.0,42693.0,34422.0,26.0,3
이래에이엠에스,이래에이엠에스 주식회사,사업장 1곳,자동차,False,540.0,,,26130.0,,,540.0,1
이랜드리테일,주식회사 이랜드리테일,업체,종합 소매업,False,3253.0,3235.0,3156.0,156824.0,155694.0,152342.0,3214.6666666666665,3
이마트,(주)이마트,업체,종합 소매업,False,10198.0,10881.0,11488.0,490603.0,522497.0,551659.0,10855.666666666666,3
이수페타시스,(주)이수페타시스,사업장 1곳,전자 부품 제조업,False,833.0,951.0,1046.0,59064.0,49020.0,53980.0,943.3333333333334,3
이수화학,(주)이수화학,업체,기초 화학물질 제조업,False,4617.0,5001.0,4732.0,256187.0,277942.0,264175.0,4783.333333333333,3
이스타항공,(주)이스타항공,업체,항공 여객 운송업,False,1165.0,1757.0,1770.0,81453.0,122762.0,123608.0,1564.0,3
이스트만화이버코리아,이스트만화이버코리아 주식회사,사업장 1곳,화학섬유 제조업,False,639.0,716.0,218.0,37641.0,42245.0,32611.0,524.3333333333334,3
이알지서비스,(주)이알지서비스,사업장 1곳,폐기물 처리업,False,135.0,60.0,101.0,73405.0,83417.0,72528.0,98.66666666666667,3
이에스티,(주)이에스티,사업장 1곳,폐기물 처리업,False,9.0,11.0,7.0,75745.0,68030.0,61541.0,9.0,3
이엠케이승경,주식회사 이엠케이승경,사업장 1곳,폐기물 처리업,False,492.0,521.0,274.0,47379.0,45824.0,40193.0,429.0,3
이지스제210호전문투자형사모부동산투자회사,이지스제210호전문투자형사모부동산투자회사,사업장 1곳,건물,False,,435.0,443.0,,20982.0,21336.0,439.0,2
이천시,이천시,사업장 1곳,폐기물 처리업,False,1094.0,633.0,621.0,124566.0,120026.0,115883.0,782.6666666666666,3
익산시,익산시,사업장 1곳,폐기물 처리업,False,598.0,572.0,574.0,75533.0,74429.0,72615.0,581.3333333333334,3
인스파이어인티그레이티드리조트,주식회사 인스파이어인티그레이티드리조트,사업장 1곳,건물,False,,,708.0,,,34365.0,708.0,1
인제군,인제군,사업장 1곳,폐기물,False,29.0,35.0,35.0,20256.0,24069.0,20775.0,33.0,3
인지디스플레이,(주)인지디스플레이,사업장 1곳,자동차,False,415.0,,,20117.0,,,415.0,1
인지에이엠티,인지에이엠티(주),사업장 1곳,자동차,False,,424.0,439.0,,20590.0,21279.0,431.5,2
인천공항에너지,인천공항에너지,업체,"증기, 냉ㆍ온수 및 공기 조절 공급업",False,4221.0,3674.0,4334.0,212737.0,185004.0,218499.0,4076.3333333333335,3
인천광역시,인천광역시,업체,폐기물 처리업,False,4989.0,4977.0,4927.0,400718.0,398065.0,385039.0,4964.333333333333,3
인천교통공사,인천교통공사,사업장 1곳,육상 여객 운송업,False,2358.0,2421.0,2474.0,114361.0,117332.0,119788.0,2417.6666666666665,3
인천국제공항공사,인천국제공항공사,업체,기타 운송관련 서비스업,False,4721.0,5157.0,5512.0,245143.0,267110.0,273140.0,5130.0,3
인천연료전지,인천연료전지(주),업체,전기업,False,23.0,18.0,19.0,162666.0,167926.0,158782.0,20.0,3
인천종합에너지,인천종합에너지(주),업체,"증기, 냉ㆍ온수 및 공기 조절 공급업",False,7549.0,7984.0,7176.0,375972.0,397688.0,354130.0,7569.666666666667,3
인터지스,인터지스(주),사업장 1곳,도로 화물 운송업,False,490.0,485.0,491.0,32986.0,32691.0,32941.0,488.6666666666667,3
인터플렉스,(주)인터플렉스,사업장 1곳,전자 부품 제조업,False,728.0,769.0,732.0,34848.0,36807.0,34977.0,743.0,3
인프라에어홀딩스,인프라에어홀딩스 주식회사,업체,기초 화학물질 제조업,False,5191.0,5441.0,6098.0,248472.0,260445.0,291839.0,5576.666666666667,3
일강,(주)일강,사업장 1곳,자동차,False,,393.0,430.0,,19141.0,20961.0,411.5,2
일산실업,일산실업(주) 칠서에탄올공장,사업장 1곳,음료제조업,False,390.0,,,8100.0,,,390.0,1
일신로지스틱스,일신로지스틱스주식회사,사업장 1곳,교통(해운),False,237.0,217.0,234.0,16187.0,15043.0,15972.0,229.33333333333334,3
일신방직,일신방직(주) ,사업장 1곳,방적 및 가공사 제조업,False,1060.0,1059.0,1024.0,50724.0,50727.0,48806.0,1047.6666666666667,3
일신케미칼,일신케미칼(주),사업장 1곳,석유화학,False,,,480.0,,,23236.0,480.0,1
일진글로벌,(주)일진글로벌,사업장 1곳,자동차 신품 부품 제조업,False,2508.0,2549.0,2136.0,120356.0,122351.0,102537.0,2397.6666666666665,3
일진디스플레이,일진디스플레이(주),사업장 1곳,전자 부품 제조업,False,254.0,326.0,137.0,12202.0,15664.0,6609.0,239.0,3
일진전기,일진전기(주),사업장 1곳,비철금속,False,,,301.0,,,14993.0,301.0,1
일진제강,일진제강(주),사업장 1곳,1차 철강 제조업,False,1046.0,1073.0,1237.0,51635.0,53130.0,61194.0,1118.6666666666667,3
재단법인대구경북과학기술원,재단법인 대구경북과학기술원,사업장 1곳,고등 교육기관,False,612.0,643.0,652.0,30361.0,31474.0,32259.0,635.6666666666666,3
재단법인아산사회복지재단,재단법인 아산사회복지재단,사업장 1곳,병원,False,2002.0,1928.0,1989.0,99532.0,95744.0,98690.0,1973.0,3
재단법인오송첨단의료산업진흥재단,재단법인 오송첨단의료산업진흥재단,사업장 1곳,건물,False,,335.0,346.0,,16372.0,16856.0,340.5,2
재세능원,(주)재세능원,사업장 1곳,전기전자,False,,,980.0,,,46945.0,980.0,1
재우체국물류지원단,(재)우체국물류지원단,사업장 1곳,육상운송 및 파이프라인 운송업,False,269.0,273.0,271.0,18259.0,18542.0,18385.0,271.0,3
재원산업,재원산업,사업장 1곳,기초 화학물질 제조업,False,581.0,665.0,701.0,22608.0,25225.0,28889.0,649.0,3
전기초자코리아,전기초자코리아(주),업체,유리 및 유리제품 제조업,False,697.0,,,34307.0,,,697.0,1
전남대학교,전남대학교,사업장 1곳,고등 교육기관,False,729.0,769.0,782.0,36057.0,37811.0,38635.0,760.0,3
전방,전방(주),사업장 1곳,섬유,False,733.0,362.0,282.0,35256.0,17410.0,13549.0,459.0,3
전북고속,(주)전북고속,사업장 1곳,육상 여객 운송업,False,245.0,238.0,235.0,17272.0,16758.0,16529.0,239.33333333333334,3
전북대학교,전북대학교,사업장 1곳,고등 교육기관,False,739.0,735.0,740.0,35859.0,35713.0,35344.0,738.0,3
전북대학교병원,전북대학교병원,사업장 1곳,건물,False,461.0,458.0,478.0,22519.0,21845.0,22879.0,465.6666666666667,3
전북집단에너지,전북집단에너지 주식회사,업체,"증기, 냉ㆍ온수 및 공기 조절 공급업",False,2228.0,2313.0,2386.0,191154.0,195564.0,204811.0,2309.0,3
전주시,전주시,업체,폐기물 처리업,False,1839.0,1771.0,1695.0,177894.0,168919.0,178146.0,1768.3333333333333,3
전주원파워,주식회사 전주원파워,사업장 1곳,전기업,False,6052.0,6028.0,6001.0,42211.0,42794.0,43122.0,6027.0,3
전주페이퍼,주식회사 전주페이퍼,업체,"펄프, 종이 및 판지 제조업",False,9899.0,8181.0,8833.0,523240.0,449587.0,489474.0,8971.0,3
전차연물류,전차연물류(주),사업장 1곳,교통(화물),False,246.0,204.0,192.0,17357.0,14359.0,13558.0,214.0,3
정선라임,주식회사 정선라임,사업장 1곳,"시멘트, 석회, 플라스터 및 그 외 제품 제조업",False,211.0,284.0,263.0,61762.0,86578.0,78911.0,252.66666666666666,3
정식품,(주)정·식품,사업장 1곳,음료제조업,False,355.0,361.0,369.0,17665.0,17976.0,18346.0,361.6666666666667,3
제때,(주)제때,사업장 1곳,교통(화물),False,408.0,463.0,507.0,23437.0,25825.0,27547.0,459.3333333333333,3
제양항공해운,(주)제양항공해운,사업장 1곳,해상 운송업,False,10.0,10.0,7.0,691.0,718.0,530.0,9.0,3
제이더블유생명과학,JW 생명과학(주),사업장 1곳,의약품 제조업,False,547.0,577.0,590.0,26819.0,28248.0,28876.0,571.3333333333334,3
제이비,제이비 주식회사,사업장 1곳,"증기, 냉ㆍ온수 및 공기 조절 공급업",False,595.0,572.0,548.0,24507.0,28524.0,27844.0,571.6666666666666,3
제이셋스태츠칩팩코리아,제이셋스태츠칩팩코리아(유),사업장 1곳,반도체 제조업,False,1864.0,2090.0,2016.0,89434.0,100223.0,96675.0,1990.0,3
제이아이금속,제이아이금속(주),사업장 1곳,비철금속,False,,311.0,314.0,,19157.0,19446.0,312.5,2
제이엠씨,(주)제이엠씨,사업장 1곳,기초 화학물질 제조업,False,845.0,736.0,853.0,38665.0,33421.0,39276.0,811.3333333333334,3
제주신화월드,제주신화월드 주식회사,사업장 1곳,일반 및 생활 숙박시설 운영업,False,,882.0,895.0,,44436.0,45295.0,888.5,2
제주특별자치도,제주특별자치도,업체,폐기물 처리업,False,3439.0,3359.0,3432.0,385683.0,354623.0,334605.0,3410.0,3
제주특별자치도개발공사,제주특별자치도개발공사,사업장 1곳,비알코올 음료 및 얼음 제조업,False,645.0,664.0,606.0,32104.0,32721.0,29939.0,638.3333333333334,3
제주항공,제주항공(주),업체,항공 여객 운송업,False,3283.0,3278.0,3118.0,228974.0,228618.0,217390.0,3226.3333333333335,3
제천시,제천시,사업장 1곳,"하수, 폐수 및 분뇨 처리업",False,341.0,354.0,367.0,53681.0,45322.0,44778.0,354.0,3
젤텍,(주)젤텍,사업장 1곳,석유화학,False,473.0,487.0,478.0,13743.0,14308.0,14464.0,479.3333333333333,3
조선내화,조선내화(주),사업장 1곳,요업,False,370.0,353.0,363.0,19329.0,18507.0,19115.0,362.0,3
조선대학교,조선대학교,사업장 1곳,건물,False,305.0,,,14888.0,,,305.0,1
조일알미늄,조일알미늄 주식회사,사업장 1곳,1차 비철금속 제조업,False,1680.0,1706.0,1539.0,82972.0,84268.0,75944.0,1641.6666666666667,3
조흥,(주)조흥,사업장 1곳,식료품 제조업,False,321.0,353.0,359.0,15208.0,16363.0,16678.0,344.3333333333333,3
존슨일렉트릭오퍼레이션스,존슨일렉트릭오퍼레이션스(주),사업장 1곳,자동차,False,324.0,328.0,348.0,16415.0,16579.0,17551.0,333.3333333333333,3
종근당,(주)종근당,사업장 1곳,석유화학,False,513.0,554.0,549.0,18547.0,19934.0,20094.0,538.6666666666666,3
종근당바이오,(주)종근당바이오,사업장 1곳,기초 의약 물질 및 생물학적 제제 제조업,False,1900.0,1937.0,1884.0,90700.0,92309.0,89316.0,1907.0,3
주성엔지니어링,주성엔지니어링(주),사업장 1곳,기계,False,83.0,406.0,451.0,3987.0,19662.0,21858.0,313.3333333333333,3
중소기업은행,중소기업은행,업체,건물,False,795.0,799.0,798.0,54947.0,55321.0,54933.0,797.3333333333334,3
중앙고속,(주)중앙고속,사업장 1곳,육상 여객 운송업,False,690.0,680.0,660.0,48119.0,47642.0,46294.0,676.6666666666666,3
중일,(주)중일,사업장 1곳,1차 비철금속 제조업,False,291.0,293.0,300.0,28262.0,29361.0,30169.0,294.6666666666667,3
지알엠,주식회사 지알엠,사업장 1곳,1차 비철금속 제조업,False,962.0,963.0,1012.0,83241.0,79123.0,84949.0,979.0,3
지에스건설,GS건설(주),업체,건설,False,2048.0,2166.0,1765.0,107707.0,116706.0,91198.0,1993.0,3
지에스구미열병합발전,주식회사 GS구미열병합발전,업체,"증기, 냉ㆍ온수 및 공기 조절 공급업",False,12014.0,12266.0,11679.0,1058705.0,1074616.0,1021398.0,11986.333333333334,3
지에스동해전력,(주)지에스동해전력,업체,전기업,False,55380.0,26420.0,29924.0,4865481.0,2368116.0,2693243.0,37241.333333333336,3
지에스리테일,주식회사 지에스리테일 ,업체,건물,False,,1081.0,1052.0,,52444.0,50891.0,1066.5,2
지에스반월열병합발전,주식회사 GS반월열병합발전,업체,"증기, 냉ㆍ온수 및 공기 조절 공급업",False,10323.0,10283.0,9715.0,887504.0,879990.0,833256.0,10107.0,3
지에스에코메탈,지에스에코메탈 주식회사,사업장 1곳,비철금속,False,254.0,338.0,385.0,18471.0,25012.0,31131.0,325.6666666666667,3
지에스이앤알,주식회사 지에스이앤알,업체,"증기, 냉ㆍ온수 및 공기 조절 공급업",False,12.0,12.0,12.0,1946859.0,632.0,654.0,12.0,3
지에스이피에스,지에스이피에스,업체,전기업,False,70658.0,70079.0,62816.0,2895414.0,3006264.0,2576797.0,67851.0,3
지에스칼텍스,지에스칼텍스 주식회사,업체,석유 정제품 제조업,False,120538.0,120114.0,122324.0,8485606.0,8645917.0,8545305.0,120992.0,3
지에스파워,GS파워,업체,"증기, 냉ㆍ온수 및 공기 조절 공급업",False,49794.0,52465.0,51759.0,2553387.0,2696279.0,2628659.0,51339.333333333336,3
지에스포천그린에너지,주식회사 지에스포천그린에너지,업체,"증기, 냉ㆍ온수 및 공기 조절 공급업",False,13419.0,13074.0,13004.0,1051930.0,959022.0,927333.0,13165.666666666666,3
지엠씨,(주)지엠씨,사업장 1곳,광업,False,,290.0,,,13954.0,,290.0,1
지엠테크니컬센터코리아,지엠테크니컬센터코리아 주식회사,사업장 1곳,건물,False,323.0,291.0,267.0,15880.0,14310.0,13135.0,293.6666666666667,3
진로발효,주식회사 진로발효,사업장 1곳,알코올 음료 제조업,False,763.0,734.0,705.0,30581.0,30278.0,33606.0,734.0,3
진양특수강,진양특수강(주),사업장 1곳,1차 철강 제조업,False,584.0,561.0,555.0,29224.0,28105.0,27808.0,566.6666666666666,3
진에어,주식회사 진에어,업체,항공 여객 운송업,False,3218.0,3108.0,3363.0,224824.0,217123.0,234976.0,3229.6666666666665,3
진영페이퍼,진영페이퍼 주식회사,사업장 1곳,"펄프, 종이 및 판지 제조업",False,863.0,875.0,874.0,89759.0,90152.0,88655.0,870.6666666666666,3
진주시,진주시,사업장 1곳,폐기물 처리업,False,622.0,605.0,600.0,118930.0,123714.0,131863.0,609.0,3
진천군,진천군,사업장 1곳,폐기물,False,157.0,163.0,150.0,17529.0,19877.0,15733.0,156.66666666666666,3
진합,(주)진합,사업장 1곳,자동차 신품 부품 제조업,False,559.0,546.0,535.0,27166.0,26316.0,25772.0,546.6666666666666,3
진흥주물,(주)진흥주물,사업장 1곳,철강,False,588.0,531.0,492.0,33398.0,30311.0,27963.0,537.0,3
참프레,(주)참프레,사업장 1곳,"도축, 육류 가공 및 저장 처리업",False,834.0,860.0,838.0,41488.0,42987.0,41917.0,844.0,3
창원그린,(주)창원그린,업체,폐기물 처리업,False,,21.0,20.0,,57512.0,56198.0,20.5,2
창원시,창원시,업체,폐기물 처리업,False,2565.0,2417.0,2714.0,246229.0,240936.0,262247.0,2565.3333333333335,3
창원에너텍,(주)창원에너텍,사업장 1곳,폐기물 처리업,False,1129.0,1032.0,1024.0,83856.0,77277.0,65243.0,1061.6666666666667,3
천안시,천안시,업체,폐기물 처리업,False,1319.0,1745.0,1569.0,148022.0,157838.0,175336.0,1544.3333333333333,3
천일고속,(주)천일고속,사업장 1곳,육상 여객 운송업,False,306.0,305.0,301.0,21416.0,21368.0,21102.0,304.0,3
천일정기화물자동차,천일정기화물자동차(주),사업장 1곳,교통(화물),False,300.0,289.0,280.0,20732.0,20004.0,19400.0,289.6666666666667,3
천일제지,천일제지(주),사업장 1곳,"펄프, 종이 및 판지 제조업",False,892.0,1000.0,720.0,59069.0,61416.0,57045.0,870.6666666666666,3
청명,(유)청명,사업장 1곳,폐기물,False,392.0,511.0,423.0,19665.0,25597.0,21175.0,442.0,3
청송산업개발,(주)청송산업개발,사업장 1곳,폐기물 처리업,False,519.0,520.0,521.0,80923.0,71731.0,81606.0,520.0,3
청양산업,청양산업 주식회사,사업장 1곳,육상운송 및 파이프라인 운송업,False,,170.0,,,11975.0,,170.0,1
청주시,청주시,업체,폐기물 처리업,False,1825.0,1892.0,2040.0,231067.0,223223.0,239601.0,1919.0,3
청주에코파크,청주에코파크 주식회사,사업장 1곳,전기업,False,3.0,2.0,2.0,60513.0,55904.0,56080.0,2.3333333333333335,3
체리부로,(주)체리부로,사업장 1곳,식료품 제조업,False,311.0,310.0,312.0,15291.0,15210.0,15271.0,311.0,3
초당환경,초당환경(유),사업장 1곳,폐기물 처리업,False,72.0,72.0,72.0,23383.0,25578.0,30768.0,72.0,3
춘천그린에너지,춘천그린에너지(주),사업장 1곳,발전에너지,False,,,10.0,,,90209.0,10.0,1
춘천시,춘천시,업체,폐기물 처리업,False,683.0,1559.0,715.0,126959.0,100615.0,111289.0,985.6666666666666,3
춘천에너지,춘천에너지 주식회사,업체,"증기, 냉ㆍ온수 및 공기 조절 공급업",False,166.0,15881.0,154.0,814651.0,876707.0,849702.0,5400.333333333333,3
충남고속,(주)충남고속,사업장 1곳,육상 여객 운송업,False,337.0,334.0,333.0,23596.0,23447.0,23363.0,334.6666666666667,3
충남대학교,충남대학교,사업장 1곳,고등 교육기관,False,616.0,631.0,648.0,29751.0,30486.0,31257.0,631.6666666666666,3
충남대학교병원,충남대학교병원,사업장 1곳,건물,False,448.0,418.0,436.0,21654.0,20156.0,21046.0,434.0,3
충무화학,(주)충무화학,업체,"시멘트, 석회, 플라스터 및 그 외 제품 제조업",False,632.0,637.0,608.0,152175.0,155600.0,141476.0,625.6666666666666,3
충북대학교,충북대학교,사업장 1곳,건물,False,406.0,419.0,438.0,20829.0,20700.0,20344.0,421.0,3
충주시,충주시,사업장 1곳,폐기물 처리업,False,727.0,749.0,726.0,80819.0,74508.0,82778.0,734.0,3
충청환경에너지,충청환경에너지(주),사업장 1곳,폐기물 처리업,False,107.0,,,68421.0,,,107.0,1
칠곡에코파크,칠곡에코파크(주),업체,발전에너지,False,,,2.0,,,57956.0,2.0,1
카길애그리퓨리나,(주)카길애그리퓨리나,사업장 1곳,식료품 제조업,False,442.0,434.0,447.0,21670.0,21263.0,21889.0,441.0,3
카카오,주식회사 카카오,사업장 1곳,통신,False,,,670.0,,,31955.0,670.0,1
카펙발레오,(주)카펙발레오,사업장 1곳,자동차,False,451.0,444.0,414.0,22411.0,22015.0,20515.0,436.3333333333333,3
카프로,주식회사 카프로,업체,기초 화학물질 제조업,False,875.0,237.0,375.0,143088.0,12244.0,36983.0,495.6666666666667,3
캐스텍코리아,(주)캐스텍코리아,사업장 1곳,철강,False,309.0,300.0,278.0,17515.0,17076.0,15792.0,295.6666666666667,3
컬러스앤이펙츠코리아,컬러스앤이펙츠코리아(주),사업장 1곳,석유화학,False,348.0,551.0,523.0,11071.0,15990.0,18801.0,474.0,3
케이브이머티리얼즈,케이브이머티리얼즈 주식회사,사업장 1곳,유리,False,443.0,438.0,388.0,17416.0,17098.0,15181.0,423.0,3
케이비아이국인산업,(주)케이비아이국인산업,업체,폐기물 처리업,False,152.0,114.0,155.0,239582.0,247354.0,240220.0,140.33333333333334,3
케이비아이텍,(주)케이비아이텍,업체,폐기물 처리업,False,160.0,178.0,202.0,140354.0,151791.0,147106.0,180.0,3
케이씨,케이씨주식회사,업체,기초 화학물질 제조업,False,2528.0,2520.0,2333.0,181514.0,181558.0,166188.0,2460.3333333333335,3
케이씨글라스,케이씨글라스(주),사업장 1곳,유리 및 유리제품 제조업,False,601.0,709.0,653.0,36745.0,42720.0,40176.0,654.3333333333334,3
케이씨씨,케이씨씨,업체,"시멘트, 석회, 플라스터 및 그 외 제품 제조업",False,11914.0,11491.0,10212.0,637871.0,611594.0,545209.0,11205.666666666666,3
케이씨씨글라스,주식회사 케이씨씨글라스,업체,유리 및 유리제품 제조업,False,9673.0,9619.0,9898.0,730329.0,718215.0,735831.0,9730.0,3
케이씨씨실리콘,주식회사 케이씨씨실리콘,업체,기초 화학물질 제조업,False,1636.0,1765.0,1805.0,98302.0,108896.0,116833.0,1735.3333333333333,3
케이씨환경서비스,케이씨환경서비스 주식회사,업체,폐기물 처리업,False,1725.0,,,264088.0,,,1725.0,1
케이알에너지,케이알에너지(주),사업장 1곳,"증기, 냉ㆍ온수 및 공기 조절 공급업",False,475.0,472.0,542.0,45241.0,44016.0,45914.0,496.3333333333333,3
케이알코폴리머,케이알코폴리머 유한회사,사업장 1곳,합성고무 및 플라스틱 물질 제조업,False,370.0,387.0,387.0,27348.0,28916.0,28476.0,381.3333333333333,3
케이에이에프,케이에이에프 주식회사,사업장 1곳,섬유,False,383.0,420.0,356.0,21637.0,24420.0,20569.0,386.3333333333333,3
케이에프엔티,(주)케이에프엔티,사업장 1곳,석유화학,False,393.0,458.0,,20638.0,21733.0,,425.5,2
케이엠씨해운,케이엠씨해운 주식회사,사업장 1곳,해상 운송업,False,649.0,603.0,510.0,46857.0,43505.0,36759.0,587.3333333333334,3
케이오씨,케이오씨(주),사업장 1곳,기초 화학물질 제조업,False,968.0,842.0,779.0,40469.0,35161.0,33057.0,863.0,3
케이원전자,(주)케이원전자,사업장 1곳,전기전자,False,361.0,499.0,507.0,17318.0,23937.0,24303.0,455.6666666666667,3
케이이씨,(주)케이이씨,사업장 1곳,반도체 제조업,False,582.0,648.0,659.0,30531.0,35594.0,36175.0,629.6666666666666,3
케이조선,(주)케이조선,사업장 1곳,선박 및 보트 건조업,False,1188.0,1153.0,1288.0,65223.0,63962.0,71537.0,1209.6666666666667,3
케이지모빌리티,케이지모빌리티 주식회사,업체,자동차용 엔진 및 자동차 제조업,False,2337.0,2368.0,2376.0,115698.0,117223.0,117738.0,2360.3333333333335,3
케이지스틸,케이지스틸 주식회사,업체,1차 철강 제조업,False,8552.0,8639.0,8685.0,401511.0,404489.0,402537.0,8625.333333333334,3
케이지에코솔루션,케이지에코솔루션 주식회사,업체,폐기물 처리업,False,,28.0,28.0,,1562.0,1587.0,28.0,2
케이지이티에스,케이지이티에스 주식회사,업체,폐기물 처리업,False,31.0,,,1761.0,,,31.0,1
케이지케미칼,케이지케미칼 주식회사,사업장 1곳,"비료, 농약 및 살균ㆍ살충제 제조업",False,413.0,457.0,427.0,25315.0,37313.0,37697.0,432.3333333333333,3
케이티,주식회사 케이티,업체,전기 통신업,False,23242.0,23543.0,23253.0,1127466.0,1141171.0,1124625.0,23346.0,3
케이티앤지,(주)케이티앤지,사업장 1곳,담배 제조업,False,2206.0,2109.0,2063.0,108517.0,104110.0,101746.0,2126.0,3
케이티클라우드,주식회사 케이티클라우드,업체,"자료 처리, 호스팅, 포털 및 기타 인터넷 정보 매개 서비스업",False,7057.0,7406.0,7911.0,330877.0,347380.0,370348.0,7458.0,3
케이프,(주)케이프,사업장 1곳,조선,False,,264.0,296.0,,14825.0,16791.0,280.0,2
케이피에프,주식회사 케이피에프,사업장 1곳,기타 금속 가공제품 제조업,False,929.0,906.0,798.0,44995.0,43892.0,38757.0,877.6666666666666,3
케이피엑스케미칼,KPX케미칼(주),사업장 1곳,석유화학,False,785.0,770.0,733.0,24416.0,24270.0,22975.0,762.6666666666666,3
케이피이그린에너지,주식회사 케이피이그린에너지,사업장 1곳,전기업,False,9.0,7.0,7.0,62453.0,58289.0,54734.0,7.666666666666667,3
케이피텍,(주)케이피텍,사업장 1곳,석유화학,False,279.0,189.0,169.0,13392.0,9117.0,8128.0,212.33333333333334,3
켐트로닉스,주식회사 켐트로닉스,사업장 1곳,디스플레이,False,320.0,461.0,863.0,15361.0,22102.0,41350.0,548.0,3
코넥,(주)코넥,사업장 1곳,자동차 신품 부품 제조업,False,677.0,786.0,593.0,34156.0,39621.0,29707.0,685.3333333333334,3
코닝정밀소재,코닝정밀소재 주식회사,업체,유리 및 유리제품 제조업,False,10579.0,9852.0,9492.0,526278.0,490292.0,471431.0,9974.333333333334,3
코다코,(주)코다코,사업장 1곳,자동차 신품 부품 제조업,False,865.0,808.0,819.0,42303.0,39518.0,40040.0,830.6666666666666,3
코리아써키트,(주)코리아써키트,사업장 1곳,전자 부품 제조업,False,2433.0,2578.0,2692.0,121769.0,127197.0,134543.0,2567.6666666666665,3
코리아에어텍,주식회사 코리아에어텍,사업장 1곳,기초 화학물질 제조업,False,1182.0,1232.0,1259.0,56634.0,59020.0,60353.0,1224.3333333333333,3
코리아와이드포항,(주)코리아와이드포항,사업장 1곳,교통(여객),False,391.0,,,20460.0,,,391.0,1
코리아피티지,코리아PTG(주),사업장 1곳,기초 화학물질 제조업,False,972.0,900.0,888.0,106932.0,103089.0,104412.0,920.0,3
코스모신소재,코스모신소재(주),사업장 1곳,기타 화학제품 제조업,False,915.0,1164.0,562.0,51887.0,62428.0,33051.0,880.3333333333334,3
코스모화학,코스모화학,사업장 1곳,기초 화학물질 제조업,False,1409.0,1720.0,1673.0,80349.0,94980.0,96231.0,1600.6666666666667,3
코스틸,(주)코스틸,사업장 1곳,1차 철강 제조업,False,292.0,212.0,67.0,14608.0,10611.0,3355.0,190.33333333333334,3
코스포영남파워,코스포영남파워 주식회사,업체,전기업,False,13522.0,16906.0,14491.0,680475.0,850361.0,728069.0,14973.0,3
코어엔텍,코어엔텍 주식회사,업체,폐기물 처리업,False,1776.0,1833.0,1849.0,307485.0,293163.0,305028.0,1819.3333333333333,3
코엔텍,주식회사 코엔텍,업체,폐기물 처리업,False,526.0,617.0,537.0,325970.0,328628.0,358898.0,560.0,3
코오롱글로텍,코오롱글로텍(주),사업장 1곳,섬유,False,328.0,332.0,57.0,20503.0,20679.0,3431.0,239.0,3
코오롱바스프이노폼,코오롱바스프이노폼 주식회사,사업장 1곳,합성고무 및 플라스틱 물질 제조업,False,1421.0,1600.0,1635.0,89611.0,101273.0,104981.0,1552.0,3
코오롱이앤피,코오롱이앤피(주),업체,합성고무 및 플라스틱 물질 제조업,False,,2125.0,,,131361.0,,2125.0,1
코오롱인더스트리,코오롱인더스트리 주식회사,업체,합성고무 및 플라스틱 물질 제조업,False,10375.0,10324.0,10152.0,555252.0,554983.0,580058.0,10283.666666666666,3
코오롱플라스틱,코오롱플라스틱(주),업체,합성고무 및 플라스틱 물질 제조업,False,1856.0,,,113843.0,,,1856.0,1
코카콜라음료,코카콜라음료(주),사업장 1곳,음료제조업,False,426.0,408.0,383.0,20829.0,20014.0,18704.0,405.6666666666667,3
쿠팡로지스틱스서비스,쿠팡로지스틱스서비스 유한회사,사업장 1곳,도로 화물 운송업,False,3066.0,1664.0,2199.0,189806.0,97956.0,123630.0,2309.6666666666665,3
쿠팡풀필먼트서비스,쿠팡풀필먼트서비스 유한회사,업체,보관 및 창고업,False,3634.0,4930.0,5961.0,174454.0,236793.0,286292.0,4841.666666666667,3
크나우프석고보드,크나우프석고보드 주식회사,업체,"시멘트, 석회, 플라스터 및 그 외 제품 제조업",False,2384.0,2187.0,1688.0,119896.0,110088.0,84967.0,2086.3333333333335,3
클라리오스델코,유한회사 클라리오스델코,사업장 1곳,전기전자,False,954.0,1087.0,1091.0,46094.0,52469.0,52652.0,1044.0,3
타타대우모빌리티,타타대우모빌리티 주식회사,사업장 1곳,자동차,False,,308.0,311.0,,16325.0,16428.0,309.5,2
타타대우상용차,타타대우상용차 주식회사,사업장 1곳,자동차,False,325.0,,,17278.0,,,325.0,1
태경비케이,주식회사 태경비케이,업체,"시멘트, 석회, 플라스터 및 그 외 제품 제조업",False,2547.0,2532.0,2595.0,618225.0,611753.0,644398.0,2558.0,3
태경산업,태경산업(주),업체,1차 철강 제조업,False,1472.0,1409.0,1017.0,109006.0,99941.0,65495.0,1299.3333333333333,3
태광산업,태광산업 주식회사,업체,기초 화학물질 제조업,False,14525.0,12933.0,9876.0,955839.0,895831.0,658194.0,12444.666666666666,3
태림페이퍼,태림페이퍼주식회사,업체,"펄프, 종이 및 판지 제조업",False,5917.0,5760.0,6043.0,355388.0,385762.0,388348.0,5906.666666666667,3
태백시환경자원센터,태백시 환경자원센터,사업장 1곳,지정외 폐기물처리업 등,False,169.0,,,10339.0,,,169.0,1
태봉광업,태봉광업 주식회사,업체,"시멘트, 석회, 플라스터 및 그 외 제품 제조업",False,666.0,611.0,643.0,261790.0,241973.0,262895.0,640.0,3
태상,(주)태상,사업장 1곳,기타 금속 가공제품 제조업,False,1276.0,1113.0,1103.0,65418.0,57201.0,56650.0,1164.0,3
태양금속공업,태양금속공업(주),사업장 1곳,기계,False,409.0,399.0,410.0,21302.0,20806.0,21390.0,406.0,3
태영건설,(주)태영건설,사업장 1곳,건설,False,,377.0,345.0,,19192.0,17456.0,361.0,2
태영세라믹,태영세라믹(주),사업장 1곳,"내화, 비내화 요업제품 제조업",False,433.0,539.0,,25556.0,32550.0,,486.0,2
태영열처리,(주)태영열처리,사업장 1곳,기계,False,,294.0,,,14249.0,,294.0,1
태영이엠씨,주식회사 태영이엠씨,업체,"시멘트, 석회, 플라스터 및 그 외 제품 제조업",False,748.0,773.0,771.0,141107.0,148256.0,145596.0,764.0,3
태우,(주)태우,사업장 1곳,비철금속,False,363.0,334.0,313.0,18622.0,17165.0,16139.0,336.6666666666667,3
태웅,(주)태웅,업체,1차 철강 제조업,False,3003.0,2950.0,2753.0,164976.0,162294.0,151271.0,2902.0,3
태평양금속,(주)태평양금속,사업장 1곳,"내화, 비내화 요업제품 제조업",False,689.0,754.0,657.0,33866.0,37112.0,32276.0,700.0,3
토탈,㈜토탈,사업장 1곳,폐기물 처리업,False,46.0,70.0,69.0,65878.0,64339.0,66562.0,61.666666666666664,3
통영시,통영시,사업장 1곳,폐기물 처리업,False,310.0,354.0,365.0,34765.0,37643.0,35069.0,343.0,3
통영에코파워,통영에코파워 주식회사,업체,발전에너지,False,,,38711.0,,,1945915.0,38711.0,1
티씨씨스틸,(주)티씨씨스틸,사업장 1곳,1차 철강 제조업,False,709.0,676.0,630.0,34342.0,32724.0,30198.0,671.6666666666666,3
티씨케이,(주)티씨케이,사업장 1곳,기타 비금속 광물제품 제조업,False,672.0,713.0,754.0,32586.0,34496.0,36433.0,713.0,3
티엘비,(주)티엘비,사업장 1곳,전기전자,False,443.0,456.0,478.0,22025.0,22682.0,23657.0,459.0,3
티와이코퍼레이션,(주)티와이코퍼레이션,사업장 1곳,"내화, 비내화 요업제품 제조업",False,,,394.0,,,23702.0,394.0,1
티웨이항공,주식회사 티웨이항공,업체,항공 여객 운송업,False,2866.0,2683.0,2803.0,199955.0,186993.0,195278.0,2784.0,3
티케이지에코머티리얼,티케이지에코머티리얼 주식회사,사업장 1곳,섬유,False,204.0,91.0,,7728.0,3154.0,,147.5,2
티케이지휴켐스,티케이지휴켐스 주식회사,업체,기초 화학물질 제조업,False,1544.0,1528.0,1405.0,79477.0,108678.0,121664.0,1492.3333333333333,3
티케이케미칼,티케이케미칼,업체,화학섬유 제조업,False,1989.0,1234.0,1245.0,101603.0,61590.0,61951.0,1489.3333333333333,3
파라다이스세가사미,주식회사 파라다이스세가사미,사업장 1곳,일반 및 생활 숙박시설 운영업,False,717.0,798.0,783.0,34730.0,38983.0,38134.0,766.0,3
파르나스호텔,파르나스호텔 주식회사,사업장 1곳,건물,False,424.0,434.0,472.0,20580.0,21033.0,22900.0,443.3333333333333,3
파리크라상,(주)파리크라상,사업장 1곳,식료품 제조업,False,426.0,422.0,411.0,20656.0,20408.0,19908.0,419.6666666666667,3
파워마스터반도체,파워마스터반도체 주식회사,사업장 1곳,반도체,False,,,376.0,,,25189.0,376.0,1
파인트리포스마그네슘,파인트리포스마그네슘 주식회사,사업장 1곳,금속 주조업,False,76.0,70.0,64.0,35804.0,35507.0,3068.0,70.0,3
파주시,파주시,업체,폐기물 처리업,False,1215.0,1505.0,1580.0,156399.0,162221.0,158598.0,1433.3333333333333,3
파주에너지서비스,파주에너지서비스,업체,전기업,False,75682.0,80560.0,75496.0,3885296.0,4132297.0,3860149.0,77246.0,3
파주에코에너지,파주에코에너지(주),사업장 1곳,발전에너지,False,0.0,0.0,0.0,21546.0,22169.0,24466.0,0.0,3
파주전기초자,파주전기초자 주식회사,사업장 1곳,유리 및 유리제품 제조업,False,425.0,457.0,349.0,25794.0,21948.0,16776.0,410.3333333333333,3
팔미금속공업,팔미금속공업(주),사업장 1곳,철강,False,314.0,291.0,304.0,16861.0,15615.0,16395.0,303.0,3
팜한농,주식회사 팜한농,업체,"비료, 농약 및 살균ㆍ살충제 제조업",False,1393.0,1024.0,713.0,101492.0,60012.0,34936.0,1043.3333333333333,3
페이퍼코리아,페이퍼코리아,사업장 1곳,"펄프, 종이 및 판지 제조업",False,1540.0,1529.0,1429.0,92403.0,88730.0,82690.0,1499.3333333333333,3
페트로코너지,주식회사 페트로코너지,사업장 1곳,발전에너지,False,1.0,1.0,2.0,22283.0,22739.0,20805.0,1.3333333333333333,3
평안운수,(주)평안운수,사업장 1곳,교통(여객),False,246.0,234.0,,13950.0,12864.0,,240.0,2
평택시,평택시,업체,"하수, 폐수 및 분뇨 처리업",False,1792.0,1899.0,1899.0,126432.0,123716.0,124285.0,1863.3333333333333,3
평택에너지서비스,평택에너지서비스(주),업체,"증기, 냉ㆍ온수 및 공기 조절 공급업",False,25012.0,,,1278920.0,,,25012.0,1
평택에너지앤파워,평택에너지앤파워 주식회사,업체,"증기, 냉ㆍ온수 및 공기 조절 공급업",False,,26586.0,22867.0,,1359985.0,1165215.0,24726.5,2
평화산업,평화산업(주),사업장 1곳,고무제품 제조업,False,656.0,647.0,653.0,32191.0,31733.0,31923.0,652.0,3
평화오일씰공업,평화오일씰공업(주),사업장 1곳,자동차,False,313.0,303.0,350.0,15061.0,14542.0,16830.0,322.0,3
포레스코,(주)포레스코,사업장 1곳,나무제품 제조업,False,760.0,771.0,780.0,31860.0,32212.0,32599.0,770.3333333333334,3
포스코,주식회사 포스코,업체,1차 철강 제조업,False,372059.0,377507.0,368071.0,71971881.0,71065143.0,69846022.0,372545.6666666667,3
포스코모빌리티솔루션,주식회사 포스코모빌리티솔루션,사업장 1곳,1차 철강 제조업,False,1200.0,1121.0,803.0,58802.0,54924.0,39364.0,1041.3333333333333,3
포스코스틸리온,포스코스틸리온(주),사업장 1곳,1차 철강 제조업,False,2330.0,2368.0,2260.0,114417.0,120953.0,115823.0,2319.3333333333335,3
포스코엠씨머티리얼즈,주식회사 포스코엠씨머티리얼즈,사업장 1곳,기초 화학물질 제조업,False,1357.0,1218.0,1145.0,92275.0,83843.0,71296.0,1240.0,3
포스코이앤씨,(주)포스코이앤씨,사업장 1곳,건설,False,,884.0,682.0,,43843.0,33992.0,783.0,2
포스코인터내셔널,주식회사 포스코인터내셔널,업체,전기업,False,83814.0,95999.0,79617.0,4218056.0,4831068.0,4000620.0,86476.66666666667,3
포스코퓨처엠,주식회사 포스코퓨처엠,업체,"시멘트, 석회, 플라스터 및 그 외 제품 제조업",False,17757.0,18214.0,16248.0,2388829.0,2298133.0,2200344.0,17406.333333333332,3
포스코홀딩스,포스코홀딩스 주식회사,업체,1차 철강 제조업,False,136.0,222.0,220.0,6645.0,10745.0,10693.0,192.66666666666666,3
포천민자발전,포천민자발전 주식회사,업체,전기업,False,28120.0,25898.0,30724.0,1421820.0,1305244.0,1544909.0,28247.333333333332,3
포천시,포천시,사업장 1곳,폐기물 처리업,False,626.0,615.0,623.0,58762.0,59149.0,50097.0,621.3333333333334,3
포천파워,포천파워(주),업체,전기업,False,36356.0,34369.0,29953.0,1829843.0,1729578.0,1504534.0,33559.333333333336,3
포항그린,(주)포항그린,사업장 1곳,폐기물 처리업,False,,17.0,20.0,,75079.0,76396.0,18.5,2
포항버스,주식회사 포항버스,사업장 1곳,교통(여객),False,,373.0,365.0,,19454.0,18999.0,369.0,2
포항시,포항시,업체,폐기물 처리업,False,2401.0,2492.0,2399.0,160629.0,164383.0,157059.0,2430.6666666666665,3
폴리미래,폴리미래(주),사업장 1곳,합성고무 및 플라스틱 물질 제조업,False,1882.0,1876.0,1787.0,100997.0,100796.0,96358.0,1848.3333333333333,3
풍년그린텍,(주)풍년그린텍,사업장 1곳,제지,False,383.0,469.0,509.0,18788.0,22977.0,24898.0,453.6666666666667,3
풍농,(주)풍농,사업장 1곳,석유화학,False,321.0,340.0,341.0,17282.0,18535.0,18404.0,334.0,3
풍산,주식회사 풍산,업체,1차 비철금속 제조업,False,4600.0,4946.0,5057.0,224240.0,240625.0,246374.0,4867.666666666667,3
풍전비철,(주)풍전비철,사업장 1곳,비철금속,False,,,346.0,,,17513.0,346.0,1
풍정주공,(주)풍정주공,사업장 1곳,금속 주조업,False,573.0,558.0,525.0,31091.0,30214.0,28567.0,552.0,3
퓨렉스,(주)퓨렉스,사업장 1곳,반도체,False,329.0,348.0,331.0,15948.0,16886.0,16246.0,336.0,3
피아이첨단소재,피아이첨단소재 주식회사,사업장 1곳,플라스틱 제품 제조업,False,1450.0,1867.0,1775.0,83003.0,106164.0,102615.0,1697.3333333333333,3
피앤오케미칼,주식회사 피앤오케미칼,사업장 1곳,석유화학,False,926.0,871.0,940.0,50747.0,47914.0,52050.0,912.3333333333334,3
피에스엠,주식회사 피에스엠,사업장 1곳,기타 금속 가공제품 제조업,False,411.0,170.0,73.0,21515.0,9293.0,3982.0,218.0,3
피엔디티,(주)피엔디티,사업장 1곳,자동차,False,393.0,335.0,308.0,20128.0,17142.0,15720.0,345.3333333333333,3
피엔알,주식회사 피엔알,업체,"해체, 선별 및 원료 재생업",False,1743.0,1976.0,1936.0,134728.0,138340.0,144119.0,1885.0,3
피유코어,피유코어 주식회사,사업장 1곳,석유화학,False,,543.0,531.0,,23768.0,23205.0,537.0,2
피제이메탈,(주)피제이메탈,사업장 1곳,비철금속,False,353.0,327.0,339.0,19909.0,18099.0,18645.0,339.6666666666667,3
피케이씨,피케이씨 주식회사,업체,기초 화학물질 제조업,False,,4310.0,4368.0,,216598.0,219251.0,4339.0,2
피케이엘,주식회사 피케이엘,사업장 1곳,전기전자,False,325.0,330.0,335.0,15821.0,16047.0,16334.0,330.0,3
필맥스,(주)필맥스,사업장 1곳,플라스틱 제품 제조업,False,427.0,427.0,402.0,20976.0,20861.0,19560.0,418.6666666666667,3
하나마이크론,하나마이크론,사업장 1곳,반도체 제조업,False,794.0,754.0,734.0,38134.0,36237.0,35284.0,760.6666666666666,3
하나머티리얼즈,하나머티리얼즈(주),사업장 1곳,반도체,False,425.0,540.0,549.0,20428.0,25908.0,26349.0,504.6666666666667,3
하나은행,주식회사 하나은행,업체,건물,False,977.0,994.0,1011.0,64830.0,65393.0,65105.0,994.0,3
하남시,하남시,사업장 1곳,폐기물 처리업,False,493.0,496.0,541.0,36998.0,37725.0,36466.0,510.0,3
하림,(주)하림,사업장 1곳,"도축, 육류 가공 및 저장 처리업",False,2463.0,2514.0,2509.0,100371.0,102619.0,103224.0,2495.3333333333335,3
하이트진로,하이트진로(주),업체,알코올 음료 제조업,False,2288.0,2154.0,2058.0,116077.0,110066.0,106460.0,2166.6666666666665,3
하이트진로산업,하이트진로산업(주),사업장 1곳,유리 및 유리제품 제조업,False,477.0,483.0,477.0,32411.0,30886.0,30203.0,479.0,3
하이호경금속,하이호경금속 주식회사,사업장 1곳,1차 비철금속 제조업,False,402.0,495.0,521.0,24395.0,30048.0,31700.0,472.6666666666667,3
하이호휠,주식회사 하이호휠,사업장 1곳,자동차 신품 부품 제조업,False,567.0,458.0,530.0,27970.0,22577.0,26118.0,518.3333333333334,3
학교법인가톨릭학원,학교법인 가톨릭학원,사업장 1곳,병원,False,2858.0,2826.0,2868.0,140421.0,138419.0,140420.0,2850.6666666666665,3
학교법인건국대학교,학교법인 건국대학교,사업장 1곳,고등 교육기관,False,1457.0,1526.0,1543.0,72202.0,75442.0,76282.0,1508.6666666666667,3
학교법인경희학원,학교법인 경희학원,업체,건물,False,1240.0,1249.0,1298.0,60346.0,60644.0,63185.0,1262.3333333333333,3
학교법인계명대학교,학교법인 계명대학교,사업장 1곳,건물,False,434.0,437.0,445.0,21292.0,21117.0,20835.0,438.6666666666667,3
학교법인고려중앙학원,학교법인 고려중앙학원,사업장 1곳,고등 교육기관,False,2241.0,2302.0,2443.0,108831.0,111736.0,118477.0,2328.6666666666665,3
학교법인성균관대학,학교법인 성균관대학,사업장 1곳,고등 교육기관,False,1410.0,1428.0,1450.0,69922.0,70474.0,71477.0,1429.3333333333333,3
학교법인연세대학교,학교법인 연세대학교,업체,고등 교육기관,False,4174.0,4207.0,4296.0,201772.0,203451.0,207951.0,4225.666666666667,3
학교법인영남학원,학교법인 영남학원,사업장 1곳,건물,False,633.0,645.0,664.0,30794.0,31385.0,32350.0,647.3333333333334,3
학교법인이화학당,학교법인 이화학당,사업장 1곳,고등 교육기관,False,3105.0,3285.0,3659.0,73133.0,74582.0,77466.0,3349.6666666666665,3
학교법인중앙대학교,학교법인 중앙대학교,사업장 1곳,건물,False,415.0,425.0,440.0,20141.0,20621.0,21390.0,426.6666666666667,3
학교법인포항공과대학교,학교법인 포항공과대학교,사업장 1곳,고등 교육기관,False,1733.0,1855.0,1881.0,75836.0,82127.0,83066.0,1823.0,3
학교법인한양학원,학교법인 한양학원,사업장 1곳,고등 교육기관,False,1613.0,3199.0,3210.0,79289.0,80087.0,84468.0,2674.0,3
한강식품,(주)한강식품,사업장 1곳,식료품 제조업,False,,,499.0,,,24338.0,499.0,1
한국가스공사,한국가스공사,업체,연료용 가스 제조 및 배관공급업,False,12626.0,11045.0,11979.0,654218.0,580251.0,632733.0,11883.333333333334,3
한국거래소,주식회사 한국거래소,사업장 1곳,건물,False,,383.0,,,18445.0,,383.0,1
한국경남태양유전,한국경남태양유전(주),사업장 1곳,전자 부품 제조업,False,1662.0,1799.0,1879.0,84149.0,91403.0,94442.0,1780.0,3
한국공항공사,한국공항공사,사업장 1곳,기타 운송관련 서비스업,False,1939.0,1903.0,1955.0,94111.0,92395.0,94882.0,1932.3333333333333,3
한국과학기술연구원,한국과학기술연구원,사업장 1곳,건물,False,383.0,381.0,392.0,18514.0,18403.0,18949.0,385.3333333333333,3
한국과학기술원,한국과학기술원,사업장 1곳,고등 교육기관,False,1723.0,1785.0,1820.0,85412.0,87144.0,89299.0,1776.0,3
한국과학기술정보연구원,한국과학기술정보연구원,사업장 1곳,건물,False,433.0,447.0,448.0,20768.0,21435.0,21495.0,442.6666666666667,3
한국기초소재,한국기초소재(주),사업장 1곳,시멘트,False,424.0,295.0,296.0,20818.0,14473.0,14493.0,338.3333333333333,3
한국남동발전,한국남동발전,업체,전기업,False,383625.0,372122.0,374575.0,31642766.0,30710313.0,30835303.0,376774.0,3
한국남부발전,한국남부발전 주식회사,업체,전기업,False,345098.0,321462.0,324394.0,26749983.0,24346135.0,24407208.0,330318.0,3
한국넥슬렌,한국넥슬렌유한회사,업체,합성고무 및 플라스틱 물질 제조업,False,2206.0,1750.0,2390.0,119806.0,87186.0,104405.0,2115.3333333333335,3
한국니토옵티칼,한국니토옵티칼(주),사업장 1곳,플라스틱 제품 제조업,False,634.0,662.0,645.0,33388.0,35250.0,37250.0,647.0,3
한국도로공사,한국도로공사,업체,기타 운송관련 서비스업,False,5290.0,5158.0,5384.0,264087.0,257639.0,268095.0,5277.333333333333,3
한국동서발전,한국동서발전 주식회사,업체,전기업,False,327976.0,319406.0,318110.0,27175504.0,25977192.0,26344859.0,321830.6666666667,3
한국무브넥스,한국무브넥스(주),사업장 1곳,철강,False,362.0,364.0,376.0,17429.0,17533.0,18095.0,367.3333333333333,3
한국바스프,한국바스프 주식회사,업체,기초 화학물질 제조업,False,9586.0,10140.0,9087.0,642191.0,679307.0,624958.0,9604.333333333334,3
한국방송공사,한국방송공사,사업장 1곳,건물,False,355.0,336.0,329.0,16960.0,16045.0,15693.0,340.0,3
한국보훈복지의료공단,한국보훈복지의료공단,사업장 1곳,건물,False,311.0,310.0,330.0,15169.0,15104.0,16092.0,317.0,3
한국서부발전,한국서부발전,업체,전기업,False,363987.0,333061.0,334602.0,29297637.0,26963939.0,27282477.0,343883.3333333333,3
한국세큐리트,한국세큐리트(주),사업장 1곳,유리,False,650.0,564.0,539.0,31271.0,27085.0,25921.0,584.3333333333334,3
한국수력원자력,한국수력원자력,업체,전기업,False,62322.0,73864.0,69728.0,3051212.0,3681792.0,3514393.0,68638.0,3
한국수자원공사,한국수자원공사,업체,수도업,False,16550.0,17454.0,18160.0,794143.0,802871.0,831758.0,17388.0,3
한국수출포장공업,한국수출포장공업(주),업체,"펄프, 종이 및 판지 제조업",False,1861.0,1890.0,1885.0,124898.0,127017.0,131061.0,1878.6666666666667,3
한국쓰리엠,한국쓰리엠(주),사업장 1곳,플라스틱 제품 제조업,False,882.0,928.0,918.0,43292.0,45247.0,44869.0,909.3333333333334,3
한국씨엔티,한국씨엔티(주),사업장 1곳,"시멘트, 석회, 플라스터 및 그 외 제품 제조업",False,1147.0,852.0,879.0,58675.0,43544.0,44831.0,959.3333333333334,3
한국알루미나,한국알루미나(주),사업장 1곳,석유화학,False,,244.0,234.0,,16483.0,12534.0,239.0,2
한국알스트롬,주식회사 한국알스트롬,사업장 1곳,"펄프, 종이 및 판지 제조업",False,565.0,615.0,673.0,41364.0,46832.0,50813.0,617.6666666666666,3
한국알콜산업,한국알콜산업(주),사업장 1곳,기초 화학물질 제조업,False,1497.0,1479.0,1356.0,35201.0,32846.0,26948.0,1444.0,3
한국앤컴퍼니,한국앤컴퍼니 주식회사,업체,일차전지 및 축전지 제조업,False,1574.0,1718.0,1782.0,76233.0,83256.0,86377.0,1691.3333333333333,3
한국야금,한국야금(주),사업장 1곳,기계,False,,332.0,339.0,,16100.0,16473.0,335.5,2
한국엔에스케이,한국엔에스케이(주),사업장 1곳,기계,False,405.0,410.0,366.0,19414.0,19678.0,17573.0,393.6666666666667,3
한국엔지니어링플라스틱,한국엔지니어링플라스틱,업체,합성고무 및 플라스틱 물질 제조업,False,3357.0,3445.0,3170.0,174975.0,175429.0,158591.0,3324.0,3
한국오웬스코닝,한국오웬스코닝(주),사업장 1곳,유리 및 유리제품 제조업,False,1500.0,1605.0,1662.0,78110.0,83641.0,86639.0,1589.0,3
한국원자력연구원,한국원자력연구원,사업장 1곳,건물,False,441.0,471.0,466.0,21384.0,22817.0,22564.0,459.3333333333333,3
한국원자력의학원,한국원자력의학원,사업장 1곳,건물,False,337.0,332.0,346.0,16427.0,16174.0,16865.0,338.3333333333333,3
한국유미코아,한국유미코아 유한책임회사,사업장 1곳,일차전지 및 축전지 제조업,False,1689.0,,,84221.0,,,1689.0,1
한국유미코아배터리머티리얼즈,한국유미코아배터리머티리얼즈 유한책임회사,사업장 1곳,일차전지 및 축전지 제조업,False,,1500.0,1567.0,,72926.0,75243.0,1533.5,2
한국이네오스스티롤루션,한국이네오스스티롤루션 주식회사,사업장 1곳,합성고무 및 플라스틱 물질 제조업,False,1568.0,1655.0,1688.0,71444.0,76298.0,76361.0,1637.0,3
한국인삼공사고려인삼창,(주)한국인삼공사 고려인삼창,사업장 1곳,식료품 제조업,False,672.0,661.0,604.0,33074.0,32542.0,29543.0,645.6666666666666,3
한국전력공사,한국전력공사,업체,전기업,False,7868.0,8238.0,8450.0,870499.0,873710.0,871887.0,8185.333333333333,3
한국전자통신연구원,한국전자통신연구원,사업장 1곳,건물,False,409.0,421.0,451.0,19730.0,20310.0,21766.0,427.0,3
한국제강,한국제강 주식회사,업체,1차 철강 제조업,False,4322.0,4126.0,3949.0,233174.0,223686.0,211190.0,4132.333333333333,3
한국제지,한국제지 주식회사,업체,"펄프, 종이 및 판지 제조업",False,6436.0,6433.0,5802.0,310138.0,311690.0,312352.0,6223.666666666667,3
한국주철관공업,한국주철관공업(주),사업장 1곳,1차 철강 제조업,False,800.0,759.0,710.0,60392.0,57389.0,53883.0,756.3333333333334,3
한국중부발전,한국중부발전,업체,전기업,False,400017.0,395111.0,337505.0,31296813.0,31166623.0,28063372.0,377544.3333333333,3
한국지엠,한국지엠 주식회사,업체,자동차용 엔진 및 자동차 제조업,False,5050.0,4844.0,4693.0,248449.0,238049.0,230705.0,4862.333333333333,3
한국지역난방공사,한국지역난방공사,업체,"증기, 냉ㆍ온수 및 공기 조절 공급업",False,115706.0,114897.0,140247.0,5764532.0,5621836.0,6871430.0,123616.66666666667,3
한국철강,한국철강,업체,1차 철강 제조업,False,6713.0,5516.0,4927.0,374042.0,305515.0,280244.0,5718.666666666667,3
한국철도공사,한국철도공사,업체,철도 운송업,False,29835.0,30028.0,30580.0,1504017.0,1510796.0,1528744.0,30147.666666666668,3
한국타이어앤테크놀로지,한국타이어앤테크놀로지(주),업체,고무제품 제조업,False,8445.0,8173.0,8140.0,408777.0,396117.0,365965.0,8252.666666666666,3
한국토지주택공사,한국토지주택공사,업체,"증기, 냉ㆍ온수 및 공기 조절 공급업",False,4713.0,5017.0,5139.0,236696.0,251252.0,257370.0,4956.333333333333,3
한국특강,(주)한국특강,업체,1차 철강 제조업,False,6306.0,6239.0,6195.0,352508.0,349281.0,347035.0,6246.666666666667,3
한국표준과학연구원,한국표준과학연구원,사업장 1곳,건물,False,437.0,468.0,492.0,21175.0,22712.0,23903.0,465.6666666666667,3
한국필립모리스,한국필립모리스(주),사업장 1곳,담배제조업,False,468.0,448.0,439.0,22872.0,14350.0,7415.0,451.6666666666667,3
한국항공우주산업,한국항공우주산업(주),사업장 1곳,"항공기, 우주선 및 부품 제조업",False,1299.0,1391.0,1495.0,65285.0,67159.0,71499.0,1395.0,3
한국핵융합에너지연구원,한국핵융합에너지연구원,사업장 1곳,건물,False,245.0,420.0,469.0,11740.0,20157.0,22483.0,378.0,3
한국허치슨터미널,한국허치슨터미널(주),사업장 1곳,항만,False,,342.0,286.0,,19177.0,15600.0,314.0,2
한국환경개발,한국환경개발(주),사업장 1곳,폐기물 처리업,False,466.0,479.0,486.0,96115.0,74724.0,56936.0,477.0,3
한금,(주)한금,사업장 1곳,철강,False,372.0,371.0,340.0,17401.0,17179.0,15491.0,361.0,3
한농화성,(주)한농화성,사업장 1곳,석유화학,False,,,348.0,,,18040.0,348.0,1
한라시멘트,한라시멘트주식회사,업체,"시멘트, 석회, 플라스터 및 그 외 제품 제조업",False,24346.0,22386.0,21593.0,4237627.0,3725709.0,3754247.0,22775.0,3
한맥테코산업,한맥테코산업㈜,사업장 1곳,폐기물 처리업,False,32.0,27.0,21.0,44476.0,40340.0,37661.0,26.666666666666668,3
한무쇼핑,한무쇼핑 주식회사,업체,건물,False,1365.0,1346.0,1314.0,64924.0,64007.0,62438.0,1341.6666666666667,3
한미약품,한미약품(주),사업장 1곳,의약품 제조업,False,1223.0,1429.0,1366.0,61238.0,71770.0,68426.0,1339.3333333333333,3
한미정밀화학,한미정밀화학(주),사업장 1곳,석유화학,False,366.0,338.0,269.0,15842.0,14605.0,11609.0,324.3333333333333,3
한성운수,한성운수(주),사업장 1곳,교통(여객),False,293.0,305.0,309.0,15288.0,15905.0,16166.0,302.3333333333333,3
한세모빌리티,한세모빌리티 주식회사,사업장 1곳,자동차,False,,509.0,461.0,,24600.0,22304.0,485.0,2
한세이프에너지,한세이프에너지(주),사업장 1곳,폐기물 처리업,False,47.0,47.0,48.0,50215.0,47986.0,48690.0,47.333333333333336,3
한솔제지,한솔제지,업체,"펄프, 종이 및 판지 제조업",False,14976.0,16580.0,16614.0,910726.0,923577.0,891798.0,16056.666666666666,3
한솔케미칼,(주)한솔케미칼,사업장 1곳,기초 화학물질 제조업,False,2879.0,2813.0,3030.0,121374.0,133544.0,143357.0,2907.3333333333335,3
한솔테크닉스,한솔테크닉스(주),사업장 1곳,전기전자,False,144.0,,,6950.0,,,144.0,1
한솔페이퍼텍,한솔페이퍼텍주식회사,사업장 1곳,"펄프, 종이 및 판지 제조업",False,1393.0,1135.0,1110.0,112002.0,125098.0,123415.0,1212.6666666666667,3
한솔홈데코,(주)한솔홈데코,사업장 1곳,나무제품 제조업,False,2011.0,1804.0,1759.0,55705.0,63294.0,62149.0,1858.0,3
한양에스앤씨,(주)한양에스앤씨,사업장 1곳,자동차,False,328.0,347.0,345.0,18401.0,19575.0,19310.0,340.0,3
한온시스템,한온시스템 주식회사,사업장 1곳,자동차 신품 부품 제조업,False,1321.0,1303.0,1310.0,62802.0,61700.0,62409.0,1311.3333333333333,3
한융금속,한융금속(주),사업장 1곳,비철금속,False,282.0,280.0,195.0,17569.0,17433.0,11981.0,252.33333333333334,3
한익스프레스,(주)한익스프레스,사업장 1곳,도로 화물 운송업,False,417.0,400.0,400.0,25195.0,23918.0,23847.0,405.6666666666667,3
한일고속,(주)한일고속,사업장 1곳,육상 여객 운송업,False,1216.0,973.0,803.0,88624.0,70972.0,58644.0,997.3333333333334,3
한일시멘트,한일시멘트 주식회사,업체,"시멘트, 석회, 플라스터 및 그 외 제품 제조업",False,27990.0,24489.0,41976.0,4370690.0,3668271.0,6178096.0,31485.0,3
한일제관,한일제관(주),사업장 1곳,기타 금속 가공제품 제조업,False,1188.0,1156.0,1041.0,58397.0,57100.0,51359.0,1128.3333333333333,3
한일캔,한일캔 주식회사,사업장 1곳,기계,False,442.0,454.0,422.0,25169.0,23393.0,21520.0,439.3333333333333,3
한일현대시멘트,한일현대시멘트 주식회사,업체,"시멘트, 석회, 플라스터 및 그 외 제품 제조업",False,19507.0,21319.0,,2903539.0,3124044.0,,20413.0,2
한전원자력연료,한전원자력연료 주식회사,사업장 1곳,석유화학,False,373.0,459.0,479.0,18030.0,22208.0,23112.0,437.0,3
한주,(주)한주,업체,"증기, 냉ㆍ온수 및 공기 조절 공급업",False,11774.0,12857.0,17980.0,981032.0,1049220.0,1198619.0,14203.666666666666,3
한주라이트메탈,한주라이트메탈 주식회사,사업장 1곳,비철금속,False,364.0,415.0,411.0,17792.0,20272.0,20089.0,396.6666666666667,3
한진,(주)한진,업체,도로 화물 운송업,False,1651.0,1644.0,1596.0,104499.0,102568.0,98362.0,1630.3333333333333,3
한진부산컨테이너터미널,한진부산컨테이너터미널,사업장 1곳,기타 운송관련 서비스업,False,616.0,657.0,608.0,30913.0,32876.0,30402.0,627.0,3
한창제지,(주)한창제지,업체,"펄프, 종이 및 판지 제조업",False,2397.0,2442.0,2368.0,192244.0,193116.0,186009.0,2402.3333333333335,3
한화,(주)한화,업체,기타 화학제품 제조업,False,1177.0,1213.0,1277.0,60576.0,64772.0,76442.0,1222.3333333333333,3
한화솔루션,한화솔루션 주식회사,업체,기초 화학물질 제조업,False,48414.0,48748.0,50343.0,2481024.0,2501207.0,2602004.0,49168.333333333336,3
한화에너지,한화에너지주식회사,업체,"증기, 냉ㆍ온수 및 공기 조절 공급업",False,55185.0,56941.0,55290.0,4957076.0,5014682.0,4921270.0,55805.333333333336,3
한화에어로스페이스,한화에어로스페이스 주식회사,사업장 1곳,무기 및 총포탄 제조업,False,1996.0,2230.0,2366.0,102289.0,114383.0,121740.0,2197.3333333333335,3
한화엔진,한화엔진 주식회사,사업장 1곳,일반 목적용 기계 제조업,False,670.0,762.0,760.0,37488.0,42358.0,44982.0,730.6666666666666,3
한화오션,한화오션(주),업체,선박 및 보트 건조업,False,7394.0,8160.0,7953.0,416679.0,455320.0,437734.0,7835.666666666667,3
한화오션에코텍,한화오션에코텍(주),사업장 1곳,조선,False,333.0,321.0,248.0,21505.0,20912.0,15414.0,300.6666666666667,3
한화임팩트,한화임팩트 주식회사,업체,기초 화학물질 제조업,False,9002.0,8982.0,8841.0,516207.0,516587.0,506609.0,8941.666666666666,3
한화첨단소재,한화첨단소재,사업장 1곳,석유화학,False,885.0,858.0,692.0,42977.0,41748.0,33762.0,811.6666666666666,3
한화토탈에너지스,한화토탈에너지스 주식회사,업체,기초 화학물질 제조업,False,103864.0,106381.0,102695.0,4571101.0,4679895.0,4538806.0,104313.33333333333,3
한화호텔앤드리조트,한화호텔앤드리조트 주식회사,업체,건물,False,1119.0,1035.0,1015.0,56254.0,51889.0,50586.0,1056.3333333333333,3
한황산업,한황산업주식회사,사업장 1곳,자동차 신품 부품 제조업,False,790.0,747.0,710.0,42468.0,40082.0,37920.0,749.0,3
해성디에스,해성디에스 주식회사,사업장 1곳,반도체 제조업,False,1470.0,1450.0,1487.0,65732.0,66233.0,66734.0,1469.0,3
해태에이치티비,해태에이치티비(주),사업장 1곳,음료제조업,False,465.0,474.0,453.0,18104.0,16119.0,13585.0,464.0,3
핸즈식스,핸즈식스주식회사,사업장 1곳,자동차 신품 부품 제조업,False,1494.0,1384.0,1433.0,73037.0,67612.0,70049.0,1437.0,3
핸즈코퍼레이션,핸즈코퍼레이션주식회사,사업장 1곳,자동차 신품 부품 제조업,False,1190.0,1214.0,1290.0,58536.0,59826.0,63390.0,1231.3333333333333,3
허드슨첨단소재코리아,허드슨첨단소재코리아 주식회사,사업장 1곳,일차전지 및 축전지 제조업,False,,,762.0,,,45997.0,762.0,1
현대건설,현대건설(주),업체,건설,False,1722.0,1701.0,1757.0,87852.0,86306.0,88670.0,1726.6666666666667,3
현대글로비스,현대글로비스(주),사업장 1곳,도로 화물 운송업,False,1207.0,1209.0,1196.0,79275.0,79527.0,79280.0,1204.0,3
현대로템,현대로템 주식회사,사업장 1곳,기계,False,364.0,382.0,429.0,18055.0,18977.0,20818.0,391.6666666666667,3
현대모비스,현대모비스(주),업체,자동차 신품 부품 제조업,False,2074.0,2172.0,2089.0,100704.0,105334.0,101238.0,2111.6666666666665,3
현대미포조선,현대미포조선,업체,선박 및 보트 건조업,False,2905.0,,,163099.0,,,2905.0,1
현대백화점,(주)현대백화점,업체,종합 소매업,False,3460.0,3416.0,3390.0,165600.0,162990.0,161447.0,3422.0,3
현대비앤지스틸,현대비앤지스틸(주),사업장 1곳,1차 철강 제조업,False,1686.0,1494.0,1420.0,82355.0,72957.0,64871.0,1533.3333333333333,3
현대삼호중공업,현대삼호중공업 주식회사,업체,선박 및 보트 건조업,False,4552.0,,,266200.0,,,4552.0,1
현대석회,현대석회(주),사업장 1곳,"시멘트, 석회, 플라스터 및 그 외 제품 제조업",False,236.0,245.0,245.0,84959.0,86857.0,90375.0,242.0,3
현대성우쏠라이트,현대성우쏠라이트 주식회사,사업장 1곳,일차전지 및 축전지 제조업,False,830.0,832.0,839.0,40265.0,40368.0,40729.0,833.6666666666666,3
현대성우캐스팅,현대성우캐스팅 주식회사,업체,자동차 신품 부품 제조업,False,4004.0,3784.0,3800.0,205747.0,194644.0,195238.0,3862.6666666666665,3
현대스틸파이프,현대스틸파이프 주식회사,사업장 1곳,1차 철강 제조업,False,693.0,781.0,717.0,33764.0,38043.0,35308.0,730.3333333333334,3
현대아이에프씨,현대아이에프씨 주식회사,업체,1차 철강 제조업,False,4524.0,4250.0,4292.0,245039.0,230030.0,232096.0,4355.333333333333,3
현대엔지니어링,현대엔지니어링(주),사업장 1곳,건설,False,,672.0,628.0,,33148.0,31489.0,650.0,2
현대엘앤씨,(주)현대엘앤씨,사업장 1곳,플라스틱 제품 제조업,False,772.0,785.0,734.0,38157.0,38430.0,36003.0,763.6666666666666,3
현대오일뱅크,현대오일뱅크,업체,석유 정제품 제조업,False,75295.0,,,6049520.0,,,75295.0,1
현대오토에버,현대오토에버 주식회사,사업장 1곳,통신,False,446.0,429.0,414.0,21379.0,20562.0,19837.0,429.6666666666667,3
현대위아,현대위아 주식회사,업체,자동차 신품 부품 제조업,False,2876.0,2036.0,1874.0,138476.0,98202.0,90046.0,2262.0,3
현대자동차,현대자동차 주식회사,업체,자동차용 엔진 및 자동차 제조업,False,32336.0,31463.0,32367.0,1569435.0,1526375.0,1564214.0,32055.333333333332,3
현대제철,현대제철 주식회사,업체,1차 철강 제조업,False,167110.0,159662.0,153016.0,29269107.0,28817883.0,28011895.0,159929.33333333334,3
현대종합금속,현대종합금속(주),사업장 1곳,기계,False,357.0,378.0,381.0,17435.0,18437.0,18568.0,372.0,3
현대종합특수강,현대종합특수강 주식회사,사업장 1곳,1차 철강 제조업,False,988.0,940.0,881.0,49081.0,46692.0,43700.0,936.3333333333334,3
현대케피코,(주)현대케피코,사업장 1곳,자동차 신품 부품 제조업,False,514.0,515.0,548.0,24838.0,24930.0,26507.0,525.6666666666666,3
현대트랜시스,현대트랜시스 주식회사,업체,자동차 신품 부품 제조업,False,4038.0,3948.0,4144.0,194917.0,190651.0,200208.0,4043.3333333333335,3
현우산업,현우산업(주),사업장 1곳,전기전자,False,345.0,313.0,303.0,16564.0,15014.0,14595.0,320.3333333333333,3
호남고속,(유)호남고속,사업장 1곳,교통(여객),False,327.0,317.0,299.0,21201.0,20755.0,19876.0,314.3333333333333,3
호스트웨이아이디씨,호스트웨이아이디씨(주),사업장 1곳,통신,False,350.0,343.0,338.0,16766.0,16431.0,16196.0,343.6666666666667,3
호텔롯데,주식회사 호텔롯데,업체,일반 및 생활 숙박시설 운영업,False,3145.0,3192.0,3086.0,154040.0,156449.0,151037.0,3141.0,3
호텔신라,주식회사 호텔신라,사업장 1곳,건물,False,436.0,443.0,452.0,21390.0,21716.0,22153.0,443.6666666666667,3
홈플러스,홈플러스 주식회사,업체,종합 소매업,False,8060.0,7858.0,7412.0,395741.0,385477.0,363890.0,7776.666666666667,3
홍덕산업,홍덕산업(주),사업장 1곳,1차 철강 제조업,False,1642.0,1374.0,1084.0,73375.0,61488.0,47828.0,1366.6666666666667,3
홍원제지,홍원제지(주),사업장 1곳,"펄프, 종이 및 판지 제조업",False,1454.0,1289.0,,104008.0,92212.0,,1371.5,2
홍천군,홍천군,사업장 1곳,폐기물,False,79.0,86.0,87.0,16206.0,16140.0,12602.0,84.0,3
화성시,화성시,사업장 1곳,폐기물 처리업,False,1254.0,1207.0,1413.0,131745.0,135511.0,140913.0,1291.3333333333333,3
화성여객,(주)화성여객,사업장 1곳,교통(여객),False,367.0,406.0,424.0,23099.0,25348.0,25138.0,399.0,3
화승알앤에이,(주)화승알앤에이,사업장 1곳,석유화학,False,422.0,426.0,413.0,20559.0,20734.0,20131.0,420.3333333333333,3
화승케미칼,(주)화승케미칼,사업장 1곳,플라스틱 제품 제조업,False,511.0,522.0,507.0,24960.0,25483.0,24752.0,513.3333333333334,3
화영운수,화영운수(주),사업장 1곳,교통(여객),False,293.0,280.0,312.0,17681.0,16404.0,18099.0,295.0,3
화인베스틸,(주)화인베스틸,사업장 1곳,철강,False,371.0,346.0,499.0,20309.0,18934.0,27364.0,405.3333333333333,3
화진철강,(주)화진철강,사업장 1곳,철강,False,221.0,,,13995.0,,,221.0,1
화천군,화천군,사업장 1곳,폐기물,False,,34.0,28.0,,18363.0,14015.0,31.0,2
환영철강공업,환영철강공업,업체,1차 철강 제조업,False,4707.0,4076.0,3717.0,252775.0,223712.0,203092.0,4166.666666666667,3
황조,(주)황조,업체,비철금속,False,,,89.0,,,87076.0,89.0,1
효성,주식회사 효성,사업장 1곳,기타 섬유제품 제조업,False,611.0,602.0,591.0,29804.0,29477.0,28882.0,601.3333333333334,3
효성네오켐,효성네오켐 주식회사,사업장 1곳,기초 화학물질 제조업,False,,1889.0,2174.0,,89671.0,102776.0,2031.5,2
효성중공업,효성중공업 주식회사,사업장 1곳,"전동기, 발전기 및 전기 변환ㆍ공급ㆍ제어 장치 제조업",False,1009.0,1093.0,1193.0,47870.0,52593.0,56969.0,1098.3333333333333,3
효성첨단소재,효성첨단소재 주식회사,업체,화학섬유 제조업,False,3759.0,,,168272.0,,,3759.0,1
효성티앤씨,효성티앤씨 주식회사,업체,화학섬유 제조업,False,5961.0,5436.0,5352.0,259764.0,244092.0,241823.0,5583.0,3
효성화학,효성화학 주식회사,업체,기초 화학물질 제조업,False,18333.0,14550.0,10672.0,839757.0,675406.0,478993.0,14518.333333333334,3
후성,주식회사 후성,업체,기초 화학물질 제조업,False,854.0,775.0,762.0,219379.0,218395.0,210225.0,797.0,3
휘닉스중앙,휘닉스중앙 주식회사,사업장 1곳,건물,False,436.0,417.0,410.0,21917.0,20879.0,20435.0,421.0,3
휴비스,휴비스,업체,화학섬유 제조업,False,5860.0,5846.0,5816.0,393137.0,398301.0,404326.0,5840.666666666667,3
휴스틸,주식회사 휴스틸,사업장 1곳,1차 철강 제조업,False,623.0,620.0,596.0,30462.0,30450.0,29390.0,613.0,3
희성촉매,희성촉매(주),사업장 1곳,석유화학,False,439.0,488.0,546.0,21525.0,23978.0,26637.0,491.0,3
