corp_code,corp_name,stock_code,corp_cls,induty_code,jurir_no,bizr_no,est_dt,acc_mt,adres,bsns_year,rcept_no,ftc_group,ftc_is_large,is_holding,size_class,size_reason,rev_basis,sme_limit_eok,ofs_rev_t,ofs_rev_3y_avg,ofs_assets_t,cfs_rev_t,cfs_rev_3y_avg,cfs_assets_t,kets_member,kets_code,kets_name,kets_ksic,kets_match_note,cbam_wave1_industry,cbam_wave1_item,cbam_wave1_type,cbam_wave2_industry,cbam_wave2_item,wave_group,report_ok,kw_CBAM,kw_배터리여권,kw_기어박스,kw_휠,kw_현가장치,kw_라디에이터,kw_유럽,product_hit,wave_group_final,review_decision,review_note,wave_group_reviewed
00173944,(주)우진,105840,Y,27216,1345110001814,1358105713,19800513,12,경기도 화성시 동부대로970번길 110,2025,20260316000450,,False,False,중소,"3년 평균 매출 691억 ≤ 기준 800억, 자산 5,000억 미만",별도,800,71565813467.0,69089440799.0,215030771058.0,150379282702.0,140055093014.0,297980322227.0,False,,,,,비해당,,,일부해당,가스 분석기(일부),2차 후보(확인 필요),,0,0,0,0,0,0,0,False,2차 후보(확인 필요),,,2차 후보-약
00129350,삼화콘덴서공업(주),001820,Y,26291,1345110003696,1358102429,19560814,12,경기도 용인시 처인구  남사면 경기동로 227,2025,20260319001054,,False,False,중견,"3년 평균 매출 2,369억 > 기준 1,000억",별도,1000,248224655342.0,236924159029.0,293888417006.0,294491998379.0,290224247331.0,340250346579.0,False,,,,,비해당,,,비해당,,비대상,True,0,0,0,0,0,0,7,False,비대상,,,비대상
00303217,(주)우진플라임,049800,Y,292,1101110822993,1318139905,19920103,12,충청북도 보은군 장안면 우진플라임로 100 본관동,2025,20260604000634,,False,False,중견,"3년 평균 매출 2,106억 > 기준 1,200억",별도,1200,211392273616.0,210624369753.0,314129626040.0,211623242809.0,211114832376.0,314383012815.0,False,,,,,비해당,,,일부해당,건설·광업 기계/농기계/산업용 로봇/석재 가공기(일부)/주조·야금 기계,2차 후보(확인 필요),True,0,0,0,0,0,0,6,False,2차 후보(확인 필요),,,2차 후보(확인 필요)
00125938,삼보판지(주),023600,K,171,1243110011322,1308112669,19810723,12,경기도 시흥시 공단1대로28번길 120 (정왕동),2025,20260320000317,,False,False,중견,"3년 평균 매출 2,259억 > 기준 1,800억",별도,1800,208253712760.0,225938353149.0,334279838631.0,539865414411.0,551261944468.0,858872719177.0,False,,,,,비해당,,,비해당,,비대상,True,0,0,0,0,0,0,0,False,비대상,,,비대상
01036446,(주)서연이화,200880,Y,303,1101115455476,2208882958,20140702,12,경기도 안양시 동안구 부림로170번길 41-22 (관양동),2025,20260318001250,,False,False,중견,"3년 평균 매출 17,710억 > 기준 1,200억, 자산 18,153억 ≥ 5,000억",별도,1200,1925420295816.0,1770981908065.0,1815292834846.0,4505249722750.0,4040348130379.0,3205041446005.0,False,,,,,비해당,,,일부해당,기어박스(일부)/자동차 엔진 부품(일부)/자동차 차체 부품(일부)/휠·현가장치·라디에이터(일부),2차 후보(확인 필요),True,0,0,0,0,0,1,17,True,"2차(2028, 제품명 확인)",제외,라디에이터 그릴 조명 특허 (라디에이터 아님),2차 후보(확인 필요)
01068348,(주)러셀,217500,K,292,1101115677864,1668100027,20150326,12,충청북도 청주시 흥덕구 옥산면 옥산산단로 36 (호죽리),2025,20260323000791,,False,False,중소,"3년 평균 매출 258억 ≤ 기준 1,200억, 자산 5,000억 미만",별도,1200,17212798102.0,25844885970.0,58450101521.0,27069629521.0,36420357828.0,65439293550.0,False,,,,,비해당,,,일부해당,건설·광업 기계/농기계/산업용 로봇/석재 가공기(일부)/주조·야금 기계,2차 후보(확인 필요),,0,0,0,0,0,0,0,False,2차 후보(확인 필요),,,2차 후보(확인 필요)
00133663,(주)세동,053060,K,303,1845110001541,6218109049,19860204,12,부산광역시 기장군  장안읍 장안산단 8로 8,2025,20260323000453,,False,False,중견,"3년 평균 매출 1,649억 > 기준 1,200억",별도,1200,177302768152.0,164906978323.0,122844044202.0,189439770060.0,176807745013.0,134390153086.0,False,,,,,비해당,,,일부해당,기어박스(일부)/자동차 엔진 부품(일부)/자동차 차체 부품(일부)/휠·현가장치·라디에이터(일부),2차 후보(확인 필요),True,0,0,0,0,0,0,3,False,2차 후보(확인 필요),,,2차 후보(확인 필요)
00132318,(주)성광벤드,014620,K,24133,1801110036425,6038107330,19800223,12,부산광역시 강서구  녹산산단262로 26,2025,20260708000008,,False,False,중견,"3년 평균 매출 2,164억 > 기준 1,800억, 자산 5,630억 ≥ 5,000억",별도,1800,221500650922.0,216399140421.0,563003096157.0,245669879092.0,242681969369.0,590271819146.0,False,,,,,해당,철강,원재료,비해당,,1차(2027),True,0,0,0,0,0,0,10,False,1차(2027),,,1차(2027)
00267881,보성파워텍(주),006910,K,2511,1301110007765,1348102237,19701121,12,충청북도 충주시 주덕읍 대창길 70 -,2025,20260319000970,,False,False,중소,"3년 평균 매출 1,010억 ≤ 기준 1,200억, 자산 5,000억 미만",별도,1200,147486453767.0,101014434635.0,133280442520.0,,,,False,,,,,해당,구조물,가공품,비해당,,1차(2027),,0,0,0,0,0,0,0,False,1차(2027),,,1차(2027)
00105156,극동유화(주),014530,Y,19221,1845110001335,6218100510,19791228,12,경상남도 양산시  어실로 101,2025,20260323001025,,False,False,중견,"3년 평균 매출 10,603억 > 기준 1,000억",별도,1000,1005967706802.0,1060294904371.0,415247658117.0,1021727866612.0,1080853395331.0,504234678749.0,False,,,,,비해당,,,비해당,,비대상,True,0,0,0,0,0,0,0,False,비대상,,,비대상
00351630,(주)세코닉스,053450,K,273,1158110006449,1278112192,19881224,12,경기도 동두천시  평화로2862번길 28,2025,20260320000344,,False,False,중견,"3년 평균 매출 3,872억 > 기준 800억",별도,800,354904671184.0,387237308504.0,252454062593.0,434869078123.0,466646393804.0,304885100741.0,False,,,,,비해당,,,비해당,,비대상,True,0,0,0,0,0,0,18,False,비대상,,,비대상
00867098,(주)티로보틱스,117730,K,29271,1311110126936,1298178206,20041027,12,경기도 오산시 가장산업서북로 103-37 (지곶동),2025,20260319001292,,False,False,중소,"3년 평균 매출 536억 ≤ 기준 1,200억, 자산 5,000억 미만",별도,1200,39059865094.0,53561332280.0,89598933718.0,43812661900.0,57078208972.0,89361141487.0,False,,,,,비해당,,,비해당,,비대상,,0,0,0,0,0,0,0,False,비대상,,,비대상
00601191,(주)하나기술,299030,K,29299,1348110080937,1248607579,20030318,12,경기도 용인시 처인구 남사면 전나무골길2번길 56-7,2025,20260814003680,,False,False,중소,"3년 평균 매출 1,014억 ≤ 기준 1,200억, 자산 5,000억 미만",별도,1200,92793492432.0,101443019227.0,261860937708.0,93832555999.0,102666564253.0,263293478189.0,False,,,,,비해당,,,비해당,,비대상,,0,0,0,0,0,0,0,False,비대상,,,비대상
00148939,조광피혁(주),004700,Y,15110,1501110001036,3158107132,19660803,12,"충청북도 청주시 흥덕구 공단로126번길 97 (송정동, 공단2브럭)",2025,20260319000650,,False,False,중견,"자산 6,620억 ≥ 5,000억",별도,1500,97880064978.0,104898485108.0,661996431061.0,,,,False,,,,,비해당,,,비해당,,비대상,True,0,0,0,1,0,0,0,True,비대상,,,비대상
00438036,팅크웨어(주),084730,K,264,1101111394420,2298126731,19970326,12,경기도 성남시 분당구 판교역로 240 삼환하이펙스 A동 9층,2025,20260320001267,,False,False,중견,"3년 평균 매출 1,855억 > 기준 1,000억",별도,1000,188582252198.0,185515112782.0,275986096850.0,536585727369.0,482601164625.0,369868460903.0,False,,,,,비해당,,,비해당,,비대상,True,0,0,0,0,0,0,5,False,비대상,,,비대상
01255652,(주)레이크머티리얼즈,281740,K,204,1101116525723,8938600629,20170922,12,세종특별자치시  전의면 산단길 22-144 -,2025,20260318001193,,False,False,중견,"3년 평균 매출 1,324억 > 기준 1,200억",별도,1200,141068662024.0,132399228954.0,316634147008.0,141233860094.0,132583149873.0,355838236186.0,False,,,,,비해당,,,비해당,,비대상,True,0,0,0,0,0,0,4,False,비대상,,,비대상
00664181,(주)인텔리안테크놀로지스,189300,K,26429,1101112948086,2118745307,20040205,12,경기도 평택시 진위면 진위산단로 18-7,2025,20260320001337,,False,False,중견,"3년 평균 매출 2,550억 > 기준 1,000억",별도,1000,287809917857.0,255028357375.0,476338945296.0,319628351040.0,294146882325.0,496458172495.0,False,,,,,비해당,,,비해당,,비대상,True,0,0,0,0,0,0,30,False,비대상,,,비대상
01058101,(주)라파스,214260,K,20423,1101113430040,1058690704,20060330,12,서울특별시 강서구 마곡중앙8로1길 62 라파스  ;,2025,20260320001360,,False,False,중소,"3년 평균 매출 199억 ≤ 기준 1,200억, 자산 5,000억 미만",별도,1200,19523736750.0,19902579610.0,62310989727.0,30987892335.0,28713048639.0,75077917566.0,False,,,,,비해당,,,비해당,,비대상,,0,0,0,0,0,0,0,False,비대상,,,비대상
01213586,아이디피(주),332370,K,26329,1101113356410,1138602012,20051208,12,"서울특별시 구로구 디지털로33길 50, 601",2025,20260311003940,,False,False,중소,"3년 평균 매출 385억 ≤ 기준 1,000억, 자산 5,000억 미만",별도,1000,40634596241.0,38487612714.0,73079678340.0,49083311500.0,43991712840.0,74404303598.0,False,,,,,비해당,,,비해당,,비대상,,0,0,0,0,0,0,0,False,비대상,,,비대상
01141942,(주)액트로,290740,K,262,1352110033862,1388178118,20120904,12,경기도 용인시 기흥구 흥덕1로 13 제타워동 35층 제에이3504호,2025,20260319000810,,False,False,중소,"3년 평균 매출 470억 ≤ 기준 1,000억, 자산 5,000억 미만",별도,1000,74018464048.0,47038794521.0,84520251097.0,244938933154.0,201623053209.0,123668697714.0,False,,,,,비해당,,,비해당,,비대상,,0,0,0,0,0,0,0,False,비대상,,,비대상
00447760,(주)미래컴퍼니,049950,K,29271,1101110911192,2118196221,19921230,12,경기도 화성시  양감면 정문송산로 69-12,2025,20260320001141,,False,False,중소,"3년 평균 매출 690억 ≤ 기준 1,200억, 자산 5,000억 미만",별도,1200,37679931475.0,69007053323.0,120049653900.0,40897794013.0,72550245617.0,121863202289.0,False,,,,,비해당,,,비해당,,비대상,,0,0,0,0,0,0,0,False,비대상,,,비대상
00118284,동일금속(주),109860,K,24312,1701110020397,5058124020,19841220,12,경상북도 영천시 금호읍 덕성리 327,2025,20260626000141,,False,False,중소,"3년 평균 매출 806억 ≤ 기준 1,800억, 자산 5,000억 미만",별도,1800,61379640196.0,80630196178.0,165533257051.0,91706521874.0,96045547319.0,180888658301.0,False,,,,,비해당,,,해당,철강 주조품,2차(2028),,0,0,0,0,0,0,0,False,2차(2028),,,2차(2028)
00442145,(주)아바코,083930,K,29272,1701110166737,5038143827,20000116,12,대구 달서구 월암동 1107번지,2025,20260608000428,,False,False,중견,"3년 평균 매출 2,930억 > 기준 1,200억",별도,1200,390585424274.0,292964309723.0,322101588339.0,392896306694.0,295087695415.0,323523807327.0,False,,,,,비해당,,,비해당,,비대상,True,0,0,0,0,0,0,9,False,비대상,,,비대상
00411446,(주)큐에스아이,066310,K,2612,1615110037709,3128143181,20000707,12,충청남도 천안시 서북구  성거읍 천흥8길 17,2025,20260625000480,,False,False,중소,"3년 평균 매출 211억 ≤ 기준 1,000억, 자산 5,000억 미만",별도,1000,23174272777.0,21069390553.0,93648432112.0,23282562121.0,21110979618.0,93019579690.0,False,,,,,비해당,,,비해당,,비대상,,0,0,0,0,0,0,0,False,비대상,,,비대상
01137295,프리시젼바이오(주),335810,K,27199,1601110265995,3148608943,20090928,12,대전시 유성구 테크노2로 306,2025,20260317000631,,False,False,중소,"3년 평균 매출 158억 ≤ 기준 800억, 자산 5,000억 미만",별도,800,14439814254.0,15790408315.0,56590174131.0,19925825433.0,19817040560.0,53074290379.0,False,,,,,비해당,,,일부해당,의료기기(일부),2차 후보(확인 필요),,0,0,0,0,0,0,0,False,2차 후보(확인 필요),,,2차 후보-약
01459212,주식회사 원준,382840,K,292,1348110166589,1248673730,20081126,12,경기도 수원시 권선구 산업로 174-29,2025,20260323001700,,False,False,중견,"3년 평균 매출 1,454억 > 기준 1,200억",별도,1200,149100259243.0,145402629329.0,166312130162.0,149100259243.0,145402629329.0,173929159460.0,False,,,,,비해당,,,일부해당,건설·광업 기계/농기계/산업용 로봇/석재 가공기(일부)/주조·야금 기계,2차 후보(확인 필요),True,0,0,0,0,0,0,25,False,2차 후보(확인 필요),,,2차 후보(확인 필요)
00763473,(주)코스메카코리아,241710,K,20423,1545110016091,3038124119,19991005,12,충청북도 음성군 대소면 대금로 196번길 17-12,2025,20260330001688,,False,False,중견,"3년 평균 매출 3,463억 > 기준 1,200억",별도,1200,441498750150.0,346268118006.0,433352129946.0,640929072776.0,545325609584.0,631824856424.0,False,,,,,비해당,,,비해당,,비대상,True,0,0,0,0,0,0,12,False,비대상,,,비대상
00442048,(주)아바텍,149950,K,26211,1701110179623,5038146784,20000901,12,대구광역시 달서구 달서대로 85길 100,2025,20260312001140,,False,False,중소,"3년 평균 매출 804억 ≤ 기준 1,000억, 자산 5,000억 미만",별도,1000,80944405170.0,80420464675.0,163284575024.0,,,,False,,,,,비해당,,,비해당,,비대상,,0,0,0,0,0,0,0,False,비대상,,,비대상
00267979,한일화학공업(주),007770,K,201,1201110003111,1338126110,19720328,12,충청남도 당진시 석문면 산단3로6길 47 -,2025,20260323001693,,False,False,중소,"3년 평균 매출 1,038억 ≤ 기준 1,200억, 자산 5,000억 미만",별도,1200,101563086315.0,103798839607.0,106095326057.0,124410156822.0,123875908360.0,127715930238.0,False,,,,,비해당,,,비해당,,비대상,,0,0,0,0,0,0,0,False,비대상,,,비대상
00530121,(주)디에스케이,109740,K,29272,1341110045290,1388113022,19950203,12,경기도 안산시 상록구 수인로710(사사동) -,2025,20260323001333,,False,False,중소,"3년 평균 매출 416억 ≤ 기준 1,200억, 자산 5,000억 미만",별도,1200,41120304030.0,41550260324.0,155981676519.0,43179030300.0,45773255756.0,148678782698.0,False,,,,,비해당,,,비해당,,비대상,,0,0,0,0,0,0,0,False,비대상,,,비대상
00166272,(주)화승코퍼레이션,013520,Y,303,1845110001252,6218105780,19780915,12,부산광역시 연제구 중앙대로 1079 -,2025,20260323001005,,False,False,중견,"3년 평균 매출 3,974억 > 기준 1,200억, 자산 5,613억 ≥ 5,000억",별도,1200,488830823178.0,397432913630.0,561299063324.0,1639776710595.0,1560237697625.0,1232594230096.0,False,,,,,비해당,,,일부해당,기어박스(일부)/자동차 엔진 부품(일부)/자동차 차체 부품(일부)/휠·현가장치·라디에이터(일부),2차 후보(확인 필요),True,0,0,2,0,0,0,7,True,"2차(2028, 제품명 확인)",제외,업계 일반 설명,2차 후보(확인 필요)
00946030,(주)로보티즈,108490,K,29299,1101111670044,2098122390,19990325,12,서울특별시 강서구 마곡중앙5로1길 37,2025,20260708000478,,False,False,중소,"3년 평균 매출 295억 ≤ 기준 1,200억, 자산 5,000억 미만",별도,1200,34712760842.0,29517527371.0,317313643247.0,38942547006.0,32702909182.0,319708080737.0,False,,,,,비해당,,,비해당,,비대상,,0,0,0,0,0,0,0,False,비대상,,,비대상
00609324,(주)뷰웍스,100120,K,27199,1101111775894,1208193796,19990918,12,경기도 안양시 동안구 부림로 17041-3,2025,20260323001685,,False,False,중견,"3년 평균 매출 2,154억 > 기준 800억",별도,800,227344613633.0,215370890205.0,345392745876.0,239334580000.0,227494395985.0,351892269253.0,False,,,,,비해당,,,일부해당,의료기기(일부),2차 후보(확인 필요),True,0,0,0,0,0,0,20,False,2차 후보(확인 필요),,,2차 후보-약
00143794,(주)원림,005820,Y,13225,1101110095152,1198101618,19681028,12,서울특별시 서초구  남부순환로 2495 원림빌딩 9층,2025,20260318001057,,False,False,중소,"3년 평균 매출 470억 ≤ 기준 1,000억, 자산 5,000억 미만",별도,1000,44941924865.0,46973647338.0,109924763248.0,89681887437.0,85496779549.0,189908053714.0,False,,,,,비해당,,,비해당,,비대상,,0,0,0,0,0,0,0,False,비대상,,,비대상
00118965,(주)티에이치엔,019180,Y,289,1701110022781,5038119351,19860723,12,대구광역시 달서구 성서로71길 43,2025,20260323001500,,False,False,중견,"3년 평균 매출 6,573억 > 기준 1,800억, 자산 5,374억 ≥ 5,000억",별도,1800,911722560104.0,657292820287.0,537442332678.0,989133894654.0,742170398272.0,613083846458.0,False,,,,,비해당,,,비해당,,비대상,True,0,0,0,0,0,0,1,False,비대상,,,비대상
00362159,(주)웰크론,065950,K,13219,1101110860216,1208163730,19920527,12,서울특별시 구로구 디지털로27길 12 주식회사 웰크론,2025,20260318000842,,False,False,중소,"3년 평균 매출 887억 ≤ 기준 1,000억, 자산 5,000억 미만",별도,1000,95090128370.0,88653225930.0,148559906623.0,268959790113.0,341320362375.0,329124032087.0,False,,,,,비해당,,,비해당,,비대상,,0,0,0,0,0,0,0,False,비대상,,,비대상
00561732,(주)아스플로,159010,K,29133,1350110119749,1348176326,20011128,12,경기도 화성시 정남면 정남산단로 38,2025,20260316001408,,False,False,중소,"3년 평균 매출 771억 ≤ 기준 1,200억, 자산 5,000억 미만",별도,1200,62435332422.0,77085066818.0,109561802882.0,67924197059.0,79469295251.0,118463666486.0,False,,,,,비해당,,,일부해당,엔진용·소형 펌프(일부),2차 후보(확인 필요),,0,0,0,0,0,0,0,False,2차 후보(확인 필요),,,2차 후보(확인 필요)
00417167,풍원정밀(주),371950,K,262,1350110049673,1348130029,19960116,12,경기도 안산시 단원구 산단로35번길 24,2025,20260323001475,,False,False,중소,"3년 평균 매출 389억 ≤ 기준 1,000억, 자산 5,000억 미만",별도,1000,29990430736.0,38945179220.0,79767821837.0,32363366118.0,41560256539.0,80333957792.0,False,,,,,비해당,,,비해당,,비대상,,0,0,0,0,0,0,0,False,비대상,,,비대상
00367385,효성오앤비(주),097870,K,2031,1648110001094,3128103710,19840823,06,충남 아산시 신동 279-10,2025,20250919000095,,False,False,중소,"3년 평균 매출 263억 ≤ 기준 1,200억, 자산 5,000억 미만",별도,1200,23417818578.0,26304947565.0,85416809746.0,24387108990.0,27368685935.0,90816844252.0,False,,,,,해당,비료,원재료,비해당,,1차(2027),,0,0,0,0,0,0,0,False,1차(2027),,,1차(2027)
00632793,전진바이오팜(주),110020,K,2049,1701110273433,5058139862,20040916,12,대구광역시 달서구 성서공단북로 295 -,2025,20260316001483,,False,False,중소,"3년 평균 매출 162억 ≤ 기준 1,200억, 자산 5,000억 미만",별도,1200,13694344910.0,16215912684.0,18509033933.0,,,,False,,,,,비해당,,,비해당,,비대상,,0,0,0,0,0,0,0,False,비대상,,,비대상
00168401,(주)금비,008870,Y,23192,1201110002022,1268109409,19730605,09,경기도 이천시 부발읍 중부대로1707번길 13,2025,20251215000379,,False,False,중견,3년 평균 매출 914억 > 기준 800억,별도,800,86557955280.0,91393048601.0,149763979333.0,252403803067.0,254272959790.0,298199879897.0,True,I0600140033,(주)금비,23192,,비해당,,,비해당,,비대상,True,0,0,0,0,0,0,2,False,비대상,,,비대상
01407909,원텍(주),336570,K,271,1101117232799,4968801552,20190916,12,대전광역시 유성구 테크노8로 64 (용산동),2025,20260319000649,,False,False,중견,"3년 평균 매출 1,266억 > 기준 800억",별도,800,151433690929.0,126586313171.0,216447738234.0,156838102870.0,129240501797.0,217246511788.0,False,,,,,비해당,,,일부해당,의료기기(일부),2차 후보(확인 필요),True,0,0,0,0,0,0,3,False,2차 후보(확인 필요),,,2차 후보-약
01208849,(주)나인테크,267320,K,292,1101116353116,2278700493,20170322,12,경기도 평택시 진위면 마산6로 6 -,2025,20260723000380,,False,False,중견,"3년 평균 매출 1,219억 > 기준 1,200억",별도,1200,67820312836.0,121876374114.0,163171526892.0,82368729078.0,134212295143.0,178483494012.0,False,,,,,비해당,,,일부해당,건설·광업 기계/농기계/산업용 로봇/석재 가공기(일부)/주조·야금 기계,2차 후보(확인 필요),True,0,0,0,0,0,0,1,False,2차 후보(확인 필요),,,2차 후보(확인 필요)
01046708,바디텍메드(주),206640,K,213,1101115527168,1078830220,20140930,12,강원도 춘천시 동내면 거두단지1길 43 -,2025,20260727000339,,False,False,중견,"3년 평균 매출 1,313억 > 기준 800억",별도,800,147888814936.0,131332824397.0,255421197154.0,162093303707.0,144824238938.0,281633435473.0,False,,,,,비해당,,,비해당,,비대상,True,0,0,0,0,0,0,8,False,비대상,,,비대상
00688358,하이즈항공(주),221840,K,313,1101112376401,2158617709,20011116,12,경상남도 사천시 사남면 공단5로 24,2025,20260318000947,,False,False,중소,"3년 평균 매출 550억 ≤ 기준 1,200억, 자산 5,000억 미만",별도,1200,56394739603.0,54991885810.0,103861626939.0,84621119162.0,83977021736.0,116731303663.0,False,,,,,비해당,,,비해당,,비대상,,0,0,0,0,0,0,0,False,비대상,,,비대상
01532603,주식회사 화승알앤에이,378850,Y,30399,2341110120538,3058640935,20210303,12,경상남도 양산시 충렬로 61,2025,20260323000996,,False,False,중견,"3년 평균 매출 6,965억 > 기준 1,200억",별도,1200,709609401842.0,696514356493.0,464816926144.0,714559988805.0,700780735206.0,479995395397.0,False,,,,,비해당,,,일부해당,휠·현가장치·라디에이터(일부),2차 후보(확인 필요),True,0,0,2,0,1,0,1,True,"2차(2028, 제품명 확인)",제외,업계 일반 설명,2차 후보(확인 필요)
00111458,대영포장(주),014160,Y,1721,1101110254104,1348101183,19790601,12,"경기도 안산시 단원구 산단로 265 (원시동, 대영포장(주))",2025,20260319001078,,False,False,중견,"3년 평균 매출 2,827억 > 기준 1,800억",별도,1800,283702207867.0,282666635489.0,261299982645.0,,,,False,,,,,비해당,,,비해당,,비대상,True,0,0,0,0,0,0,0,False,비대상,,,비대상
00218575,(주)황금에스티,032560,Y,24290,1101110504195,1078118697,19860825,12,경기도 안산시 단원구 엠티브이1로 25 (주)황금에스티,2025,20260323000918,,False,False,중소,"3년 평균 매출 1,497억 ≤ 기준 1,800억, 자산 5,000억 미만",별도,1800,153387045833.0,149696060404.0,317105889552.0,316529005034.0,330921099811.0,550476338694.0,False,,,,,비해당,,,비해당,,비대상,,0,0,0,0,0,0,0,False,비대상,,,비대상
00991191,앱클론(주),174900,K,213,1101114379213,1138640428,20100625,12,서울특별시 구로구 디지털로 285 에이스트윈타워 1차 1401호,2025,20260313000798,,False,False,중소,"3년 평균 매출 33억 ≤ 기준 800억, 자산 5,000억 미만",별도,800,4714084167.0,3310313085.0,70746511792.0,,,,False,,,,,비해당,,,비해당,,비대상,,0,0,0,0,0,0,0,False,비대상,,,비대상
00134316,(주)세원정공,021820,Y,303,1701110039207,5038111081,19890729,06,대구광역시 달서구 달서대로 554,2025,20250922000199,,False,False,중소,"3년 평균 매출 789억 ≤ 기준 1,200억, 자산 5,000억 미만",별도,1200,91471465347.0,78862618852.0,424529755134.0,179353786749.0,167028756984.0,779632174266.0,False,,,,,비해당,,,일부해당,기어박스(일부)/자동차 엔진 부품(일부)/자동차 차체 부품(일부)/휠·현가장치·라디에이터(일부),2차 후보(확인 필요),,0,0,0,0,0,0,0,False,2차 후보(확인 필요),,,2차 후보(확인 필요)
01301623,비씨엔씨(주),146320,K,261,1342110058902,1268172260,20030619,12,경기도 이천시 신둔면 마소로57번길 25,2025,20260316000912,,False,False,중소,"3년 평균 매출 744억 ≤ 기준 1,000억, 자산 5,000억 미만",별도,1000,85159379206.0,74434714405.0,172657046797.0,87583804218.0,76756491764.0,177508739179.0,False,,,,,비해당,,,비해당,,비대상,,0,0,0,0,0,0,0,False,비대상,,,비대상
00139685,(주)양지사,030960,K,1811,1101110244965,1198108488,19790115,06,경기도 김포시 양촌읍 황금1로 131,2025,20250911000416,,False,False,중소,"3년 평균 매출 587억 ≤ 기준 800억, 자산 5,000억 미만",별도,800,55863645104.0,58716510751.0,205898067206.0,,,,False,,,,,비해당,,,비해당,,비대상,,0,0,0,0,0,0,0,False,비대상,,,비대상
00867973,(주)서남,294630,K,289,1311110128338,1298178832,20041117,12,경기도 안성시 원곡면 승량길 52,2025,20260318001099,,False,False,중소,"3년 평균 매출 37억 ≤ 기준 1,800억, 자산 5,000억 미만",별도,1800,3386486863.0,3727684053.0,16595675557.0,,,,False,,,,,비해당,,,비해당,,비대상,,0,0,0,0,0,0,0,False,비대상,,,비대상
00828761,주식회사 레이,228670,K,27111,1345110084018,1358173282,20041006,12,경기도 성남시 분당구 판교역로 221 (삼평동 672) 투썬월드빌딩 12층,2025,20260320000289,,False,False,중소,"3년 평균 매출 786억 ≤ 기준 800억, 자산 5,000억 미만",별도,800,68172780774.0,78625199856.0,166280498089.0,111322950252.0,112349136361.0,192240432312.0,False,,,,,비해당,,,비해당,,비대상,,0,0,0,0,0,0,0,False,비대상,,,비대상
00122348,(주)방림,003610,Y,132,1101110035108,1078111490,19621205,09,서울특별시 마포구  월드컵북로 402 케이지아이티센터 18층,2025,20251222000124,,False,False,중소,"3년 평균 매출 770억 ≤ 기준 1,000억, 자산 5,000억 미만",별도,1000,78900679787.0,77027084147.0,208213662941.0,122527094021.0,121681521764.0,228990877295.0,False,,,,,비해당,,,비해당,,비대상,,0,0,0,0,0,0,0,False,비대상,,,비대상
00170877,(주)진로발효,018120,K,11121,1301110009365,1348104841,19841231,12,경기도 안산시 단원구 별망로 594,2025,20260319001276,,False,False,중견,3년 평균 매출 975억 > 기준 800억,별도,800,96819349088.0,97499942990.0,98915813634.0,99783679254.0,100435978506.0,102329386031.0,True,F0010100022,주식회사 진로발효,11121,,비해당,,,비해당,,비대상,True,0,0,0,0,0,0,0,False,비대상,,,비대상
00147222,(주)전방,000950,Y,13101,1101110005664,1028117373,19530223,12,"서울특별시 서대문구  서소문로 21 (충정로3가, 충정타워)",2025,20260319000974,,False,False,중소,"3년 평균 매출 643억 ≤ 기준 1,000억, 자산 5,000억 미만",별도,1000,40776455996.0,64261569753.0,238079324746.0,40776455996.0,64261569753.0,237363693514.0,False,,,,,비해당,,,비해당,,비대상,,0,0,0,0,0,0,0,False,비대상,,,비대상
00145464,이구산업(주),025820,Y,24221,1301110009498,1348102580,19710116,12,경기도 평택시 포승읍 포승공단로 42 이구산업(주),2025,20260316001242,,False,False,중견,"3년 평균 매출 4,711억 > 기준 1,800억",별도,1800,507783563654.0,471149723064.0,376967571557.0,,,,True,I0900130028,이구산업(주),24211,,비해당,,,비해당,,비대상,True,0,0,0,0,0,0,1,False,비대상,,,비대상
00109161,태경케미컬 주식회사,006890,Y,20121,1101110040793,2208110227,19701111,12,서울특별시 강서구  공항대로 467 (등촌동),2025,20260317000715,,False,False,중소,"3년 평균 매출 642억 ≤ 기준 1,200억, 자산 5,000억 미만",별도,1200,58473624334.0,64168676597.0,215820251470.0,61347896962.0,67737526649.0,224431427050.0,False,,,,,비해당,,,비해당,,비대상,,0,0,0,0,0,0,0,False,비대상,,,비대상
00529815,(주)오디텍,080520,K,2612,2149110013103,4038120067,19991206,12,전라북도 완주군 봉동읍 완주산단5로 87,2025,20260319000430,,False,False,중소,"3년 평균 매출 366억 ≤ 기준 1,000억, 자산 5,000억 미만",별도,1000,37959545863.0,36641881246.0,134140118265.0,37959545863.0,36641881246.0,134145170682.0,False,,,,,비해당,,,비해당,,비대상,,0,0,0,0,0,0,0,False,비대상,,,비대상
00363486,로체시스템즈(주),071280,K,292,1301110045012,1248152574,19971028,12,경기도 용인시 처인구 남사면 완장천로 448-34 로체시스템즈(주),2025,20260317000688,,False,False,중견,"3년 평균 매출 1,283억 > 기준 1,200억",별도,1200,120166416453.0,128273391055.0,158461427977.0,124870173744.0,130072019545.0,162369748610.0,False,,,,,비해당,,,일부해당,건설·광업 기계/농기계/산업용 로봇/석재 가공기(일부)/주조·야금 기계,2차 후보(확인 필요),True,0,0,0,2,0,0,0,True,2차 후보(확인 필요),,,2차 후보(확인 필요)
00303396,한국컴퓨터(주),054040,K,2629,1760110008737,5138108185,19940912,12,경상북도 구미시  임수로 24,2025,20260731000387,,False,False,중견,"3년 평균 매출 1,718억 > 기준 1,000억",별도,1000,146951538900.0,171830913160.0,236306459680.0,417773004030.0,403513604590.0,297069949486.0,False,,,,,비해당,,,비해당,,비대상,True,0,0,0,0,0,0,0,False,비대상,,,비대상
00174004,유성기업(주),002920,Y,303,1243110000755,1308104489,19600318,12,충청남도 아산시 둔포면 아산밸리동로 22,2025,20260629000189,,False,False,중견,"3년 평균 매출 3,120억 > 기준 1,200억",별도,1200,303146324924.0,312026455183.0,252041005401.0,304574766277.0,313549337129.0,433970393655.0,False,,,,,비해당,,,일부해당,기어박스(일부)/자동차 엔진 부품(일부)/자동차 차체 부품(일부)/휠·현가장치·라디에이터(일부),2차 후보(확인 필요),True,0,0,0,2,0,0,4,True,"2차(2028, 제품명 확인)",제외,피투자회사의 인휠모터 설명,2차 후보(확인 필요)
00123107,(주)보락,002760,Y,2049,1348110004474,1248134203,19590817,12,경기도 화성시  양감면 초록로 720-37,2025,20260318000334,,False,False,중소,"3년 평균 매출 482억 ≤ 기준 1,200억, 자산 5,000억 미만",별도,1200,50115779158.0,48163287380.0,59241347378.0,,,,False,,,,,비해당,,,비해당,,비대상,,0,0,0,0,0,0,0,False,비대상,,,비대상
00148595,(주)제일테크노스,038010,K,2511,1746110001179,5068100676,19710304,12,경상북도 포항시 남구 장흥로39번길 7,2025,20260320000688,,False,False,중견,"3년 평균 매출 1,765억 > 기준 1,200억",별도,1200,122307239726.0,176530121368.0,169525334391.0,133579370211.0,186802295680.0,179514853143.0,False,,,,,해당,구조물,가공품,비해당,,1차(2027),True,0,0,0,0,0,0,0,False,1차(2027),,,1차(2027)
00101220,KG케미칼(주),001390,Y,201,1243110008999,1308109693,19541231,12,울산광역시 울주군 온산읍 당월로 322,2025,20260323001613,KG,False,False,중견,공시대상기업집단 소속(중소 제외),별도,1200,216526425736.0,211843490082.0,371481160565.0,9101646921664.0,8965948795066.0,8343678242449.0,True,I0500120098,케이지케미칼 주식회사,20311,,해당,비료,원재료,비해당,,1차(2027),True,0,0,0,0,0,0,13,False,1차(2027),,,1차(2027)
00152686,(주)코리아써키트,007810,Y,2622,1301110026749,1348107528,19720411,12,경기도 안산시 단원구  강촌로139번길 9,2025,20260319000865,영풍,True,False,대기업,상호출자제한기업집단 소속,별도,1000,862984261270.0,739354090942.0,847651812704.0,1509725133078.0,1416305383661.0,1392548104186.0,True,I1100100029,(주)코리아써키트,26222,,비해당,,,비해당,,비대상,,0,0,0,0,0,0,0,False,비대상,,,비대상
00162993,한일홀딩스(주),003300,Y,23311,1101110040165,2208103255,19611228,12,서울특별시 서초구 효령로 275 서초동 1587 한일시멘트빌딩,2025,20260318001536,,False,True,중견,"자산 9,056억 ≥ 5,000억",별도,800,62696918167.0,54351299718.0,905630787204.0,1930489160379.0,2180762954832.0,3736407092143.0,False,,,,,해당,시멘트,원재료,비해당,,1차(2027),,0,0,0,0,0,0,0,False,1차(2027),,,1차(2027)
00800145,(주)서진오토모티브,122690,K,303,1101114264828,1078730882,20100119,12,경기도 시흥시 공단1대로 313,2025,20260323001419,,False,False,중견,"3년 평균 매출 1,910억 > 기준 1,200억",별도,1200,219733514680.0,190954773376.0,291308364677.0,2941851720462.0,2660973145579.0,2037923964426.0,False,,,,,비해당,,,일부해당,기어박스(일부)/자동차 엔진 부품(일부)/자동차 차체 부품(일부)/휠·현가장치·라디에이터(일부),2차 후보(확인 필요),True,0,0,34,7,0,1,3,True,"2차(2028, 제품명 확인)",확인,자동변속기 제품 라인업,"2차(2028, 제품명 확인)"
00660291,옵티시스(주),109080,K,26410,1301110056407,1248167679,19991129,12,경기도 성남시 수정구 산성대로 305 삼부르네상스파크Ⅱ 3층,2025,20260319000035,,False,False,중소,"3년 평균 매출 238억 ≤ 기준 1,000억, 자산 5,000억 미만",별도,1000,25727162593.0,23826438313.0,65235637894.0,,,,False,,,,,비해당,,,비해당,,비대상,,0,0,0,0,0,0,0,False,비대상,,,비대상
00332927,(주)제이에스코퍼레이션,194370,Y,15121,1101110554992,2198103482,19880201,12,서울특별시 송파구 위례성대로 138 (방이동),2025,20260318001652,,False,False,중견,"3년 평균 매출 3,073억 > 기준 1,500억, 자산 6,574억 ≥ 5,000억",별도,1500,312632825883.0,307271606552.0,657373876242.0,1288232609221.0,1089499110607.0,1808974753696.0,False,,,,,비해당,,,비해당,,비대상,True,0,0,0,0,0,0,8,False,비대상,,,비대상
00398792,SNT모티브(주),064960,Y,303,1801110396069,6218147887,20020206,12,부산광역시 기장군  철마면 여락송정로 363,2025,20260219002256,,False,False,중견,"3년 평균 매출 10,203억 > 기준 1,200억, 자산 12,682억 ≥ 5,000억",별도,1200,998738886099.0,1020259997050.0,1268180210832.0,1006373968570.0,1037184063404.0,1279363819077.0,False,,,,,비해당,,,일부해당,기어박스(일부)/자동차 엔진 부품(일부)/자동차 차체 부품(일부)/휠·현가장치·라디에이터(일부),2차 후보(확인 필요),True,0,0,14,0,18,0,29,True,"2차(2028, 제품명 확인)",확인,전기차 구동모터·드라이브유닛 (전동기 품목과도 연결),"2차(2028, 제품명 확인)"
00148920,조광페인트(주),004910,Y,20411,1801110007088,6068100205,19670116,12,부산광역시 사상구  삼덕로 5 148,2025,20260323001645,,False,False,중견,"3년 평균 매출 2,272억 > 기준 1,200억",별도,1200,194434537455.0,227151089967.0,411768143049.0,202667523052.0,234502021987.0,432759212945.0,False,,,,,비해당,,,비해당,,비대상,True,0,0,0,0,0,0,0,False,비대상,,,비대상
01170865,(주)네오셈,253590,K,292,1101116168614,1418600436,20160905,12,경기도 안양시 동안구 시민대로327번길 12-26 주식회사 네오셈,2025,20260318000748,,False,False,중소,"3년 평균 매출 875억 ≤ 기준 1,200억, 자산 5,000억 미만",별도,1200,60849545703.0,87466706030.0,144710892380.0,63936752061.0,90035022420.0,155056271081.0,False,,,,,비해당,,,일부해당,건설·광업 기계/농기계/산업용 로봇/석재 가공기(일부)/주조·야금 기계,2차 후보(확인 필요),,0,0,0,0,0,0,0,False,2차 후보(확인 필요),,,2차 후보(확인 필요)
00484682,(주)엘오티베큠,083310,K,29271,1615110049069,3128156143,20020323,12,경기도 오산시 지곶중앙로 1-20 -,2025,20260323001326,,False,False,중견,"3년 평균 매출 2,523억 > 기준 1,200억",별도,1200,174616472570.0,252294302984.0,289185187784.0,244892905459.0,327963481686.0,322445796096.0,False,,,,,비해당,,,비해당,,비대상,True,0,0,0,0,0,0,2,False,비대상,,,비대상
00136864,(주)신원,009270,Y,14112,1101110152770,1058111908,19730926,12,서울특별시 마포구  독막로 328 신원빌딩,2025,20260814002718,,False,False,중견,"3년 평균 매출 9,504억 > 기준 1,500억, 자산 6,542억 ≥ 5,000억",별도,1500,1091183970272.0,950366971952.0,654203482559.0,1092254154426.0,955423043230.0,642566644960.0,False,,,,,비해당,,,비해당,,비대상,True,0,0,0,0,0,0,0,False,비대상,,,비대상
00155373,(주)풍강,093380,K,259,1341110002141,1238101349,19740910,08,경기도 화성시  우정읍 남양만로 745,2025,20251117000158,,False,False,중소,"3년 평균 매출 933억 ≤ 기준 1,200억, 자산 5,000억 미만",별도,1200,90080578110.0,93278539614.0,91354965878.0,90273114653.0,93541309102.0,91881616321.0,False,,,,,일부해당,기타 파스너(일부)/단조·압형(일부)/볼트·너트/탱크·용기,,일부해당,금속 주방용기(일부)/단조·압형 제품/못·기타 파스너/스프링(일부)/와이어로프·철망/일반철물(일부),2차 후보(확인 필요),,0,0,0,0,0,0,0,False,2차 후보(확인 필요),,,2차 후보(확인 필요)
00137809,(주)신화다이나믹스,001770,Y,24199,1101110028632,1348129352,19560601,12,"경기도 안산시 단원구  번영2로 31 (성곡동,시화4다706)",2025,20260318000401,,False,False,중소,"3년 평균 매출 1,044억 ≤ 기준 1,800억, 자산 5,000억 미만",별도,1800,100397778375.0,104432134240.0,80593567472.0,,,,False,,,,,해당,철강,원재료,비해당,,1차(2027),,0,0,0,0,0,0,0,False,1차(2027),,,1차(2027)
00111193,대양전기공업(주),108380,K,31114,1801110081389,6038109788,19880701,12,부산광역시 사하구 장평로 245,2025,20260323001662,,False,False,중견,"3년 평균 매출 1,741억 > 기준 1,200억",별도,1200,208573413088.0,174147887219.0,300149585607.0,230094825180.0,193573625670.0,321983559541.0,False,,,,,비해당,,,비해당,,비대상,True,0,0,0,0,0,0,0,False,비대상,,,비대상
01258710,(주)이노메트리,302430,K,29299,1345110127040,1428114049,20080603,12,경기도 화성시 정남면 정남산단1길 40 -,2025,20260320000994,,False,False,중소,"3년 평균 매출 563억 ≤ 기준 1,200억, 자산 5,000억 미만",별도,1200,37045862582.0,56297847028.0,75512321238.0,38567691701.0,58449216702.0,77002948664.0,False,,,,,비해당,,,비해당,,비대상,,0,0,0,0,0,0,0,False,비대상,,,비대상
00220686,(주)에스피지,058610,K,28111,1243110031213,1398111459,19910321,12,"인천광역시 남동구  청능대로289번길 45 (고잔동, 남동공단 67B12L)",2025,20260318000411,,False,False,중견,"3년 평균 매출 2,267억 > 기준 1,800억",별도,1800,226740667393.0,226706673868.0,280321026957.0,341670161923.0,374644220067.0,428472044456.0,False,,,,,비해당,,,해당,전동기·변압기,2차(2028),True,0,0,70,0,0,0,10,True,2차(2028),,,2차(2028)
00429694,(주)파버나인,177830,K,2629,1201110155011,1318144728,19970704,12,인천광역시 남동구 호구포로 33 (고잔동 728-2) 남동공단 157블럭 4로트,2025,20260323000889,,False,False,중소,"3년 평균 매출 742억 ≤ 기준 1,000억, 자산 5,000억 미만",별도,1000,67566665066.0,74195024641.0,106573062409.0,132540413436.0,128683398149.0,150651302969.0,False,,,,,비해당,,,비해당,,비대상,,0,0,0,0,0,0,0,False,비대상,,,비대상
00857727,(주)하림,136480,K,1012,2149110034430,4038161113,20110104,12,전라북도 익산시  망성면 망성로 14 (주)하림,2025,20260318000871,하림,True,False,대기업,상호출자제한기업집단 소속,별도,1200,1392608677000.0,1328231624000.0,831206125000.0,1439995096000.0,1378750554333.0,855385855000.0,True,F0010100019,(주)하림,10121,,비해당,,,비해당,,비대상,,0,0,0,0,0,0,0,False,비대상,,,비대상
00636656,바이오플러스 주식회사,099430,K,211,1101112785355,1018194737,20030523,12,"경기도 성남시 중원구 사기막골로45번길 14, 18층 제에이-1801,1802호(상대원동, 성남 우림라이온스밸리2차",2025,20260320001078,,False,False,중소,"3년 평균 매출 528억 ≤ 기준 800억, 자산 5,000억 미만",별도,800,53375453332.0,52812338831.0,253669578207.0,90896012971.0,74116169538.0,285040012969.0,False,,,,,비해당,,,비해당,,비대상,,0,0,0,0,0,0,0,False,비대상,,,비대상
00476036,에프엔에스테크(주),083500,K,29272,1345110059459,1358153423,20020318,12,충청남도 천안시 서북구 직산읍 4산단2길 19,2025,20260317000021,,False,False,중소,"3년 평균 매출 597억 ≤ 기준 1,200억, 자산 5,000억 미만",별도,1200,66184651090.0,59729594630.0,109786560810.0,73657803682.0,67007944322.0,121876000647.0,False,,,,,비해당,,,비해당,,비대상,,0,0,0,0,0,0,0,False,비대상,,,비대상
00146269,일신방직(주),003200,Y,13101,1101110041717,1168140780,19511103,12,서울특별시 영등포구  은행로 11,2025,20260318001204,,False,False,중견,"3년 평균 매출 3,101억 > 기준 1,000억, 자산 6,613억 ≥ 5,000억",별도,1000,288639066004.0,310058114968.0,661275212537.0,517177907810.0,526746116141.0,1120711123137.0,True,I0200100007,일신방직(주) ,13101,,비해당,,,비해당,,비대상,True,0,0,0,0,0,0,1,False,비대상,,,비대상
00671978,(주)그리티,204020,K,14120,1101111773799,1098159281,19990918,12,"서울특별시 강남구 언주로151길 7, 2층 (신사동, 주성빌)",2025,20260319000906,,False,False,중견,"3년 평균 매출 1,868억 > 기준 1,500억",별도,1500,198347590023.0,186781194655.0,88591558497.0,201717579283.0,190853379990.0,142254331667.0,False,,,,,비해당,,,비해당,,비대상,True,0,0,0,0,0,0,6,False,비대상,,,비대상
00138729,아세아제지(주),002310,Y,172,1101110006274,2208102052,19580307,12,서울특별시 강남구  논현로 430,2025,20260318001362,,False,False,중견,"3년 평균 매출 5,141억 > 기준 1,800억, 자산 8,071억 ≥ 5,000억",별도,1800,485295773072.0,514121639097.0,807083151005.0,855126180115.0,884841955558.0,1034550897070.0,True,I0300100034,아세아제지(주),17123,,비해당,,,비해당,,비대상,True,0,0,0,0,0,0,0,False,비대상,,,비대상
00369170,(주)인터플렉스,051370,K,2622,1350110042924,1348121874,19940719,12,경기도 안산시 단원구 강촌로 149 스마트센터,2025,20260319001060,영풍,True,False,대기업,상호출자제한기업집단 소속,별도,1000,269834783787.0,266983274235.0,376781386427.0,467963733214.0,467862614337.0,401766268236.0,True,I1100130055,(주)인터플렉스,26221,,비해당,,,비해당,,비대상,,0,0,0,0,0,0,0,False,비대상,,,비대상
00530556,(주)예스티,122640,K,29271,1348110048183,1248170534,20000306,12,경기도 평택시 진위면 마산12로 27 예스티,2025,20260317000873,,False,False,중소,"3년 평균 매출 719억 ≤ 기준 1,200억, 자산 5,000억 미만",별도,1200,67060302511.0,71949565431.0,195828752398.0,87055847267.0,88986404559.0,226399320290.0,False,,,,,비해당,,,비해당,,비대상,,0,0,0,0,0,0,0,False,비대상,,,비대상
00223434,(주)에프에스티,036810,K,2629,1101110546006,1248123841,19870929,12,경기도 화성시 동탄면 동탄산단6길 15-23 에프에스티,2025,20260318001663,,False,False,중견,"3년 평균 매출 2,071억 > 기준 1,000억",별도,1000,223592130152.0,207089223566.0,432180700147.0,280262733555.0,238426601120.0,540070062623.0,False,,,,,비해당,,,비해당,,비대상,True,0,0,0,0,0,0,6,False,비대상,,,비대상
00864338,(주)웹스,196700,K,20203,1801110378835,6068170604,20010925,12,부산광역시 해운대구 센텀동로 45 901호,2025,20260318000552,,False,False,중소,"3년 평균 매출 295억 ≤ 기준 1,200억, 자산 5,000억 미만",별도,1200,30915412812.0,29481516229.0,71872159505.0,43174599020.0,37826163516.0,73193836539.0,False,,,,,비해당,,,비해당,,비대상,,0,0,0,0,0,0,0,False,비대상,,,비대상
01169267,(주)세화피앤씨,252500,K,204,1101116153095,8698700472,20160818,12,충청북도 진천군 초평면 은암길 36 -,2025,20260319000242,,False,False,중소,"3년 평균 매출 409억 ≤ 기준 1,200억, 자산 5,000억 미만",별도,1200,37645110414.0,40910123775.0,44782500983.0,,,,False,,,,,비해당,,,비해당,,비대상,,0,0,0,0,0,0,0,False,비대상,,,비대상
00325112,(주)프로텍,053610,K,29271,1349110012243,1338134226,19970901,12,경기도 안양시 동안구 시민대로327번길 11-14(관양동),2025,20260319000272,,False,False,중견,"3년 평균 매출 1,412억 > 기준 1,200억",별도,1200,184757045654.0,141183097865.0,355180855933.0,230542705719.0,185634468014.0,442823095798.0,False,,,,,비해당,,,비해당,,비대상,True,0,0,0,0,0,0,0,False,비대상,,,비대상
00250997,대정화금(주),120240,K,201,1101110510415,1018118476,19861113,12,"경기도 시흥시 서해안로 186 대정화금(주) 정?동, 시화공단 1다 107",2025,20260318000412,,False,False,중소,"3년 평균 매출 979억 ≤ 기준 1,200억, 자산 5,000억 미만",별도,1200,108081231529.0,97889435544.0,210705332687.0,,,,False,,,,,비해당,,,비해당,,비대상,,0,0,0,0,0,0,0,False,비대상,,,비대상
00807379,신흥에스이씨(주),243840,K,28202,1348110178873,1248680186,20090813,12,경기도 오산시 양산로 48,2025,20260706000279,,False,False,중견,"자산 5,608억 ≥ 5,000억",별도,1800,164460221494.0,166850727901.0,560772037099.0,408233544783.0,460305572822.0,875934873108.0,False,,,,,비해당,,,비해당,,비대상,True,0,0,0,0,0,0,14,False,비대상,,,비대상
00378628,(주)케이에이치바텍,060720,K,2629,1760110007234,5138106659,19921123,12,경상북도 구미시  1공단로10길 53-12 (주)KH바텍,2025,20260319001056,,False,False,중소,"3년 평균 매출 397억 ≤ 기준 1,000억, 자산 5,000억 미만",별도,1000,45899572891.0,39736890136.0,306868243516.0,424904200489.0,366496001954.0,404150935791.0,False,,,,,비해당,,,비해당,,비대상,,0,0,0,0,0,0,0,False,비대상,,,비대상
00897752,(주)천보,278280,K,201,1511110031157,3038149444,20071008,12,충청북도 충주시 주덕읍 중원산업로 312,2025,20260316001138,,False,False,중견,"자산 6,085억 ≥ 5,000억",별도,1200,68338250378.0,67677060076.0,608464977196.0,133849589627.0,153819989487.0,849544747385.0,False,,,,,비해당,,,비해당,,비대상,True,0,0,0,0,0,0,6,False,비대상,,,비대상
00160621,(주)한국화장품제조,003350,Y,20423,1101110037427,1028120368,19620321,12,서울특별시 종로구 청계천로 35,2025,20260813000488,,False,False,중견,"3년 평균 매출 1,538억 > 기준 1,200억",별도,1200,184628302893.0,153811762654.0,198737392563.0,,,,False,,,,,비해당,,,비해당,,비대상,True,0,0,0,0,0,0,0,False,비대상,,,비대상
00575106,씨유테크 주식회사,376290,K,26224,1313110055652,1258154366,20040923,12,경기도 평택시 청북읍 현곡산단로93번길 6,2025,20260323001411,,False,False,중소,"3년 평균 매출 150억 ≤ 기준 1,000억, 자산 5,000억 미만",별도,1000,17033775544.0,14976189211.0,86532865757.0,216513076154.0,224537800929.0,128940675376.0,False,,,,,비해당,,,비해당,,비대상,,0,0,0,0,0,0,0,False,비대상,,,비대상
00533508,제이엠티(주),094970,K,2629,1101111551749,2298132359,19980601,12,경기도 평택시 산단로 63-19 (모곡동),2025,20260318001658,,False,False,중소,"3년 평균 매출 433억 ≤ 기준 1,000억, 자산 5,000억 미만",별도,1000,63229688173.0,43333958340.0,86551044471.0,200224698801.0,162327440276.0,269999778329.0,False,,,,,비해당,,,비해당,,비대상,,0,0,0,0,0,0,0,False,비대상,,,비대상
00203023,(주)시노펙스,025320,K,2629,1746110004644,5068103805,19850418,12,경상북도 포항시 북구 청하면 동해대로2315번길 54-2 -,2025,20260318001595,,False,False,중견,"3년 평균 매출 1,235억 > 기준 1,000억",별도,1000,132978199178.0,123517312890.0,221560227616.0,261537523873.0,254016569727.0,259491410039.0,False,,,,,비해당,,,비해당,,비대상,True,0,0,0,0,0,0,2,False,비대상,,,비대상
00298340,(주)에스티아이,039440,K,29271,1346110009460,1258123112,19970710,12,경기도 안성시 공도읍 봉기길 21 -,2025,20260312000432,,False,False,중견,"3년 평균 매출 3,041억 > 기준 1,200억",별도,1200,306617024786.0,304103444863.0,356591374882.0,328058707879.0,327181203355.0,366268498846.0,False,,,,,비해당,,,비해당,,비대상,True,0,0,0,0,0,0,4,False,비대상,,,비대상
01174038,(주)자비스,254120,K,292,1101116178564,5108700492,20160920,12,경기도 성남시 중원구 사기막골로 177 금강하이테크밸리 619호,2025,20260319000014,,False,False,중소,"3년 평균 매출 313억 ≤ 기준 1,200억, 자산 5,000억 미만",별도,1200,27443228882.0,31289848608.0,38061027467.0,27895397844.0,31405324048.0,37974064512.0,False,,,,,비해당,,,일부해당,건설·광업 기계/농기계/산업용 로봇/석재 가공기(일부)/주조·야금 기계,2차 후보(확인 필요),,0,0,0,0,0,0,0,False,2차 후보(확인 필요),,,2차 후보(확인 필요)
00858124,알에스오토메이션(주),140670,K,262,1345110147171,1428124514,20091210,12,경기도 평택시 진위면 진위산단로 38,2025,20260320000353,,False,False,중소,"3년 평균 매출 741억 ≤ 기준 1,000억, 자산 5,000억 미만",별도,1000,66083409073.0,74081514088.0,91231881997.0,67038479474.0,75027123948.0,91661824152.0,False,,,,,비해당,,,비해당,,비대상,,0,0,0,0,0,0,0,False,비대상,,,비대상
00148522,퍼스텍(주),010820,Y,252,1942110000133,6098101805,19750925,12,경상남도 창원시 성산구  남면로 485 퍼스텍(주),2025,20260312000931,,False,False,중견,"3년 평균 매출 2,251억 > 기준 1,200억",별도,1200,294842426804.0,225073011768.0,403060377892.0,,,,False,,,,,비해당,,,비해당,,비대상,True,0,0,0,0,0,0,0,False,비대상,,,비대상
00134963,송원산업(주),004430,Y,20499,1801110000636,6108107100,19651215,12,울산광역시 남구  장생포로 83,2025,20260602000117,,False,False,중견,"3년 평균 매출 8,446억 > 기준 1,200억, 자산 9,795억 ≥ 5,000억",별도,1200,842453000000.0,844554333333.0,979487000000.0,1039162000000.0,1046445666667.0,1147312000000.0,True,I0500100028,송원산업(주),20499,,비해당,,,비해당,,비대상,True,0,0,0,0,0,0,17,False,비대상,,,비대상
00478900,(주)빅솔론,093190,K,263,1358110087297,1248602593,20021114,12,경기도 성남시 분당구 판교로 344 아이디스타워 5층,2025,20260703000506,,False,False,중소,"3년 평균 매출 967억 ≤ 기준 1,000억, 자산 5,000억 미만",별도,1000,104012291137.0,96680055307.0,213864395878.0,133467748246.0,118362744710.0,271135635797.0,False,,,,,비해당,,,비해당,,비대상,,0,0,0,0,0,0,0,False,비대상,,,비대상
00148948,(주)조비,001550,Y,20312,1101110086599,2148108783,19551115,12,서울특별시 서초구 효령로77길 28 동오빌딩 (서초동 1337-4),2025,20260318000442,,False,False,중소,"3년 평균 매출 1,056억 ≤ 기준 1,200억, 자산 5,000억 미만",별도,1200,99737235320.0,105634398978.0,123257989730.0,,,,False,,,,,해당,비료,원재료,비해당,,1차(2027),,0,0,0,0,0,0,0,False,1차(2027),,,1차(2027)
01405390,주식회사 핌스,347770,K,26212,1201110799950,4698100377,20160119,12,인천광역시 남동구 남동동로138번길 15 -,2025,20260320000652,,False,False,중소,"3년 평균 매출 689억 ≤ 기준 1,000억, 자산 5,000억 미만",별도,1000,62876285786.0,68856349966.0,83080606316.0,63383012048.0,69785245894.0,80907326307.0,False,,,,,비해당,,,비해당,,비대상,,0,0,0,0,0,0,0,False,비대상,,,비대상
00124151,부산주공(주),005030,Y,30310,1801110002682,6068101596,19670427,12,부산광역시 기장군 장안읍 신소재산단1로 10 부산주공(주),2025,20260630000693,,False,False,중견,"3년 평균 매출 2,167억 > 기준 1,200억",별도,1200,195406166736.0,216718991975.0,219032786553.0,,,,True,I1200110022,부산주공(주),30310,,비해당,,,일부해당,자동차 엔진 부품(일부),2차 후보(확인 필요),True,0,0,0,0,0,0,2,False,2차 후보(확인 필요),,,2차 후보(확인 필요)
00157070,한국단자공업(주),025540,Y,2812,1201110002957,1398113632,19730420,12,인천광역시 연수구 갯벌로 38,2025,20260312000938,,False,False,중견,"3년 평균 매출 11,878억 > 기준 1,800억, 자산 12,653억 ≥ 5,000억",별도,1800,1170686046000.0,1187814412667.0,1265332695000.0,1442849979000.0,1416527114667.0,1558044824000.0,False,,,,,비해당,,,비해당,,비대상,True,0,0,0,0,0,0,1,False,비대상,,,비대상
01014718,주식회사 제노코,361390,K,26429,1311110127512,1298178695,20041103,12,"경기도 군포시 농심로72번길 1 (당정동,제노코빌딩)",2025,20260318000775,,False,False,중소,"3년 평균 매출 572억 ≤ 기준 1,000억, 자산 5,000억 미만",별도,1000,59631313389.0,57191334090.0,87633193752.0,,,,False,,,,,비해당,,,비해당,,비대상,,0,0,0,0,0,0,0,False,비대상,,,비대상
00870861,와이엠씨(주),155650,K,262,1615110096292,3128197106,20080212,12,충청남도 아산시  둔포면 아산밸리중앙로 154-25,2025,20260313001301,,False,False,중견,"3년 평균 매출 1,513억 > 기준 1,000억",별도,1000,114799273785.0,151253724851.0,130185984306.0,172777352555.0,181713542616.0,179445590286.0,False,,,,,비해당,,,비해당,,비대상,True,0,0,0,0,0,0,0,False,비대상,,,비대상
01354740,(주)브이씨,365900,K,3330,1101113197088,2098139552,20050401,12,"서울특별시 강남구 테헤란로108길 23 대치동, 보이스캐디 사옥",2025,20260318000245,,False,False,중소,"3년 평균 매출 381억 ≤ 기준 1,000억, 자산 5,000억 미만",별도,1000,37571861421.0,38085814432.0,83013615301.0,46898526887.0,42753326173.0,82579699240.0,False,,,,,비해당,,,비해당,,비대상,,0,0,0,0,0,0,0,False,비대상,,,비대상
00231354,주식회사 파워넷,037030,K,2811,1412110006738,2248107438,19931228,12,서울특별시 금천구 두산로 70 현대지식산업센터 B동 17층,2025,20260318001673,,False,False,중견,"3년 평균 매출 2,212억 > 기준 1,800억",별도,1800,247163694128.0,221184290252.0,183900259332.0,447036915403.0,318626745586.0,583813968667.0,False,,,,,비해당,,,해당,전동기·변압기,2차(2028),True,0,0,0,0,0,0,0,False,2차(2028),,,2차(2028)
01032486,두산밥캣 주식회사,241560,Y,29241,1101115402237,2018638888,20140425,12,"경기도 성남시 분당구 정자일로 155 정자동, 분당두산타워",2025,20260319001265,두산,True,False,대기업,상호출자제한기업집단 소속,연결,1200,,,,6181806000.0,6642284000.0,8558454000.0,False,,,,,비해당,,,해당,건설·광업 기계,2차(2028),,0,0,0,0,0,0,0,False,2차(2028),,,2차(2028)
00407285,(주)아이컴포넌트,059100,K,26211,1301110060490,1248172828,20000512,12,경기도 평택시 팽성읍 추팔산단1길 23,2025,20260318000685,,False,False,중소,"3년 평균 매출 330억 ≤ 기준 1,000억, 자산 5,000억 미만",별도,1000,34649217419.0,33032577758.0,59516000796.0,,,,False,,,,,비해당,,,비해당,,비대상,,0,0,0,0,0,0,0,False,비대상,,,비대상
00239596,(주)쎄니트,037760,K,24122,1942110018855,6088122767,19950502,12,경상남도 의령군  의령읍 구룡로4남길 53,2025,20260318000700,,False,False,중소,"3년 평균 매출 717억 ≤ 기준 1,800억, 자산 5,000억 미만",별도,1800,70311710964.0,71693327236.0,126672109795.0,126987862521.0,133261766415.0,222592550429.0,False,,,,,해당,철강,원재료,비해당,,1차(2027),,0,0,0,0,0,0,0,False,1차(2027),,,1차(2027)
00577335,(주)대성하이텍,129920,K,29223,1701110205600,5038152160,20011012,12,"대구광역시 달성군 현풍면 테크노대로2길 10 (중리, (주)대성하이텍)",2025,20260323000925,,False,False,중소,"3년 평균 매출 908억 ≤ 기준 1,200억, 자산 5,000억 미만",별도,1200,94741644433.0,90820210089.0,181833018385.0,95216185446.0,93615060406.0,186030839262.0,False,,,,,비해당,,,일부해당,석재 가공기(일부),2차 후보(확인 필요),,0,0,0,0,0,0,0,False,2차 후보(확인 필요),,,2차 후보-약
00153755,태양금속공업(주),004100,Y,303,1101110003212,1348100016,19540301,12,경기도 안산시 단원구  해봉로 212 (성곡동),2025,20260324000742,,False,False,중견,"3년 평균 매출 3,655억 > 기준 1,200억, 자산 5,009억 ≥ 5,000억",별도,1200,349105580671.0,365470304721.0,500875219974.0,620169328505.0,619120618333.0,609338497429.0,False,,,,,비해당,,,일부해당,기어박스(일부)/자동차 엔진 부품(일부)/자동차 차체 부품(일부)/휠·현가장치·라디에이터(일부),2차 후보(확인 필요),True,0,0,0,0,0,0,0,False,2차 후보(확인 필요),,,2차 후보(확인 필요)
00132804,성신양회(주),004980,Y,23311,1101110072928,1018118194,19670316,12,서울특별시 종로구  인사동5길 29,2025,20260318001369,,False,False,중견,"3년 평균 매출 6,991억 > 기준 800억, 자산 11,893억 ≥ 5,000억",별도,800,623526620586.0,699134240532.0,1189287535507.0,1216265960464.0,1164060292270.0,1307212194785.0,True,I0700100009,성신양회(주),23311,,해당,시멘트,원재료,비해당,,1차(2027),True,0,0,0,0,0,0,0,False,1차(2027),,,1차(2027)
01222432,주식회사 에스제이그룹,306040,K,15129,1101113856618,2118810329,20080314,12,서울특별시 강남구 도곡로 156 SJ빌딩,2025,20260318000906,,False,False,중소,"3년 평균 매출 1,390억 ≤ 기준 1,500억, 자산 5,000억 미만",별도,1500,121235305503.0,139026992298.0,176849309125.0,163414115546.0,182973049209.0,215495019815.0,False,,,,,비해당,,,비해당,,비대상,,0,0,0,0,0,0,0,False,비대상,,,비대상
00174208,(주)진성티이씨,036890,K,29241,1348110002155,1248130717,19820428,12,경기도 평택시 세교산단로 3 (세교동),2025,20260316000068,,False,False,중견,"3년 평균 매출 2,576억 > 기준 1,200억",별도,1200,269465190649.0,257590987246.0,321499960131.0,463820413148.0,446484761511.0,514178422526.0,False,,,,,비해당,,,해당,건설·광업 기계,2차(2028),True,0,0,0,0,0,0,11,False,2차(2028),,,2차(2028)
00659976,영화테크(주),265560,K,3033,1615110038129,3128143672,20000808,12,충청남도 아산시 둔포면 아산밸리로 132,2025,20260318001678,,False,False,중소,"3년 평균 매출 909억 ≤ 기준 1,200억, 자산 5,000억 미만",별도,1200,117804312951.0,90945390708.0,117956059668.0,108613630588.0,89453713513.0,118435399289.0,False,,,,,비해당,,,일부해당,기어박스(일부),2차 후보(확인 필요),,0,0,0,0,0,0,0,False,2차 후보(확인 필요),,,2차 후보(확인 필요)
00114093,(주)덕성,004830,Y,22214,1341110000096,1238100243,19661110,12,경기도 수원시 영통구  신원로 25,2025,20260318000948,,False,False,중소,"3년 평균 매출 1,166억 ≤ 기준 1,200억, 자산 5,000억 미만",별도,1200,133505197477.0,116560072587.0,148057496297.0,146476303554.0,126620827295.0,152659897436.0,False,,,,,비해당,,,비해당,,비대상,,0,0,0,0,0,0,0,False,비대상,,,비대상
00181299,(주)상아프론테크,089980,K,222,1201110038209,1228116548,19860321,12,인천광역시 남동구  남동대로369번길 18,2025,20260316001450,,False,False,중견,"3년 평균 매출 1,534억 > 기준 1,200억",별도,1200,171288954591.0,153412044175.0,333206826659.0,195987991877.0,183779599012.0,380069102840.0,False,,,,,비해당,,,비해당,,비대상,True,0,0,0,0,0,0,1,False,비대상,,,비대상
01364747,(주)가온칩스,399720,K,26112,1311110319656,1448104023,20120806,12,경기도 성남시 수정구 금토로40번길 26 A동 4층,2025,20260319001147,,False,False,중소,"3년 평균 매출 762억 ≤ 기준 1,000억, 자산 5,000억 미만",별도,1000,68510181008.0,76199844167.0,157412217954.0,68510181008.0,76199844167.0,159310899656.0,False,,,,,비해당,,,비해당,,비대상,,0,0,0,0,0,0,0,False,비대상,,,비대상
00654272,램테크놀러지(주),171010,K,20119,1345110053211,1358149574,20011025,12,경기도 용인시 처인구  양지면 주북로 285,2025,20260323001255,,False,False,중소,"3년 평균 매출 379억 ≤ 기준 1,200억, 자산 5,000억 미만",별도,1200,35793291923.0,37909390372.0,96403184464.0,42682293992.0,43386519388.0,102310587744.0,False,,,,,비해당,,,비해당,,비대상,,0,0,0,0,0,0,0,False,비대상,,,비대상
00990165,아세아시멘트(주),183190,Y,23311,1101115238096,2208864630,20131002,12,서울 강남구 역삼2동 726 아세아타워빌딩 14층,2025,20260318001310,,False,False,중견,"3년 평균 매출 5,086억 > 기준 800억, 자산 12,071억 ≥ 5,000억",별도,800,456605366000.0,508643610333.0,1207104423000.0,1022789744000.0,1111194366667.0,2177954305000.0,True,I0700100011,아세아시멘트 주식회사,23311,,해당,시멘트,원재료,비해당,,1차(2027),True,0,0,0,0,0,0,1,False,1차(2027),,,1차(2027)
00327819,(주)선익시스템,171090,K,292,1101110700555,1258113079,19900524,12,경기도 수원시 권선구 산업로155번길 293(고색동),2025,20260320001146,,False,False,중견,"3년 평균 매출 2,291억 > 기준 1,200억",별도,1200,515360026987.0,229056912280.0,364039826926.0,515761033577.0,230366294654.0,365622084365.0,False,,,,,비해당,,,일부해당,건설·광업 기계/농기계/산업용 로봇/석재 가공기(일부)/주조·야금 기계,2차 후보(확인 필요),True,0,0,0,0,0,0,0,False,2차 후보(확인 필요),,,2차 후보(확인 필요)
00257732,한국정밀기계(주),101680,K,29223,1943110006189,6088131228,19880421,12,경상남도 함안군  법수면 윤외공단길 83-1,2025,20260423000391,,False,False,중소,"3년 평균 매출 460억 ≤ 기준 1,200억, 자산 5,000억 미만",별도,1200,30571562943.0,46000020546.0,71029131353.0,,,,False,,,,,비해당,,,일부해당,석재 가공기(일부),2차 후보(확인 필요),,0,0,0,0,0,0,0,False,2차 후보(확인 필요),,,2차 후보-약
00126371,삼성전기(주),009150,Y,2622,1301110001626,1248100979,19730808,12,경기도 수원시 영통구  매영로 150,2025,20260310003071,삼성,True,False,대기업,상호출자제한기업집단 소속,별도,1000,8377908028341.0,7590796586908.0,10093973921384.0,11314459238100.0,10166991385780.0,14595895255468.0,True,I1100100008,삼성전기 주식회사,26299,,비해당,,,비해당,,비대상,,0,0,0,0,0,0,0,False,비대상,,,비대상
01686755,(주)파인엠텍,441270,K,26299,1341110618279,5818102559,20220901,12,경기도 안양시 만안구 전파로24번길 93(안양동),2025,20260318001161,,False,False,중견,"3년 평균 매출 1,058억 > 기준 1,000억",별도,1000,88293228171.0,105816898933.0,348415292733.0,239121107842.0,333773048363.0,427360659854.0,False,,,,,비해당,,,비해당,,비대상,True,0,0,0,0,0,0,0,False,비대상,,,비대상
00593032,(주)LF,093050,Y,14111,1101113555187,2118787724,20061103,12,서울특별시 강남구 언주로 870 (신사동),2025,20260601001924,,False,False,중견,"3년 평균 매출 12,062억 > 기준 1,500억, 자산 19,354억 ≥ 5,000억",별도,1500,1140620103883.0,1206175752432.0,1935387828560.0,1882430252411.0,1913141506744.0,3026661178694.0,False,,,,,비해당,,,비해당,,비대상,True,0,0,0,0,0,0,6,False,비대상,,,비대상
00171867,(주)에스씨디,042110,K,28519,1345110005858,1358102166,19870415,12,경기도 용인시 처인구  남사면 형제로17번길 21,2025,20260319000765,,False,False,중견,"3년 평균 매출 1,932억 > 기준 1,800억",별도,1800,198572222361.0,193230764825.0,156884386033.0,216137192300.0,208035290415.0,174654184534.0,False,,,,,비해당,,,해당,냉장고·세탁기 등,2차(2028),True,0,0,0,0,0,0,1,False,2차(2028),,,2차(2028)
00124276,(주)부-스타,008470,K,25130,1243110002628,1308102064,19730126,12,충청북도 진천군  이월면 고등2길 18 (주)부스타보일러,2025,20260313000821,,False,False,중소,"3년 평균 매출 1,017억 ≤ 기준 1,200억, 자산 5,000억 미만",별도,1200,106982221963.0,101710712939.0,97310173338.0,120761096176.0,109334710759.0,100355166513.0,False,,,,,비해당,,,비해당,,비대상,,0,0,0,0,0,0,0,False,비대상,,,비대상
00155151,피에이치에이(주),043370,K,303,1701110021006,5038106628,19850411,12,대구 달서구 대천동 1032번지,2025,20260318000311,,False,False,중견,"3년 평균 매출 6,830억 > 기준 1,200억, 자산 8,021억 ≥ 5,000억",별도,1200,693892968273.0,683020021833.0,802081981815.0,1200673221564.0,1162723666812.0,1138284616470.0,False,,,,,비해당,,,일부해당,기어박스(일부)/자동차 엔진 부품(일부)/자동차 차체 부품(일부)/휠·현가장치·라디에이터(일부),2차 후보(확인 필요),True,0,0,0,0,0,0,28,False,2차 후보(확인 필요),,,2차 후보(확인 필요)
00269612,(주)파워로직스,047310,K,2812,1101111459191,1058189099,19970903,12,충청북도 청원군  옥산면 과학산업4로 163,2025,20260602000010,,False,False,중견,"3년 평균 매출 5,617억 > 기준 1,800억",별도,1800,527798793687.0,561733369567.0,293592112413.0,686534652866.0,731053267171.0,365080086901.0,False,,,,,비해당,,,비해당,,비대상,True,0,0,0,0,0,0,2,False,비대상,,,비대상
00350482,성우테크론(주),045300,K,2629,1942110025941,6098129822,19970401,12,경남 창원시 성산구 성주동 24-6,2025,20260313000899,,False,False,중소,"3년 평균 매출 384억 ≤ 기준 1,000억, 자산 5,000억 미만",별도,1000,40916515347.0,38424607714.0,93378565014.0,40916515347.0,38793070046.0,100443141859.0,False,,,,,비해당,,,비해당,,비대상,,0,0,0,0,0,0,0,False,비대상,,,비대상
00256715,(주)국순당,043650,K,11111,2013110001155,1248114925,19830205,12,강원도 횡성군 둔내면 강변로 975,2025,20260814002401,,False,False,중소,"3년 평균 매출 661억 ≤ 기준 800억, 자산 5,000억 미만",별도,800,65719014724.0,66106749500.0,247279538232.0,67498883797.0,68933833748.0,258361185371.0,False,,,,,비해당,,,비해당,,비대상,,0,0,0,0,0,0,0,False,비대상,,,비대상
00154055,태원물산(주),001420,Y,303,1101110086771,1208165136,19550111,12,서울특별시 강남구 테헤란로86길 14 (대치동),2025,20260327001530,,False,False,중소,"3년 평균 매출 119억 ≤ 기준 1,200억, 자산 5,000억 미만",별도,1200,14864855000.0,11882602991.0,45421078401.0,,,,False,,,,,비해당,,,일부해당,기어박스(일부)/자동차 엔진 부품(일부)/자동차 차체 부품(일부)/휠·현가장치·라디에이터(일부),2차 후보(확인 필요),,0,0,0,0,0,0,0,False,2차 후보(확인 필요),,,2차 후보(확인 필요)
00447928,(주)네오티스,085910,K,303,1346110015095,1258134040,20000818,12,경기도 안성시  죽산면 용대길 38-9,2025,20260629000421,,False,False,중소,"3년 평균 매출 439억 ≤ 기준 1,200억, 자산 5,000억 미만",별도,1200,48830850608.0,43882637337.0,97721084335.0,68676858572.0,59085380577.0,128511197520.0,False,,,,,비해당,,,일부해당,기어박스(일부)/자동차 엔진 부품(일부)/자동차 차체 부품(일부)/휠·현가장치·라디에이터(일부),2차 후보(확인 필요),,0,0,0,0,0,0,0,False,2차 후보(확인 필요),,,2차 후보(확인 필요)
00159564,한국주강(주),025890,Y,292,1943110000537,6088105400,19870826,12,경상남도 함안군 법수면 장백로 585 -,2025,20260701000447,,False,False,중소,"3년 평균 매출 436억 ≤ 기준 1,200억, 자산 5,000억 미만",별도,1200,39872284084.0,43578012853.0,38306813397.0,,,,False,,,,,비해당,,,일부해당,건설·광업 기계/농기계/산업용 로봇/석재 가공기(일부)/주조·야금 기계,2차 후보(확인 필요),,0,0,0,0,0,0,0,False,2차 후보(확인 필요),,,2차 후보(확인 필요)
00759294,(주)와이솔,122990,K,2629,1358110154111,1358198089,20080624,12,경기도 오산시 가장로 531-7(가장동),2025,20260318000465,,False,False,중견,"3년 평균 매출 1,782억 > 기준 1,000억",별도,1000,170467020047.0,178220093557.0,321677836332.0,321239179749.0,355322374437.0,346238781672.0,False,,,,,비해당,,,비해당,,비대상,True,0,0,0,0,0,0,0,False,비대상,,,비대상
00112165,(주)디아이씨,092200,Y,303,1801110025147,6208110295,19760803,12,울산광역시 울주군  두동면 봉계농공길 8,2025,20260320001046,,False,False,중견,"3년 평균 매출 4,510억 > 기준 1,200억",별도,1200,406814288213.0,450998563295.0,449879768441.0,757310499806.0,735034440482.0,718346475907.0,False,,,,,비해당,,,일부해당,기어박스(일부)/자동차 엔진 부품(일부)/자동차 차체 부품(일부)/휠·현가장치·라디에이터(일부),2차 후보(확인 필요),True,0,0,36,0,0,0,2,True,"2차(2028, 제품명 확인)",확인,"변속기 기술연구소, 변속기 부품","2차(2028, 제품명 확인)"
00445799,(주)서원인텍,093920,K,2642,1351110045041,1238144144,19830815,12,경기도 군포시 공단로140번길 32-15 -,2025,20260323000783,,False,False,중소,"3년 평균 매출 655억 ≤ 기준 1,000억, 자산 5,000억 미만",별도,1000,55070183869.0,65503174211.0,224461909544.0,194904120443.0,223190347554.0,249863567820.0,False,,,,,비해당,,,비해당,,비대상,,0,0,0,0,0,0,0,False,비대상,,,비대상
01478712,대덕전자(주),353200,Y,2622,1314110460809,6748701704,20200501,12,경기도 안산시 단원구 강촌로 230,2025,20260318001514,,False,False,중견,"3년 평균 매출 9,555억 > 기준 1,000억, 자산 11,750억 ≥ 5,000억",별도,1000,1064715003611.0,955500766047.0,1175013021932.0,1065294559811.0,955693983486.0,1178006544303.0,True,I1100200109,대덕전자 주식회사,26222,,비해당,,,비해당,,비대상,True,0,0,0,0,0,0,0,False,비대상,,,비대상
00143314,(주)에이엔피,015260,Y,2622,1243110006456,1308106245,19810121,12,인천광역시 남동구 남동대로 248 (주)에이엔피,2025,20260323000919,,False,False,중견,"3년 평균 매출 1,230억 > 기준 1,000억",별도,1000,116460105447.0,122975339747.0,104023775069.0,117490390365.0,123962281147.0,99182468920.0,False,,,,,비해당,,,비해당,,비대상,True,0,0,1,0,0,0,0,True,비대상,,,비대상
00364306,성우전자(주),081580,K,2642,1243110020000,1228122467,19870826,12,"경기도 안산시 단원구 번영로 68 (성곡동, 시화공단 4마 606호)",2025,20260313001395,,False,False,중소,"3년 평균 매출 164억 ≤ 기준 1,000억, 자산 5,000억 미만",별도,1000,18728349666.0,16361023584.0,98064616283.0,182738934318.0,159617435161.0,159370980039.0,False,,,,,비해당,,,비해당,,비대상,,0,0,0,0,0,0,0,False,비대상,,,비대상
00152783,(주)코메론,049430,K,27219,1801110047399,6038105797,19830125,12,부산광역시 사하구 장평로 73 (주)코메론,2025,20260320001359,,False,False,중소,"3년 평균 매출 638억 ≤ 기준 800억, 자산 5,000억 미만",별도,800,62681802985.0,63840407461.0,251773772574.0,72274341672.0,72268021643.0,262457516860.0,False,,,,,비해당,,,일부해당,가스 분석기(일부),2차 후보(확인 필요),,0,0,0,0,0,0,0,False,2차 후보(확인 필요),,,2차 후보-약
00105299,금강공업(주),014280,Y,2413,1801110034320,6038115882,19790808,12,부산광역시 사하구  다산로 110,2025,20260312000935,,False,False,중견,"3년 평균 매출 3,151억 > 기준 1,800억, 자산 6,244억 ≥ 5,000억",별도,1800,290112635592.0,315125790064.0,624424394705.0,802156014802.0,820133575922.0,1187991581329.0,False,,,,,해당,철강,원재료,비해당,,1차(2027),True,0,0,0,0,0,0,0,False,1차(2027),,,1차(2027)
00623661,(주)원익머트리얼즈,104830,K,20121,1501110101662,3178102448,20061204,12,충청북도 청주시 청원구 오창읍 양청3길 30 -,2025,20260318000451,원익,False,False,중견,공시대상기업집단 소속(중소 제외),별도,1200,302890865997.0,322828447052.0,596389169446.0,322467412745.0,341619067492.0,637777093802.0,False,,,,,비해당,,,비해당,,비대상,True,0,0,0,0,0,0,0,False,비대상,,,비대상
00122898,(주)벽산,007210,Y,23999,1101110113384,2038143780,19710409,12,"서울특별시 중구  퇴계로 307 광희동 1가, 광희빌딩",2025,20260323001448,,False,False,중견,"3년 평균 매출 4,299억 > 기준 800억",별도,800,404333691940.0,429863471210.0,487258794413.0,610688417236.0,624833818608.0,659778658674.0,True,I1000100008,(주)벽산,23121,,비해당,,,비해당,,비대상,True,0,0,0,0,0,0,5,False,비대상,,,비대상
01101041,패션플랫폼(주),225590,K,141,1101115782473,2328103753,20150715,12,서울특별시 강남구 논현로28길 9 유진빌딩 3층,2025,20260320000970,,False,False,중소,"3년 평균 매출 890억 ≤ 기준 1,500억, 자산 5,000억 미만",별도,1500,97941048545.0,88986770269.0,98920084744.0,106300788661.0,105635055108.0,103901301286.0,False,,,,,비해당,,,비해당,,비대상,,0,0,0,0,0,0,0,False,비대상,,,비대상
00365758,(주)아이앤씨테크놀로지,052860,K,2611,1101111342213,1208167380,19961115,12,경기도 성남시 분당구 판교로255번길 24,2025,20260318001683,,False,False,중소,"3년 평균 매출 426억 ≤ 기준 1,000억, 자산 5,000억 미만",별도,1000,39963122168.0,42612956616.0,51905188373.0,36878556322.0,41512811293.0,52922386443.0,False,,,,,비해당,,,비해당,,비대상,,0,0,0,0,0,0,0,False,비대상,,,비대상
00939331,한국콜마(주),161890,Y,20423,1647110030756,3078138444,20121002,12,세종특별자치시  전의면 덕고개길 12-11,2025,20260318001196,한국콜마,False,False,중견,공시대상기업집단 소속(중소 제외),별도,1200,1192752359723.0,1036392278691.0,1529002535318.0,2722419169325.0,2443386359070.0,3457768462781.0,False,,,,,비해당,,,비해당,,비대상,True,0,0,0,0,0,0,11,False,비대상,,,비대상
01077577,우리산업(주),215360,K,303,1345110257251,4168602172,20150401,12,경기도 용인시 기흥구 지삼로 89,2025,20260319000860,,False,False,중견,"3년 평균 매출 4,863억 > 기준 1,200억",별도,1200,517100624295.0,486295505061.0,336957324032.0,532037735923.0,501586884516.0,342192018412.0,False,,,,,비해당,,,일부해당,기어박스(일부)/자동차 엔진 부품(일부)/자동차 차체 부품(일부)/휠·현가장치·라디에이터(일부),2차 후보(확인 필요),True,0,0,1,0,0,0,14,True,"2차(2028, 제품명 확인)",제외,액추에이터용 소형 기어박스 특허 (차량 변속기 아님),2차 후보(확인 필요)
00221728,(주)하츠,066130,K,28519,1156110003902,1288106145,19881010,12,경기도 평택시 진위면 동부대로 202,2025,20260316001275,,False,False,중소,"3년 평균 매출 1,727억 ≤ 기준 1,800억, 자산 5,000억 미만",별도,1800,176939282893.0,172703869291.0,159182470629.0,,,,False,,,,,비해당,,,해당,냉장고·세탁기 등,2차(2028),,0,0,0,0,0,0,0,False,2차(2028),,,2차(2028)
00761952,(주)아나패스,123860,K,2611,1101112663436,1078627134,20021129,12,"서울특별시 구로구 디지털로31길 61 신세계아이앤씨빌딩 6층, 7층",2025,20260318000908,,False,False,중견,"3년 평균 매출 1,206억 > 기준 1,000억",별도,1000,108165267297.0,120613630023.0,123451544564.0,,,,False,,,,,비해당,,,비해당,,비대상,True,0,0,0,0,0,0,0,False,비대상,,,비대상
00129271,삼화전기(주),009470,Y,26291,1501110000856,3158100390,19731210,12,충청북도 청주시 흥덕구  봉명로 3 (복대동),2025,20260319000867,,False,False,중견,"3년 평균 매출 1,810억 > 기준 1,000억",별도,1000,185177162888.0,181020110601.0,134220084219.0,230067797956.0,221878300297.0,180647655408.0,False,,,,,비해당,,,비해당,,비대상,True,0,0,0,0,0,0,37,False,비대상,,,비대상
00188797,(주)포메탈,119500,K,259,1301110010669,1348106140,19691015,12,충청남도 서산시  지곡면 무장산업로 229-7,2025,20260318000905,,False,False,중소,"3년 평균 매출 625억 ≤ 기준 1,200억, 자산 5,000억 미만",별도,1200,51114697557.0,62453000708.0,62159351160.0,,,,False,,,,,일부해당,기타 파스너(일부)/단조·압형(일부)/볼트·너트/탱크·용기,,일부해당,금속 주방용기(일부)/단조·압형 제품/못·기타 파스너/스프링(일부)/와이어로프·철망/일반철물(일부),2차 후보(확인 필요),,0,0,0,0,0,0,0,False,2차 후보(확인 필요),,,2차 후보(확인 필요)
01069736,(주)한독크린텍,256150,K,29175,1601110165806,3058166527,20031126,12,대전광역시 유성구 테크노8로 13,2025,20260317000700,,False,False,중소,"3년 평균 매출 676억 ≤ 기준 1,200억, 자산 5,000억 미만",별도,1200,69443700454.0,67585756212.0,64460471351.0,,,,False,,,,,비해당,,,일부해당,냉동장비 부품·냉각탑(일부),2차 후보(확인 필요),,0,0,0,0,0,0,0,False,2차 후보(확인 필요),,,2차 후보(확인 필요)
00374020,(주)이엘피,063760,K,27212,1101111790834,2148640186,19991016,12,경기도 화성시 삼성1로2길 29 -,2025,20260318001253,,False,False,중소,"3년 평균 매출 203억 ≤ 기준 800억, 자산 5,000억 미만",별도,800,26208322101.0,20323460508.0,80149873488.0,27313414664.0,25578775339.0,80305389810.0,False,,,,,비해당,,,일부해당,가스 분석기(일부),2차 후보(확인 필요),,0,0,0,0,0,0,0,False,2차 후보(확인 필요),,,2차 후보-약
00188089,(주)한섬,020000,Y,14112,1101110531578,1208126337,19870525,12,서울특별시 강남구  도산대로 523 한섬빌딩,2025,20260313001074,현대백화점,True,False,대기업,상호출자제한기업집단 소속,별도,1500,1489379442000.0,1496426957000.0,1734718043000.0,1491764026000.0,1501889550000.0,1734833488000.0,False,,,,,비해당,,,비해당,,비대상,,0,0,0,0,0,0,0,False,비대상,,,비대상
00106368,금호석유화학(주),011780,Y,201,1101110205975,1028131147,19761210,12,"서울특별시 중구 청계천로 100 (수표동, 시그니쳐타워)",2025,20260318001268,금호석유화학,False,False,중견,공시대상기업집단 소속(중소 제외),별도,1200,4571978509755.0,4540800468111.0,4620148524909.0,6915145099921.0,6797559024572.0,8474479180387.0,True,I0500100081,금호석유화학 주식회사,20201,,비해당,,,비해당,,비대상,True,0,0,0,0,0,0,13,False,비대상,,,비대상
00256380,유아이엘(주),049520,K,2629,1101110320955,1118118357,19820617,12,경기도 파주시 광탄면 보광로 869-26,2025,20260319001180,,False,False,중소,"3년 평균 매출 575억 ≤ 기준 1,000억, 자산 5,000억 미만",별도,1000,49295952682.0,57465906463.0,150786443571.0,412263992426.0,389689018589.0,289601143202.0,False,,,,,비해당,,,비해당,,비대상,,0,0,0,0,0,0,0,False,비대상,,,비대상
01199189,(주)이랜시스,264850,K,262,1101116314449,1758600569,20170210,12,인천광역시 서구 파랑로466번길 30 (청라동) -,2025,20260318000687,,False,False,중소,"3년 평균 매출 486억 ≤ 기준 1,000억, 자산 5,000억 미만",별도,1000,51881753651.0,48602091044.0,47908918350.0,69574700188.0,69860514506.0,66549307241.0,False,,,,,비해당,,,비해당,,비대상,,0,0,0,0,0,0,0,False,비대상,,,비대상
00112721,(주)대창스틸,140520,K,24122,1101110276116,1398100044,19800610,12,인천광역시 남동구 아암대로 1213,2025,20260323000588,,False,False,중견,"3년 평균 매출 3,650억 > 기준 1,800억",별도,1800,398226905681.0,365032854933.0,249516418886.0,398574191699.0,406925563680.0,253883692901.0,False,,,,,해당,철강,원재료,비해당,,1차(2027),True,0,0,0,0,0,0,1,False,1차(2027),,,1차(2027)
00123781,부국철강(주),026940,Y,2413,2001110001407,4108105725,19760823,12,광주광역시 광산구 하남산단9번로 90 (안청동),2025,20260318000484,,False,False,중견,"3년 평균 매출 1,844억 > 기준 1,800억",별도,1800,179910680270.0,184387897763.0,152062864116.0,,,,False,,,,,해당,철강,원재료,비해당,,1차(2027),True,0,0,0,0,0,0,0,False,1차(2027),,,1차(2027)
00604815,(주)에스디시스템,121890,K,2629,1311110060530,1298142052,20010428,12,"경기도 성남시 중원구 갈마치로244번길 31 613호(상대원동, 현대아이밸리)",2025,20260318000689,,False,False,중소,"3년 평균 매출 227억 ≤ 기준 1,000억, 자산 5,000억 미만",별도,1000,28793598189.0,22717508290.0,20151089281.0,,,,False,,,,,비해당,,,비해당,,비대상,,0,0,0,0,0,0,0,False,비대상,,,비대상
01291317,더블유씨피(주),393890,K,28202,1511110058698,7048800570,20161026,12,충청북도 충주시 대소원면 메가폴리스로 195,2025,20260319001310,,False,False,중견,"3년 평균 매출 2,460억 > 기준 1,800억, 자산 15,734억 ≥ 5,000억",별도,1800,110812962474.0,245957550591.0,1573449283985.0,110812962474.0,245957550591.0,1945436490500.0,True,IA016200010,더블유씨피 주식회사,22212,업종 대분류 불일치(확인 필요),비해당,,,비해당,,비대상,True,0,0,0,0,0,0,12,False,비대상,,,비대상
00154718,(주)비츠로셀,082920,K,28201,1101110548771,3118101999,19871031,12,충청남도 당진시 합덕읍 인더스파크로 70 -,2025,20260317000858,,False,False,중견,"3년 평균 매출 2,076억 > 기준 1,800억",별도,1800,235760794598.0,207586879131.0,360887850949.0,243082541135.0,210027461310.0,370836626050.0,False,,,,,비해당,,,비해당,,비대상,True,0,0,0,0,0,0,17,False,비대상,,,비대상
00350020,(주)파인디앤씨,049120,K,26211,1101111667273,1198130184,19990319,12,충청남도 아산시  음봉면 연암산로 169 (주)파인디엔씨,2025,20260330001067,,False,False,중소,"3년 평균 매출 488억 ≤ 기준 1,000억, 자산 5,000억 미만",별도,1000,55893587865.0,48849056089.0,96365244984.0,65794225834.0,58095648099.0,108448464322.0,False,,,,,비해당,,,비해당,,비대상,,0,0,0,0,0,0,0,False,비대상,,,비대상
00125646,삼목에스폼(주),018310,K,2511,1101110400377,1338123898,19850607,12,경기도 안성시  미양면 안성맞춤대로 474-40,2025,20260323001658,,False,False,중견,"3년 평균 매출 3,257억 > 기준 1,200억, 자산 6,834억 ≥ 5,000억",별도,1200,245043837467.0,325749217976.0,683421002008.0,316985747797.0,386091222832.0,766661920407.0,True,I0900200055,삼목에스폼(주),24290,업종 대분류 불일치(확인 필요),해당,구조물,가공품,비해당,,1차(2027),True,0,0,0,0,0,0,0,False,1차(2027),,,1차(2027)
00131692,(주)서흥,008490,Y,2049,1243110004252,1308100576,19730130,12,충청북도 청주시 흥덕구 오송읍 오송생명로 61 -,2025,20260319001055,,False,False,중견,"3년 평균 매출 3,353억 > 기준 1,200억, 자산 5,968억 ≥ 5,000억",별도,1200,355633395020.0,335349587961.0,596830225292.0,722308593846.0,656713413160.0,1061135569567.0,True,I0500140137,(주)서흥,10797,업종 대분류 불일치(확인 필요),비해당,,,비해당,,비대상,True,0,0,0,0,0,0,42,False,비대상,,,비대상
00107677,(주)비비안,002070,Y,14120,1101110030934,1078111092,19570614,12,서울특별시 용산구  서빙고로51길 52,2025,20260323001209,,False,False,중견,"3년 평균 매출 2,011억 > 기준 1,500억",별도,1500,203916256147.0,201065938526.0,189413813928.0,222445054857.0,220495305595.0,202247148246.0,False,,,,,비해당,,,비해당,,비대상,True,0,0,0,0,0,0,0,False,비대상,,,비대상
00234227,(주) 유진로봇,056080,K,292,1101110991467,2118642832,19931207,12,인천광역시 연수구 하모니로187번길 33 송도동,2025,20260319001000,,False,False,중소,"3년 평균 매출 239억 ≤ 기준 1,200억, 자산 5,000억 미만",별도,1200,28189374133.0,23889348612.0,53790100296.0,,,,False,,,,,비해당,,,일부해당,건설·광업 기계/농기계/산업용 로봇/석재 가공기(일부)/주조·야금 기계,2차 후보(확인 필요),,0,0,0,0,0,0,0,False,2차 후보(확인 필요),,,2차 후보(확인 필요)
00110608,DSR(주),155660,Y,242,1801110000777,6178100224,19650401,12,부산광역시 강서구 녹산산업중로192번길 7,2025,20260319001193,,False,False,중견,"3년 평균 매출 1,986억 > 기준 1,800억",별도,1800,198192044742.0,198630280838.0,300948631501.0,302389824368.0,297764678113.0,391592277418.0,False,,,,,일부해당,알루미늄,,비해당,,2차 후보(확인 필요),True,0,0,0,0,0,0,10,False,2차 후보(확인 필요),,,2차 후보(확인 필요)
01059605,디와이파워(주),210540,Y,29241,1942110234534,6098622391,20141203,12,경상남도 창원시 성산구 웅남로 812 (성주동),2025,20260316001465,,False,False,중견,"3년 평균 매출 2,751억 > 기준 1,200억",별도,1200,246760537058.0,275082057866.0,312651493314.0,382750873929.0,399123488682.0,375864370743.0,False,,,,,비해당,,,해당,건설·광업 기계,2차(2028),True,0,0,0,0,0,0,5,False,2차(2028),,,2차(2028)
00540429,휴림로봇(주),090710,K,29280,1101111817828,1098160401,19981129,12,충청남도 천안시 서북구 직산읍 4산단6길 27 -,2025,20260323001558,,False,False,중소,"3년 평균 매출 151억 ≤ 기준 1,200억, 자산 5,000억 미만",별도,1200,11984560325.0,15067534571.0,126468711733.0,168304789069.0,128022645117.0,276740783001.0,False,,,,,비해당,,,해당,산업용 로봇,2차(2028),,0,0,0,0,0,0,0,False,2차(2028),,,2차(2028)
00265005,옴니시스템(주),057540,K,272,1211110054981,1308151696,19970217,12,경기도 여주군  가남면 연삼로 284,2025,20260318001260,,False,False,중소,"3년 평균 매출 791억 ≤ 기준 800억, 자산 5,000억 미만",별도,800,77462807877.0,79093982638.0,120616528917.0,99068053730.0,99862121209.0,130285749972.0,False,,,,,비해당,,,일부해당,가스 분석기(일부),2차 후보(확인 필요),,0,0,0,0,0,0,0,False,2차 후보(확인 필요),,,2차 후보-약
00761059,펌텍코리아 주식회사,251970,K,22232,1211110088451,1308180997,20010810,12,인천광역시 부평구 부평대로329번길 46,2025,20260319001221,,False,False,중견,"3년 평균 매출 2,494억 > 기준 1,200억",별도,1200,281499370717.0,249435251867.0,336468474189.0,371960508790.0,331308304302.0,455308284703.0,False,,,,,비해당,,,비해당,,비대상,True,0,0,0,0,0,0,8,False,비대상,,,비대상
00622787,(주)바이오노트,377740,Y,213,1348110324294,1238187177,20030328,12,경기도 화성시 삼성1로4길 22,2025,20260318001576,,False,False,중견,"3년 평균 매출 977억 > 기준 800억, 자산 10,657억 ≥ 5,000억",별도,800,111224258514.0,97678988927.0,1065712814721.0,118323544203.0,103728281237.0,1555892006169.0,False,,,,,비해당,,,비해당,,비대상,True,0,0,0,0,0,0,14,False,비대상,,,비대상
00185356,제룡전기(주),033100,K,2811,1101110513633,2198109069,19861218,12,서울특별시 광진구  아차산로 628,2025,20260602000220,,False,False,중견,"3년 평균 매출 2,236억 > 기준 1,800억",별도,1800,224017012923.0,223564736418.0,266912013218.0,,,,False,,,,,비해당,,,해당,전동기·변압기,2차(2028),True,0,0,0,0,0,0,1,False,2차(2028),,,2차(2028)
00112679,대창단조(주),015230,Y,303,1801110039396,6068130107,19810101,12,경상남도 김해시 생림면 봉림리 1072-1,2025,20260319000402,,False,False,중견,"3년 평균 매출 2,525억 > 기준 1,200억",별도,1200,249750909174.0,252457476551.0,283618353682.0,346267051157.0,346875657007.0,401820257799.0,False,,,,,비해당,,,일부해당,기어박스(일부)/자동차 엔진 부품(일부)/자동차 차체 부품(일부)/휠·현가장치·라디에이터(일부),2차 후보(확인 필요),True,0,0,0,0,0,0,1,False,2차 후보(확인 필요),,,2차 후보(확인 필요)
00439965,(주)나노신소재,121600,K,2049,1601110094162,3058136339,20000315,12,세종특별자치시   부강면 금호안골길 78 부용지방산업단지내,2025,20260320001026,,False,False,중소,"3년 평균 매출 887억 ≤ 기준 1,200억, 자산 5,000억 미만",별도,1200,104974129698.0,88736268863.0,457953558751.0,111745369751.0,94227617165.0,455376186202.0,False,,,,,비해당,,,비해당,,비대상,,0,0,0,0,0,0,0,False,비대상,,,비대상
00160205,한국내화(주),010040,Y,2321,1846110000319,6228106900,19740624,12,충청남도 당진시  송산면 무수들길 370,2025,20260319000796,,False,False,중견,"3년 평균 매출 2,842억 > 기준 800억",별도,800,291276547742.0,284215124316.0,244742750958.0,406341175254.0,411386559851.0,275160718628.0,False,,,,,비해당,,,비해당,,비대상,True,0,0,0,0,0,0,2,False,비대상,,,비대상
00576789,디젠스(주),113810,K,303,1648110035910,3128180740,20060201,12,경기도 시흥시 공단1대로27번길 38 (정왕동),2025,20260318001189,,False,False,중소,"3년 평균 매출 822억 ≤ 기준 1,200억, 자산 5,000억 미만",별도,1200,79072853733.0,82192408976.0,54562894975.0,80356641062.0,85248590864.0,57875784450.0,False,,,,,비해당,,,일부해당,기어박스(일부)/자동차 엔진 부품(일부)/자동차 차체 부품(일부)/휠·현가장치·라디에이터(일부),2차 후보(확인 필요),,0,0,0,0,0,0,0,False,2차 후보(확인 필요),,,2차 후보(확인 필요)
00360674,코위버(주),056360,K,26410,1101111883225,1058608183,20000218,12,서울특별시 강서구 마곡중앙8로7길 45 (마곡동),2025,20260316000323,,False,False,중소,"3년 평균 매출 642억 ≤ 기준 1,000억, 자산 5,000억 미만",별도,1000,62533214454.0,64203237799.0,184055654860.0,62599540297.0,64263319898.0,184022424070.0,False,,,,,비해당,,,비해당,,비대상,,0,0,0,0,0,0,0,False,비대상,,,비대상
00129280,삼화전자공업(주),011230,Y,265,1348110000563,1248102768,19760401,12,경기도 용인시 처인구  남사면 경기동로 215 삼화전자공업(주),2025,20260319001013,,False,False,중소,"3년 평균 매출 263억 ≤ 기준 1,000억, 자산 5,000억 미만",별도,1000,23544824139.0,26271551846.0,63877997448.0,29632415122.0,34978951275.0,75421002916.0,False,,,,,비해당,,,비해당,,비대상,,0,0,0,0,0,0,0,False,비대상,,,비대상
00141608,(주)오리엔탈정공,014940,K,291,1801110038447,6038105967,19800719,12,부산광역시 강서구  녹산산단289로 6 오리엔탈정공,2025,20260316000206,,False,False,중소,"3년 평균 매출 800억 ≤ 기준 1,200억, 자산 5,000억 미만",별도,1200,92719607304.0,79958282750.0,126484491348.0,207255774213.0,190697929466.0,237907822877.0,False,,,,,비해당,,,일부해당,냉동장비 부품·냉각탑(일부)/디젤 엔진(일부)/버너(일부)/분사기(일부)/엔진용·소형 펌프(일부)/크레인·컨베이어 등,2차 후보(확인 필요),,0,0,0,0,0,0,0,False,2차 후보(확인 필요),,,2차 후보(확인 필요)
00404288,(주)아진엑스텍,059120,K,2611,1801110248369,6218129249,19971229,12,대구광역시 달서구 성서공단로11길 27,2025,20260323000265,,False,False,중소,"3년 평균 매출 249억 ≤ 기준 1,000억, 자산 5,000억 미만",별도,1000,24617900877.0,24890103965.0,45229672958.0,,,,False,,,,,비해당,,,비해당,,비대상,,0,0,0,0,0,0,0,False,비대상,,,비대상
00135467,(주) 승일,049830,K,259,1201110007204,1378101955,19781226,12,충청남도 천안시 서북구  직산읍 4산단1길 10,2025,20260309001566,,False,False,중견,"3년 평균 매출 1,426억 > 기준 1,200억",별도,1200,141548185822.0,142643173123.0,185985205743.0,,,,False,,,,,일부해당,기타 파스너(일부)/단조·압형(일부)/볼트·너트/탱크·용기,,일부해당,금속 주방용기(일부)/단조·압형 제품/못·기타 파스너/스프링(일부)/와이어로프·철망/일반철물(일부),2차 후보(확인 필요),True,0,0,0,0,0,0,0,False,2차 후보(확인 필요),,,2차 후보(확인 필요)
00260383,대한유화(주),006650,Y,20111,1101110024698,1048106794,19700602,12,서울특별시 종로구  자하문로 77 유남빌딩,2025,20260305001191,,False,False,중견,"3년 평균 매출 26,956억 > 기준 1,200억, 자산 20,031억 ≥ 5,000억",별도,1200,2828725728648.0,2695604032565.0,2003112484060.0,3347821791902.0,2882632360667.0,2700325545731.0,True,I0500100010,대한유화 주식회사,20111,,비해당,,,비해당,,비대상,True,0,0,0,0,0,0,1,False,비대상,,,비대상
01301252,티이엠씨 주식회사,425040,K,20121,1501110198453,3178146543,20150126,12,"충청북도 보은군 삼승면 남부로 3750-148(우진리,티이엠씨)",2025,20260319000082,,False,False,중견,"3년 평균 매출 1,244억 > 기준 1,200억",별도,1200,102758682851.0,124378437841.0,263972253780.0,279708410111.0,263575357557.0,421830890467.0,False,,,,,비해당,,,비해당,,비대상,True,0,0,0,0,0,0,0,False,비대상,,,비대상
00579971,(주)칩스앤미디어,094360,K,261,1101112732413,2148730098,20030306,12,"서울특별시 강남구 테헤란로 509 엔씨타워1  7층,8층",2025,20260311004380,,False,False,중소,"3년 평균 매출 277억 ≤ 기준 1,000억, 자산 5,000억 미만",별도,1000,28467135839.0,27704017979.0,110051459863.0,28467135839.0,27704017979.0,106303672123.0,False,,,,,비해당,,,비해당,,비대상,,0,0,0,0,0,0,0,False,비대상,,,비대상
00883980,(주)아이디스,143160,K,26429,1601110302755,3148625786,20110701,12,대전 유성구 관평동 1301,2025,20260318001553,,False,False,중견,"3년 평균 매출 2,051억 > 기준 1,000억",별도,1000,212943996893.0,205135238200.0,313606081686.0,327595925715.0,306477054434.0,464962173336.0,False,,,,,비해당,,,비해당,,비대상,True,0,0,0,0,0,0,3,False,비대상,,,비대상
00604426,(주)인터로조,119610,K,271,1313110033856,1258134657,20001025,12,경기도 평택시  산단로15번길 28,2025,20260615000326,,False,False,중견,"3년 평균 매출 1,167억 > 기준 800억",별도,800,117021486188.0,116670616432.0,243906679953.0,118440022952.0,117859306837.0,244892304198.0,False,,,,,비해당,,,일부해당,의료기기(일부),2차 후보(확인 필요),True,0,0,0,0,0,0,13,False,2차 후보(확인 필요),,,2차 후보-약
00145109,(주)유한양행,000100,Y,212,1101110014409,1188100601,19260620,12,서울특별시 동작구  노량진로 74,2025,20260312001236,,False,False,중견,"3년 평균 매출 19,744억 > 기준 800억, 자산 27,138억 ≥ 5,000억",별도,800,2105660561260.0,1974365907996.0,2713837449445.0,2186637586358.0,2037804265959.0,3220925833989.0,False,,,,,비해당,,,비해당,,비대상,True,0,0,0,0,0,0,9,False,비대상,,,비대상
00201131,(주)아즈텍더블유비이,032080,K,13402,1801110145953,6038119267,19701020,12,부산광역시 사하구 하신번영로 99,2025,20260323001517,,False,False,중소,"3년 평균 매출 342억 ≤ 기준 1,000억, 자산 5,000억 미만",별도,1000,30229023516.0,34228043375.0,118388184809.0,,,,False,,,,,비해당,,,비해당,,비대상,,0,0,0,0,0,0,0,False,비대상,,,비대상
00925189,(주)신화콘텍,187270,K,2812,1101112637291,2158633301,20021023,12,경기도 안양시 만안구 일직로94번길 3 (석수동),2025,20260323001212,,False,False,중소,"3년 평균 매출 484억 ≤ 기준 1,800억, 자산 5,000억 미만",별도,1800,50568563054.0,48429286538.0,91908972859.0,53433430757.0,52448384215.0,95056986537.0,False,,,,,비해당,,,비해당,,비대상,,0,0,0,0,0,0,0,False,비대상,,,비대상
00132628,성문전자(주),014910,Y,26291,1311110005114,1298105116,19800711,12,경기도 평택시  세교산단로 61,2025,20260318000170,,False,False,중소,"3년 평균 매출 249억 ≤ 기준 1,000억, 자산 5,000억 미만",별도,1000,27467250605.0,24917014586.0,66847036533.0,53675382629.0,48933687568.0,83412437341.0,False,,,,,비해당,,,비해당,,비대상,,0,0,0,0,0,0,0,False,비대상,,,비대상
00866062,엘티씨(주),170920,K,20119,1341110160494,1388143899,20071123,12,경기도 화성시 마도면 청원산단8길 114 (경기화성바이오밸리),2025,20260813001338,,False,False,중소,"3년 평균 매출 307억 ≤ 기준 1,200억, 자산 5,000억 미만",별도,1200,31202999736.0,30676696513.0,150724618206.0,310384726014.0,233572255623.0,383387868522.0,False,,,,,비해당,,,비해당,,비대상,,0,0,0,0,0,0,0,False,비대상,,,비대상
00305297,(주)코텍,052330,K,26519,1101110522494,1308144628,19870306,12,인천광역시 연수구 벤처로24번길 26,2025,20260331004794,,False,False,중견,"3년 평균 매출 3,440억 > 기준 1,000억",별도,1000,396838360262.0,343977842363.0,403069431572.0,396839741875.0,343978613102.0,459940987670.0,False,,,,,비해당,,,비해당,,비대상,True,0,0,0,0,0,0,9,False,비대상,,,비대상
00185222,(주)크린앤사이언스,045520,K,291,2112110000553,4048100477,19791231,12,서울 강남구 삼성동 159-1 무역회관 903-1호,2025,20260319000283,,False,False,중소,"3년 평균 매출 860억 ≤ 기준 1,200억, 자산 5,000억 미만",별도,1200,85111521829.0,86039558183.0,75024507518.0,86098327172.0,87739609028.0,74852053246.0,False,,,,,비해당,,,일부해당,냉동장비 부품·냉각탑(일부)/디젤 엔진(일부)/버너(일부)/분사기(일부)/엔진용·소형 펌프(일부)/크레인·컨베이어 등,2차 후보(확인 필요),,0,0,0,0,0,0,0,False,2차 후보(확인 필요),,,2차 후보(확인 필요)
00142883,(주)우신시스템,017370,Y,292,1101110366719,1078136263,19840223,12,서울특별시 영등포구  영등포로 20,2025,20260318001142,,False,False,중견,"3년 평균 매출 2,085억 > 기준 1,200억",별도,1200,164174767735.0,208496008081.0,259091309486.0,388612954434.0,398135227147.0,394844553274.0,False,,,,,비해당,,,일부해당,건설·광업 기계/농기계/산업용 로봇/석재 가공기(일부)/주조·야금 기계,2차 후보(확인 필요),True,0,0,0,0,0,0,10,False,2차 후보(확인 필요),,,2차 후보(확인 필요)
00612188,㈜에스티오,098660,K,1419,1101112722761,2068179031,20030222,12,"서울특별시 강서구  양천로 583 우림블루나인 (염창동, 우림블루나인비즈니스센터비동 15층)",2025,20260319000928,,False,False,중소,"3년 평균 매출 719억 ≤ 기준 1,500억, 자산 5,000억 미만",별도,1500,71506466024.0,71932022696.0,71977990962.0,71491064624.0,71918100019.0,71995272176.0,False,,,,,비해당,,,비해당,,비대상,,0,0,0,0,0,0,0,False,비대상,,,비대상
01505186,(주)하이딥,365590,K,261,1101117616620,4978601885,20200909,12,경기도 성남시 분당구 대왕판교로644번길 49 DTC타워 10층(삼평동),2025,20260319001067,,False,False,중소,"3년 평균 매출 60억 ≤ 기준 1,000억, 자산 5,000억 미만",별도,1000,1766991674.0,6046828150.0,12560942983.0,,,,False,,,,,비해당,,,비해당,,비대상,,0,0,0,0,0,0,0,False,비대상,,,비대상
00137012,(주)에스앤더블류,103230,K,29111,1801110095637,6038111659,19900208,12,부산광역시 사하구  다대로170번길 29,2025,20260320000704,,False,False,중소,"3년 평균 매출 465억 ≤ 기준 1,200억, 자산 5,000억 미만",별도,1200,48804282274.0,46522703711.0,85277595518.0,,,,False,,,,,비해당,,,일부해당,디젤 엔진(일부),2차 후보(확인 필요),,0,0,0,0,0,0,0,False,2차 후보(확인 필요),,,2차 후보(확인 필요)
00118275,(주)디아이,003160,Y,27212,1101110039209,2118124974,19610316,12,서울특별시 강남구  논현로 703,2025,20260312001121,,False,False,중견,"3년 평균 매출 1,408억 > 기준 800억",별도,800,151179171448.0,140777786817.0,286295592535.0,432293560547.0,286930965998.0,373777690545.0,False,,,,,비해당,,,일부해당,가스 분석기(일부),2차 후보(확인 필요),True,0,0,0,0,0,0,0,False,2차 후보(확인 필요),,,2차 후보-약
00235183,(주)에이치케이,044780,K,29221,1201110059410,1398105656,19900530,12,경기도 화성시 양감면 사릅재길 117,2025,20260318001328,,False,False,중소,"3년 평균 매출 428억 ≤ 기준 1,200억, 자산 5,000억 미만",별도,1200,35491427538.0,42755118133.0,77768946439.0,54189734390.0,58280745960.0,82666278719.0,False,,,,,비해당,,,일부해당,석재 가공기(일부),2차 후보(확인 필요),,0,0,0,0,0,0,0,False,2차 후보(확인 필요),,,2차 후보-약
00347062,(주)현대바이오랜드,052260,K,204,1101111192981,3128124525,19950901,12,충청북도 청주시 흥덕구 오송읍 오송생명2로 22 SK 바이오랜드 오송공장,2025,20260312000632,현대백화점,True,False,대기업,상호출자제한기업집단 소속,별도,1200,130498720150.0,115567112456.0,165707675802.0,130505120709.0,115581281815.0,166870892533.0,False,,,,,비해당,,,비해당,,비대상,,0,0,0,0,0,0,0,False,비대상,,,비대상
00264732,(주)파인디지털,038950,K,2642,1101110896683,2138191028,19921020,12,경기도 성남시 분당구 성남대로925번길 41,2025,20260312000854,,False,False,중소,"3년 평균 매출 625억 ≤ 기준 1,000억, 자산 5,000억 미만",별도,1000,52674713536.0,62463802963.0,94940650276.0,62850108669.0,73792772355.0,103392699064.0,False,,,,,비해당,,,비해당,,비대상,,0,0,0,0,0,0,0,False,비대상,,,비대상
00295547,(주)디지아이,043360,K,263,1115110015359,1278118162,19911128,12,경기도 양주시 청담로 52 (주)디지아이,2025,20260310002586,,False,False,중소,"3년 평균 매출 195억 ≤ 기준 1,000억, 자산 5,000억 미만",별도,1000,21306123270.0,19463513057.0,43764106692.0,,,,False,,,,,비해당,,,비해당,,비대상,,0,0,0,0,0,0,0,False,비대상,,,비대상
00186717,(주)태양,053620,K,25991,1615110006118,3128107206,19891014,12,충청남도 천안시 서북구  업성1길 27 태양산업(주),2025,20260319000357,,False,False,중견,"3년 평균 매출 1,494억 > 기준 1,200억",별도,1200,139880468026.0,149419219734.0,216141918665.0,140352455497.0,149868733787.0,222212610289.0,False,,,,,해당,탱크·용기,가공품,비해당,,1차(2027),True,0,0,0,0,0,0,0,False,1차(2027),,,1차(2027)
00177816,대주전자재료(주),078600,K,2629,1301110007616,1338123923,19810706,12,경기 시흥시 정왕동 1236-10,2025,20260319000004,,False,False,중견,"3년 평균 매출 1,659억 > 기준 1,000억, 자산 6,231억 ≥ 5,000억",별도,1000,194890715089.0,165928790649.0,623080503437.0,254613180231.0,219639437274.0,660395440186.0,False,,,,,비해당,,,비해당,,비대상,True,0,0,0,0,0,0,2,False,비대상,,,비대상
01326224,(주)원바이오젠,307280,K,213,1101116860442,2058601156,20180903,12,경상북도 구미시 1공단로5길 56 ㈜원바이오젠,2025,20260323001342,,False,False,중소,"3년 평균 매출 272억 ≤ 기준 800억, 자산 5,000억 미만",별도,800,31095635623.0,27212411351.0,46602086740.0,35244285942.0,31766231536.0,47625399900.0,False,,,,,비해당,,,비해당,,비대상,,0,0,0,0,0,0,0,False,비대상,,,비대상
00109587,(주)대륙제관,004780,K,25991,1101110073877,2208104875,19661224,12,서울특별시 강남구 역삼로 221,2025,20260319000299,,False,False,중견,"3년 평균 매출 2,708억 > 기준 1,200억",별도,1200,266562442241.0,270774514049.0,210380608892.0,,,,False,,,,,해당,탱크·용기,가공품,비해당,,1차(2027),True,0,0,0,0,0,0,1,False,1차(2027),,,1차(2027)
00161976,한세예스24홀딩스(주),016450,Y,1419,1201110019382,1378108720,19821118,12,서울특별시 영등포구 은행로 30 중소기업중앙회 6층,2025,20260318001537,,False,True,중견,"자산 7,602억 ≥ 5,000억",별도,1500,27760560218.0,37949868245.0,760190715883.0,3409830339365.0,3007145543135.0,3034736690123.0,False,,,,,비해당,,,비해당,,비대상,,0,0,0,0,0,0,0,False,비대상,,,비대상
00435312,(주)하이스틸,071090,Y,2413,1101112686024,2018178906,20030101,12,충청남도 당진시 송악읍 부곡공단4길 28-252,2025,20260310002913,,False,False,중견,"3년 평균 매출 2,516억 > 기준 1,800억",별도,1800,254190897257.0,251598880342.0,262005844253.0,256623288696.0,253180918217.0,261285238949.0,False,,,,,해당,철강,원재료,비해당,,1차(2027),True,2,0,0,0,0,0,3,False,1차(2027),,,1차(2027)
01187494,주식회사 덴티스,261200,K,271,1101116246759,1348738310,20161201,12,대구광역시 달서구 성서서로 99 덴티스,2025,20260330001698,,False,False,중견,3년 평균 매출 895억 > 기준 800억,별도,800,92688935704.0,89468730093.0,194058702791.0,114245201119.0,107621067793.0,209108219675.0,False,,,,,비해당,,,일부해당,의료기기(일부),2차 후보(확인 필요),True,0,0,0,0,0,0,5,False,2차 후보(확인 필요),,,2차 후보-약
00246417,(주)이오테크닉스,039030,K,29271,1101110998629,1388111553,19931230,12,경기도 안양시 동안구 동편로 91,2025,20260323001573,,False,False,중견,"3년 평균 매출 3,074억 > 기준 1,200억, 자산 7,488억 ≥ 5,000억",별도,1200,348509726704.0,307437734749.0,748838437667.0,380890608578.0,339391918436.0,777751432327.0,False,,,,,비해당,,,비해당,,비대상,True,0,0,0,0,0,0,1,False,비대상,,,비대상
00406727,(주)세진티에스,067770,K,26211,1101111279672,1138138010,19960607,12,경기도 안성시  원곡면 지문로 51-43,2025,20260629000270,,False,False,중소,"3년 평균 매출 70억 ≤ 기준 1,000억, 자산 5,000억 미만",별도,1000,6728251631.0,7043038487.0,46954577968.0,11896547885.0,11789089636.0,49000428786.0,False,,,,,비해당,,,비해당,,비대상,,0,0,0,0,0,0,0,False,비대상,,,비대상
00115065,(주)동남합성,023450,Y,201,1101110057012,1228117945,19651001,12,충청남도 공주시 탄천면 탄천산업단지길 80-61 -,2025,20260318000382,,False,False,중견,"3년 평균 매출 1,825억 > 기준 1,200억",별도,1200,194264823958.0,182461835154.0,95148921231.0,,,,False,,,,,비해당,,,비해당,,비대상,True,0,0,0,0,0,0,0,False,비대상,,,비대상
00921916,주식회사 석경에이티,357550,K,20129,1350110108445,1348163122,20001218,12,경기도 안산시 단원구 별망로459번길 24,2025,20260318000416,,False,False,중소,"3년 평균 매출 144억 ≤ 기준 1,200억, 자산 5,000억 미만",별도,1200,17378777000.0,14400826438.0,53789311406.0,17546662983.0,14519922940.0,54278121176.0,False,,,,,비해당,,,비해당,,비대상,,0,0,0,0,0,0,0,False,비대상,,,비대상
00162832,한일단조공업(주),024740,K,303,1243110019293,2038151830,19660516,12,충청북도 진천군 덕산면 습지길 87 한일단조공업주식회사,2025,20260515000598,,False,False,중견,"3년 평균 매출 1,302억 > 기준 1,200억",별도,1200,109094374275.0,130213362828.0,218729126633.0,126595207214.0,148047086099.0,254277906955.0,False,,,,,비해당,,,일부해당,기어박스(일부)/자동차 엔진 부품(일부)/자동차 차체 부품(일부)/휠·현가장치·라디에이터(일부),2차 후보(확인 필요),True,0,0,0,0,0,0,4,False,2차 후보(확인 필요),,,2차 후보(확인 필요)
00266934,(주)파루,043200,K,281,2013110006783,4168113067,19950828,12,전라남도 순천시 서면 선평리 42-2,2025,20260320001090,,False,False,중소,"3년 평균 매출 361억 ≤ 기준 1,800억, 자산 5,000억 미만",별도,1800,28392000300.0,36061441875.0,56122273932.0,28785165562.0,37026760086.0,56080578851.0,False,,,,,비해당,,,일부해당,전동기·변압기,2차 후보(확인 필요),,0,0,0,0,0,0,0,False,2차 후보(확인 필요),,,2차 후보(확인 필요)
00369657,리노공업(주),058470,K,2629,1801110220664,6038129824,19961220,12,부산광역시 강서구 미음산단로105번길 10,2025,20260318000182,,False,False,중견,"3년 평균 매출 3,021억 > 기준 1,000억, 자산 7,919억 ≥ 5,000억",별도,1000,372534084608.0,302097769564.0,791928165325.0,,,,False,,,,,비해당,,,비해당,,비대상,True,0,0,0,0,0,0,1,False,비대상,,,비대상
00563518,비나텍주식회사,126340,K,282,1341110067418,1238149760,19990726,12,전라북도 전주시 덕진구 운암로 15,2025,20260702000424,,False,False,중소,"3년 평균 매출 647억 ≤ 기준 1,800억, 자산 5,000억 미만",별도,1800,81018757215.0,64705550790.0,151867988943.0,82228905359.0,65594903211.0,202256288790.0,False,,,,,비해당,,,비해당,,비대상,,0,0,0,0,0,0,0,False,비대상,,,비대상
00238153,(주)파세코,037070,K,28519,1301110026228,1348105608,19860801,12,경기도 안산시 단원구 원시로 248,2025,20260319000245,,False,False,중소,"3년 평균 매출 1,577억 ≤ 기준 1,800억, 자산 5,000억 미만",별도,1800,167909772380.0,157735889696.0,110766145071.0,,,,False,,,,,비해당,,,해당,냉장고·세탁기 등,2차(2028),,0,0,0,0,0,0,0,False,2차(2028),,,2차(2028)
01062867,(주)디알텍,214680,K,271,1101115633585,1078840539,20150203,12,경기도 성남시 중원구 둔촌대로541번길 29 상대원동 3층,2025,20260320001313,,False,False,중견,3년 평균 매출 935억 > 기준 800억,별도,800,108147877467.0,93524443565.0,199234883868.0,116304065586.0,102100747606.0,201879013671.0,False,,,,,비해당,,,일부해당,의료기기(일부),2차 후보(확인 필요),True,0,0,0,0,0,0,13,False,2차 후보(확인 필요),,,2차 후보-약
00359623,우리산업홀딩스(주),072470,K,303,1341110026480,1358104164,19890227,12,경기도 용인시 기흥구 지삼로 89,2025,20260319000793,,False,True,중견,"3년 평균 매출 6,418억 > 기준 1,200억",연결,1200,,,105929520906.0,705003098505.0,641845243233.0,509891987640.0,False,,,,,비해당,,,일부해당,기어박스(일부)/자동차 엔진 부품(일부)/자동차 차체 부품(일부)/휠·현가장치·라디에이터(일부),2차 후보(확인 필요),,0,0,0,0,0,0,0,False,2차 후보(확인 필요),,,2차 후보(확인 필요)
00240857,(주)바이오스마트,038460,K,26293,1101110414302,2018149003,19851230,12,서울특별시 성동구 광나루로 172-,2025,20260319001208,,False,False,중소,"3년 평균 매출 965억 ≤ 기준 1,000억, 자산 5,000억 미만",별도,1000,103333991106.0,96512842066.0,149564858392.0,482775592982.0,474416562173.0,309881100162.0,False,,,,,비해당,,,비해당,,비대상,,0,0,0,0,0,0,0,False,비대상,,,비대상
00138260,(주)SIMPAC,009160,Y,24113,1201110002189,1228100819,19730809,12,인천광역시 부평구  부평북로 141 (주)SIMPAC,2025,20260318001274,,False,False,중견,"3년 평균 매출 5,631억 > 기준 1,800억, 자산 10,735억 ≥ 5,000억",별도,1800,698629014180.0,563078605885.0,1073467471215.0,1179040874617.0,878631591612.0,1333843317612.0,True,I0800190095,(주)SIMPAC,24113,,해당,철강,원재료,비해당,,1차(2027),True,0,0,0,0,0,0,4,False,1차(2027),,,1차(2027)
00164724,현대엘리베이터(주),017800,Y,29162,1344110001519,1268104267,19840523,12,충청북도 충주시 충주산단1로 128 현대엘리베이터 -,2025,20260318001372,,False,False,중견,"3년 평균 매출 18,262억 > 기준 1,200억, 자산 27,628억 ≥ 5,000억",별도,1200,1607100236100.0,1826242949016.0,2762804710956.0,2467378018763.0,2651591359985.0,3723057252310.0,False,,,,,비해당,,,해당,크레인·컨베이어 등,2차(2028),True,0,0,0,0,0,0,9,False,2차(2028),,,2차(2028)
00423177,(주)텔레칩스,054450,K,2611,1101111799513,1208194951,19991029,12,경기도 성남시 수정구 금토로80번길 27 ㈜텔레칩스 판교사옥,2025,20260323001001,,False,False,중견,"3년 평균 매출 1,902억 > 기준 1,000억",별도,1000,192802105423.0,190170778902.0,367622543926.0,192802105423.0,190170778902.0,367539039334.0,False,,,,,비해당,,,비해당,,비대상,True,0,0,0,0,0,0,5,False,비대상,,,비대상
01035368,(주)티에프이,425420,K,262,1201110330051,1228179714,20031029,12,경기도 화성시 반월길 50-8,2025,20260323000809,,False,False,중소,"3년 평균 매출 845억 ≤ 기준 1,000억, 자산 5,000억 미만",별도,1000,106647331107.0,84475979313.0,133590966837.0,111742413458.0,88564782035.0,143636036990.0,False,,,,,비해당,,,비해당,,비대상,,0,0,0,0,0,0,0,False,비대상,,,비대상
00961570,(주)신도기연,290520,K,29272,1211110078395,1308172842,20000803,12,경기도 시흥시 마유로238번길 21,2025,20260323000716,,False,False,중소,"3년 평균 매출 208억 ≤ 기준 1,200억, 자산 5,000억 미만",별도,1200,31714935745.0,20764623084.0,62170966004.0,31923243012.0,21091907708.0,62602404059.0,False,,,,,비해당,,,비해당,,비대상,,0,0,0,0,0,0,0,False,비대상,,,비대상
00997812,(주)코미코,183300,K,29271,1346110062393,1258614826,20130813,12,경기도 안성시 모산로 8,2025,20260323001516,,False,False,중견,"3년 평균 매출 1,600억 > 기준 1,200억, 자산 5,829억 ≥ 5,000억",별도,1200,193368673376.0,159972238424.0,582870783908.0,604110117086.0,472838552764.0,1030236890259.0,False,,,,,비해당,,,비해당,,비대상,True,0,0,0,0,2,0,6,True,비대상,,,비대상
00695969,(주)동운아나텍,094170,K,2611,1101113487546,2148792814,20060701,12,서울특별시 서초구 반포대로 22 서초 평화빌딩 12층,2025,20260319000936,,False,False,중견,"3년 평균 매출 1,258억 > 기준 1,000억",별도,1000,127630547202.0,125792816272.0,109927218116.0,,,,False,,,,,비해당,,,비해당,,비대상,True,0,0,0,0,0,0,3,False,비대상,,,비대상
00139764,(주)에넥스,011090,Y,32021,1101110192635,2208131765,19760304,12,서울특별시 서초구 서초대로73길 40(서초동),2025,20260318000523,,False,False,중견,"3년 평균 매출 2,341억 > 기준 1,500억",별도,1500,213027553668.0,234135771704.0,127235982543.0,215243280358.0,236656139181.0,127900899188.0,False,,,,,비해당,,,비해당,,비대상,True,0,0,0,0,0,0,0,False,비대상,,,비대상
00128926,삼현철강(주),017480,K,2419,1901110005551,6098105081,19840124,12,경상남도 창원시 의창구 평산로70번길 36 -,2025,20260306000369,,False,False,중견,"3년 평균 매출 2,347억 > 기준 1,800억",별도,1800,217962237638.0,234687174187.0,217456766037.0,,,,False,,,,,해당,철강,원재료,비해당,,1차(2027),True,0,0,0,0,0,0,0,False,1차(2027),,,1차(2027)
00612489,아이쓰리시스템(주),214430,K,2629,1601110072738,3148123158,19980711,12,대전광역시 유성구 테크노5로 69,2025,20260313000025,,False,False,중견,"3년 평균 매출 1,222억 > 기준 1,000억",별도,1000,124275749815.0,122172262849.0,189547523513.0,,,,False,,,,,비해당,,,비해당,,비대상,True,0,0,0,0,0,0,4,False,비대상,,,비대상
00140052,(주)에이스침대,003800,K,32029,1311110002772,1298102666,19770512,12,경기도 성남시 중원구 사기막골로105번길 42,2025,20260309001785,,False,False,중견,"3년 평균 매출 3,130억 > 기준 1,500억, 자산 8,192억 ≥ 5,000억",별도,1500,313024071031.0,312998679333.0,819203144526.0,317267060878.0,316557804474.0,818415435596.0,False,,,,,비해당,,,비해당,,비대상,True,0,0,0,0,0,0,4,False,비대상,,,비대상
00367455,현우산업(주),092300,K,2622,1201110140484,1378115371,19961008,12,인천광역시 서구 검단로 51 -,2025,20260323000678,,False,False,중견,"3년 평균 매출 2,113억 > 기준 1,000억",별도,1000,213418593354.0,211301238063.0,196075089611.0,237355479103.0,226949441034.0,200536702608.0,False,,,,,비해당,,,비해당,,비대상,True,0,0,0,0,0,0,0,False,비대상,,,비대상
00105606,(주)금호에이치티,214330,Y,303,2059110000169,4098107801,19890701,12,광주광역시 광산구 용아로 717,2025,20260318001668,,False,False,중견,"3년 평균 매출 2,688억 > 기준 1,200억",별도,1200,259629226051.0,268777795069.0,320177143109.0,385404440556.0,398199888445.0,400154254079.0,False,,,,,비해당,,,일부해당,기어박스(일부)/자동차 엔진 부품(일부)/자동차 차체 부품(일부)/휠·현가장치·라디에이터(일부),2차 후보(확인 필요),True,0,0,0,0,0,0,2,False,2차 후보(확인 필요),,,2차 후보(확인 필요)
00201742,(주)유라테크,048430,K,281,1101110529820,3078102043,19870507,12,세종특별자치시   전동면 아래깊은내길 25 주식회사 유라테크,2025,20260317000545,,False,False,중견,"3년 평균 매출 1,912억 > 기준 1,800억",별도,1800,185521301700.0,191214672009.0,168272522419.0,197253919651.0,202769479967.0,184843776385.0,False,,,,,비해당,,,일부해당,전동기·변압기,2차 후보(확인 필요),True,0,0,0,0,0,0,3,False,2차 후보(확인 필요),,,2차 후보(확인 필요)
00608839,(주)에이루트,096690,K,26329,1341110095394,1238177233,20020408,12,경기도 오산시  가장산업동로 28-6,2025,20260714000499,,False,False,중소,"3년 평균 매출 434억 ≤ 기준 1,000억, 자산 5,000억 미만",별도,1000,36209165357.0,43383542574.0,149170076718.0,50603806692.0,60473642472.0,191626675274.0,False,,,,,비해당,,,비해당,,비대상,,0,0,0,0,0,0,0,False,비대상,,,비대상
00202839,한창산업(주),079170,K,24229,1348110003715,1248133499,19860325,12,경기도 화성시 양감면 암소고개로 227-14,2025,20260319000505,,False,False,중소,"3년 평균 매출 867억 ≤ 기준 1,800억, 자산 5,000억 미만",별도,1800,98562693505.0,86717920000.0,86392081780.0,,,,False,,,,,비해당,,,비해당,,비대상,,0,0,0,0,0,0,0,False,비대상,,,비대상
00158112,한국수출포장공업(주),002200,Y,1721,1101110008882,2148144931,19571121,12,서울특별시 서초구 서초중앙로 63,2025,20260311004029,,False,False,중견,"3년 평균 매출 2,971억 > 기준 1,800억",별도,1800,285483163835.0,297099210092.0,332930439952.0,289599658247.0,301221745315.0,339512099189.0,True,I0300100049,한국수출포장공업(주),17123,,비해당,,,비해당,,비대상,True,0,0,0,0,0,0,0,False,비대상,,,비대상
00139083,아진산업(주),013310,K,303,1701110008913,5158107635,19780531,12,경상북도 경산시 진량읍 공단8로26길 40,2025,20260323000927,,False,False,중견,"3년 평균 매출 4,828억 > 기준 1,200억, 자산 9,316억 ≥ 5,000억",별도,1200,586581484319.0,482805571725.0,931574601951.0,1008867839227.0,849997346907.0,1538069814204.0,False,,,,,비해당,,,일부해당,기어박스(일부)/자동차 엔진 부품(일부)/자동차 차체 부품(일부)/휠·현가장치·라디에이터(일부),2차 후보(확인 필요),True,0,0,1,0,3,0,0,True,"2차(2028, 제품명 확인)",제외,업계 일반 설명,2차 후보(확인 필요)
00163196,한일철강(주),002220,Y,2419,1101110048987,2018144712,19571205,12,서울특별시 중구  퇴계로27길 28 (한영빌딩 9층),2025,20260806000290,,False,False,중견,"3년 평균 매출 1,868억 > 기준 1,800억",별도,1800,176296077921.0,186782562462.0,324391040584.0,196404368831.0,206167358365.0,336119241711.0,False,,,,,해당,철강,원재료,비해당,,1차(2027),True,0,0,0,0,0,0,3,False,1차(2027),,,1차(2027)
00109718,(주)사조대림,003960,Y,10211,1101110042278,1148134190,19640501,12,서울특별시 서초구 남부순환로 2159,2025,20260318001283,사조,False,False,중견,공시대상기업집단 소속(중소 제외),별도,1200,1445409405612.0,1430504931886.0,1120816774152.0,3499812746968.0,2735281225717.0,2184824778039.0,False,,,,,비해당,,,비해당,,비대상,True,0,0,0,0,0,0,3,False,비대상,,,비대상
00994994,(주)나노,187790,K,20129,1101115248376,1078804227,20131018,12,경상북도 상주시 청리면 마공공단로 60 -,2025,20260323001464,,False,False,중소,"3년 평균 매출 637억 ≤ 기준 1,200억, 자산 5,000억 미만",별도,1200,70461926418.0,63659066982.0,88083757553.0,85676337440.0,87451103308.0,94244235799.0,False,,,,,비해당,,,비해당,,비대상,,0,0,0,0,0,0,0,False,비대상,,,비대상
00201733,티제이미디어(주),032540,K,265,1101110770548,1308144332,19910418,12,서울특별시 마포구 월드컵북로 434 (상암동 1590) 상암아이티타워 8층,2025,20260313001177,,False,False,중소,"3년 평균 매출 847억 ≤ 기준 1,000억, 자산 5,000억 미만",별도,1000,83113813331.0,84655624544.0,113913351012.0,94434815353.0,94235057733.0,127346225905.0,False,,,,,비해당,,,비해당,,비대상,,0,0,0,0,0,0,0,False,비대상,,,비대상
01047451,(주)셀바스헬스케어,208370,K,271,1101115530111,1078831025,20141002,12,대전광역시 유성구 신성로 155 (신성동),2025,20260515000361,,False,False,중소,"3년 평균 매출 289억 ≤ 기준 800억, 자산 5,000억 미만",별도,800,28802796802.0,28906027168.0,78356149986.0,30824695858.0,30779911648.0,78988210572.0,False,,,,,비해당,,,일부해당,의료기기(일부),2차 후보(확인 필요),,0,0,0,0,0,0,0,False,2차 후보(확인 필요),,,2차 후보-약
00569646,(주)영우디에스피,143540,K,29272,1311110110921,1298169992,20040216,12,충청남도 천안시 서북구 성거읍 새터길 164 -,2025,20260323001416,,False,False,중소,"3년 평균 매출 624억 ≤ 기준 1,200억, 자산 5,000억 미만",별도,1200,80377995717.0,62404254270.0,68512587223.0,80504197379.0,62461622074.0,68544202671.0,False,,,,,비해당,,,비해당,,비대상,,0,0,0,0,0,0,0,False,비대상,,,비대상
00398668,(주)휴비츠,065510,K,27199,1341110065636,1238148801,19990427,12,경기도 안양시 동안구 부림로 170번길 38 (관양동),2025,20260319000985,,False,False,중견,"3년 평균 매출 1,092억 > 기준 800억",별도,800,107883864782.0,109231773615.0,203413519463.0,118043310694.0,117885144083.0,224755205943.0,False,,,,,비해당,,,일부해당,의료기기(일부),2차 후보(확인 필요),True,0,0,0,1,0,0,11,True,2차 후보(확인 필요),,,2차 후보-약
00340272,(주)에스폴리텍,050760,K,222,1101111716898,2298138692,19990618,12,충청북도 진천군  덕산면 한삼로 275 에스폴리텍,2025,20260323000252,,False,False,중소,"3년 평균 매출 731억 ≤ 기준 1,200억, 자산 5,000억 미만",별도,1200,66251147957.0,73063549767.0,109648577863.0,66755291807.0,73378982243.0,110098130121.0,False,,,,,비해당,,,비해당,,비대상,,0,0,0,0,0,0,0,False,비대상,,,비대상
00152039,(주)SG글로벌,001380,Y,303,1615110000037,3148108778,19541222,12,충청남도 예산군 예산읍 창말로 75 (주)SG글로벌,2025,20260318000113,,False,False,중소,"3년 평균 매출 930억 ≤ 기준 1,200억, 자산 5,000억 미만",별도,1200,89230740819.0,92985060191.0,183764349217.0,93481243542.0,96497778368.0,198430614295.0,False,,,,,비해당,,,일부해당,기어박스(일부)/자동차 엔진 부품(일부)/자동차 차체 부품(일부)/휠·현가장치·라디에이터(일부),2차 후보(확인 필요),,0,0,0,0,0,0,0,False,2차 후보(확인 필요),,,2차 후보(확인 필요)
00587466,KPX홀딩스(주),092230,Y,201,1101113520627,1108175919,20060901,12,서울특별시 마포구  마포대로 137 KPX빌딩 19층,2025,20260320001194,,False,True,중견,"자산 6,254억 ≥ 5,000억",별도,1200,100960027441.0,112048056990.0,625391175639.0,1163725582000.0,1198225950603.0,2176813167529.0,False,,,,,비해당,,,비해당,,비대상,,0,0,0,0,0,0,0,False,비대상,,,비대상
01158553,켄코아에어로스페이스(주),274090,K,31322,1954110024732,6138169798,20130408,12,경상남도 사천시 사남면 외국기업로 152-44,2025,20260323001536,,False,False,중소,"3년 평균 매출 477억 ≤ 기준 1,200억, 자산 5,000억 미만",별도,1200,33289198397.0,47680571848.0,194575645748.0,76394211868.0,84563601086.0,232802780468.0,False,,,,,비해당,,,비해당,,비대상,,0,0,0,0,0,0,0,False,비대상,,,비대상
00141413,영화금속(주),012280,Y,303,1801110027078,6098112296,19770607,12,경상남도 창원시 진해구  남의로 57 (남양동),2025,20260316000700,,False,False,중견,"3년 평균 매출 3,151억 > 기준 1,200억",별도,1200,351423851427.0,315144887554.0,236092067182.0,,,,True,I0800100017,영화금속(주),24311,업종 대분류 불일치(확인 필요),비해당,,,해당,철강 주조품,2차(2028),True,0,0,0,0,0,0,3,False,2차(2028),,,2차(2028)
00993931,동양파일(주),228340,K,23325,1648110073035,3128653248,20130612,12,충청남도 아산시 염치읍 아산온천로 16-127,2025,20260318001680,,False,False,중소,"3년 평균 매출 612억 ≤ 기준 800억, 자산 5,000억 미만",별도,800,55925560654.0,61181835371.0,121542283130.0,,,,False,,,,,비해당,,,비해당,,비대상,,0,0,0,0,0,0,0,False,비대상,,,비대상
01128613,주식회사 화승엔터프라이즈,241590,Y,15219,1101115891943,6858100299,20151117,12,"부산광역시 연제구 중앙대로 1079 장천빌딩 6층 (연산동, 장천빌딩)",2025,20260312000443,,False,False,중소,"3년 평균 매출 24억 ≤ 기준 1,500억, 자산 5,000억 미만",별도,1500,1129354396.0,2428935746.0,362406289360.0,1564379181881.0,1462609243507.0,1321440810164.0,False,,,,,비해당,,,비해당,,비대상,,0,0,0,0,0,0,0,False,비대상,,,비대상
00796994,조선선재(주),120030,Y,2599,1717110086312,5068170186,20100101,12,경상북도 포항시 남구 괴동로 43 (장흥동),2025,20260814002194,,False,False,중소,"3년 평균 매출 564억 ≤ 기준 1,200억, 자산 5,000억 미만",별도,1200,51761856558.0,56428198740.0,173665140883.0,,,,False,,,,,일부해당,탱크·용기,,일부해당,금속 주방용기(일부),2차 후보(확인 필요),,0,0,0,0,0,0,0,False,2차 후보(확인 필요),,,2차 후보(확인 필요)
00353878,다스코(주),058730,Y,25112,2052110005288,4088125446,19960126,12,전라남도 화순군  동면 동농공길 26-2,2025,20260731000748,,False,False,중견,"3년 평균 매출 2,529억 > 기준 1,200억",별도,1200,239631452149.0,252868270034.0,315550200747.0,273192825187.0,321099122868.0,327475122732.0,False,,,,,해당,구조물,가공품,비해당,,1차(2027),True,0,0,0,0,0,0,3,False,1차(2027),,,1차(2027)
01367586,(주)제이아이테크,417500,K,204,2111110040569,4018153863,20140328,12,전라북도 군산시 중가도길 16,2025,20260323001219,,False,False,중소,"3년 평균 매출 503억 ≤ 기준 1,200억, 자산 5,000억 미만",별도,1200,52382771982.0,50332273835.0,125900390215.0,53551170592.0,51402184240.0,129248195827.0,False,,,,,비해당,,,비해당,,비대상,,0,0,0,0,0,0,0,False,비대상,,,비대상
01165739,잉글우드랩 주식회사,950140,K,204,,0101038103,20150820,12,"20 Campus Rd Totowa, NJ 07512, USA -",2025,20260316001080,,False,False,중소,"3년 평균 매출 1억 ≤ 기준 1,200억, 자산 5,000억 미만",별도,1200,84082915.0,82681815.0,101917951.0,152431009.0,148143715.0,158226274.0,False,,,,,비해당,,,비해당,,비대상,,0,0,0,0,0,0,0,False,비대상,,,비대상
00156354,지엠비코리아(주),013870,Y,303,1942110000399,6098102857,19790320,12,경상남도 창원시 성산구  웅남로 618(성산동),2025,20260320001109,,False,False,중견,"3년 평균 매출 6,634억 > 기준 1,200억, 자산 5,655억 ≥ 5,000억",별도,1200,704300930891.0,663365048844.0,565528610487.0,787271627828.0,734961884766.0,681902762989.0,False,,,,,비해당,,,일부해당,기어박스(일부)/자동차 엔진 부품(일부)/자동차 차체 부품(일부)/휠·현가장치·라디에이터(일부),2차 후보(확인 필요),True,0,0,4,2,2,0,15,True,"2차(2028, 제품명 확인)",확인,엔진 워터펌프 (확대안 8413 30 엔진용 냉각 펌프),"2차(2028, 제품명 확인)"
00551920,(주)네오팜,092730,K,20423,1601110100688,3058138977,20000701,12,대전 유성구 탑립동 928번지,2025,20260316001522,,False,False,중소,"3년 평균 매출 1,161억 ≤ 기준 1,200억, 자산 5,000억 미만",별도,1200,132104934470.0,116109532843.0,217682750065.0,132184096288.0,116100910161.0,217810766237.0,False,,,,,비해당,,,비해당,,비대상,,0,0,0,0,0,0,0,False,비대상,,,비대상
01488320,주식회사 필에너지,378340,K,29299,1358110389651,1518601825,20200402,12,경기도 오산시 지곶중앙로 1-19,2025,20260316001654,,False,False,중견,"3년 평균 매출 1,707억 > 기준 1,200억",별도,1200,32046687759.0,170695597853.0,209566757468.0,33194030028.0,171769640485.0,211681385365.0,False,,,,,비해당,,,비해당,,비대상,True,0,0,0,0,0,0,15,False,비대상,,,비대상
00108612,주식회사 디에스단석,017860,Y,204,1341110010839,1338122642,19840806,12,경기도 시흥시 협력로 165,2025,20260323000702,,False,False,중견,"3년 평균 매출 9,339억 > 기준 1,200억, 자산 7,172억 ≥ 5,000억",별도,1200,892046476475.0,933891610463.0,717235552355.0,954873741956.0,995678718046.0,759101921892.0,True,I0900160045,주식회사 디에스단석,24213,업종 대분류 불일치(확인 필요),비해당,,,비해당,,비대상,True,0,0,0,0,0,0,10,False,비대상,,,비대상
01305869,(주)세니젠,188260,K,339,1101113313254,2208716524,20050928,12,"경기도 안양시 동안구 흥안대로427번길 16, 411호",2025,20260309001837,,False,False,중소,"3년 평균 매출 170억 ≤ 기준 1,000억, 자산 5,000억 미만",별도,1000,15354255261.0,16989574228.0,10111820866.0,,,,False,,,,,비해당,,,비해당,,비대상,,0,0,0,0,0,0,0,False,비대상,,,비대상
00561723,(주)쏘닉스,088280,K,26129,1341110078407,1238161707,20001024,12,경기도 평택시 청북읍 현곡산단로93번길 81,2025,20260320000716,,False,False,중소,"3년 평균 매출 163억 ≤ 기준 1,000억, 자산 5,000억 미만",별도,1000,18205980616.0,16332524357.0,52558475767.0,,,,False,,,,,비해당,,,비해당,,비대상,,0,0,0,0,0,0,0,False,비대상,,,비대상
00138279,S-Oil(주),010950,Y,19210,1101110189955,1168136743,19760106,12,서울특별시 마포구  백범로 192,2025,20260320000559,에쓰-오일,True,False,대기업,상호출자제한기업집단 소속,별도,1000,33896041000000.0,35109622000000.0,26520056000000.0,34246957000000.0,35536894000000.0,26556957000000.0,True,I0400100004,S-Oil(주),19210,,비해당,,,비해당,,비대상,,0,0,0,0,0,0,0,False,비대상,,,비대상
00160418,한국무브넥스(주),010100,Y,303,1812110000443,6208100079,19740715,12,울산 동구 동부동 194,2025,20260323000529,,False,False,중견,"3년 평균 매출 9,114억 > 기준 1,200억",별도,1200,932889057319.0,911434129932.0,441663395664.0,1699315845004.0,1592510955050.0,1009462857667.0,False,,,,,비해당,,,일부해당,기어박스(일부)/자동차 엔진 부품(일부)/자동차 차체 부품(일부)/휠·현가장치·라디에이터(일부),2차 후보(확인 필요),True,0,0,1,0,1,0,1,True,"2차(2028, 제품명 확인)",제외,하프샤프트·차축 (확대안 목록 외),2차 후보(확인 필요)
01146220,팸텍주식회사,271830,K,29271,1348110110148,1248635639,20050805,12,경기도 화성시 동탄면 동탄산단9길 9-22,2025,20260318000920,,False,False,중소,"3년 평균 매출 582억 ≤ 기준 1,200억, 자산 5,000억 미만",별도,1200,36256948817.0,58204984667.0,84467903861.0,38741691594.0,59747836953.0,87568611449.0,False,,,,,비해당,,,비해당,,비대상,,0,0,0,0,0,0,0,False,비대상,,,비대상
00145552,(주)이수화학                             ,005950,Y,20111,1101110008600,1148154648,19690117,12,서울특별시 서초구 사평대로 84 이수화학,2025,20260319001212,,False,False,중견,"3년 평균 매출 14,114억 > 기준 1,200억, 자산 6,578억 ≥ 5,000억",별도,1200,1377711851000.0,1411445259333.0,657775226000.0,1659477477000.0,1857065605667.0,897707782000.0,True,I0500100042,(주)이수화학,20111,,비해당,,,비해당,,비대상,True,0,0,0,0,0,0,22,False,비대상,,,비대상
00167031,(주)흥국,010240,K,29241,1345110001228,1358100912,19741017,12,충청남도 아산시 둔포면 아산밸리로 357,2025,20260727000170,,False,False,중소,"3년 평균 매출 1,040억 ≤ 기준 1,200억, 자산 5,000억 미만",별도,1200,102253839651.0,103999646655.0,115109284466.0,137023822812.0,138372610049.0,135628627147.0,False,,,,,비해당,,,해당,건설·광업 기계,2차(2028),,0,0,0,0,0,0,0,False,2차(2028),,,2차(2028)
00116949,(주)디엔오토모티브,007340,Y,28202,1845110000642,6218101580,19710623,12,경상남도 양산시 산막공단북11길 103 -,2025,20260312001285,DN,False,False,중견,공시대상기업집단 소속(중소 제외),별도,1800,986279635000.0,921460957000.0,1924019528000.0,3675704255000.0,3459829862667.0,5275680667000.0,False,,,,,비해당,,,비해당,,비대상,True,0,0,0,0,1,0,13,True,비대상,,,비대상
00239514,(주)삼진엘앤디,054090,K,339,1348110004664,1248134479,19870106,12,경기도 화성시 동탄면 동탄기흥로 64-17,2025,20260325000061,,False,False,중소,"3년 평균 매출 996억 ≤ 기준 1,000억, 자산 5,000억 미만",별도,1000,96334875768.0,99572740492.0,102809171299.0,136342510480.0,157790658108.0,120117444684.0,False,,,,,비해당,,,비해당,,비대상,,0,0,0,0,0,0,0,False,비대상,,,비대상
00191287,대동금속(주),020400,K,24312,1741110002630,5148106365,19871229,12,대구광역시 달성군  논공읍 논공로 602,2025,20260318000731,,False,False,중소,"3년 평균 매출 1,115억 ≤ 기준 1,800억, 자산 5,000억 미만",별도,1800,101817187819.0,111465493516.0,98820466184.0,,,,True,I0800120042,대동금속(주),24311,,비해당,,,해당,철강 주조품,2차(2028),,0,0,0,0,0,0,0,False,2차(2028),,,2차(2028)
01144028,(주)씨티케이,260930,K,20423,1101112233560,2148681682,20010508,12,서울특별시 서초구 효령로 234 씨티케이코스메틱스,2025,20260320001391,,False,False,중소,"3년 평균 매출 699억 ≤ 기준 1,200억, 자산 5,000억 미만",별도,1200,67858176256.0,69902686108.0,220876227980.0,89230284535.0,87248413990.0,256828624855.0,False,,,,,비해당,,,비해당,,비대상,,0,0,0,0,0,0,0,False,비대상,,,비대상
00121686,엠케이전자(주),033160,K,262,1345110004412,1358106406,19821216,12,경기도 용인시 처인구 포곡읍 금어로 405 엠케이전자,2025,20260323001379,,False,False,중견,"3년 평균 매출 6,158억 > 기준 1,000억",별도,1000,795409862755.0,615827566358.0,474564401562.0,1403822824376.0,1230465935825.0,2534008826164.0,False,,,,,비해당,,,비해당,,비대상,True,0,0,0,0,0,0,0,False,비대상,,,비대상
00409371,인베니아(주),079950,K,29272,1348110056871,1248180691,20010126,12,경기도 파주시 문산읍 돈유3로 55 (선유리1373-7),2025,20260703000398,,False,False,중소,"3년 평균 매출 206억 ≤ 기준 1,200억, 자산 5,000억 미만",별도,1200,17999382342.0,20628588118.0,66325684902.0,18412572577.0,20983871701.0,66368848043.0,False,,,,,비해당,,,비해당,,비대상,,0,0,0,0,0,0,0,False,비대상,,,비대상
00892526,(주)디케이앤디,263020,K,22214,1101111967243,2148658707,20000512,12,경기도 안산시 단원구 별망로 345,2025,20260318000580,,False,False,중소,"3년 평균 매출 430억 ≤ 기준 1,200억, 자산 5,000억 미만",별도,1200,52423367086.0,43045513146.0,55169155841.0,142586770560.0,114974005247.0,110773634147.0,False,,,,,비해당,,,비해당,,비대상,,0,0,0,0,0,0,0,False,비대상,,,비대상
00410997,(주)누리플랜,069140,K,25112,1101111015779,1368116116,19940304,12,경기도 김포시  대곶면 대곶로202번길 191,2025,20260319000644,,False,False,중소,"3년 평균 매출 296억 ≤ 기준 1,200억, 자산 5,000억 미만",별도,1200,37520323090.0,29644427463.0,58394948203.0,117635132082.0,118625260838.0,140291796553.0,False,,,,,해당,구조물,가공품,비해당,,1차(2027),,0,0,0,0,0,0,0,False,1차(2027),,,1차(2027)
00494218,(주)엘엠에스,073110,K,262,1101111651242,2148629653,19990213,12,경기도 평택시 진위면 진위산단로 53-73,2025,20260319001255,,False,False,중소,"3년 평균 매출 550억 ≤ 기준 1,000억, 자산 5,000억 미만",별도,1000,62409885969.0,55022555878.0,146690027645.0,69574137851.0,71016052581.0,150301289639.0,False,,,,,비해당,,,비해당,,비대상,,0,0,0,0,0,0,0,False,비대상,,,비대상
00536888,(주)케이알엠,093640,K,2611,1101111621956,2148628386,19981218,12,"서울특별시 서초구 서초대로 67 성령빌딩 (방배동 869-9,11) 2층",2025,20260323001508,,False,False,중소,"3년 평균 매출 109억 ≤ 기준 1,000억, 자산 5,000억 미만",별도,1000,9009232070.0,10866430116.0,81160013715.0,9034332926.0,10881101523.0,105473178974.0,False,,,,,비해당,,,비해당,,비대상,,0,0,0,0,0,0,0,False,비대상,,,비대상
00128227,삼정펄프(주),009770,Y,171,1347110000333,1258100201,19740409,12,경기도 평택시 고덕면 해창리 250,2025,20260319000474,,False,False,중소,"3년 평균 매출 1,636억 ≤ 기준 1,800억, 자산 5,000억 미만",별도,1800,148565929898.0,163586023096.0,322255669541.0,,,,True,I0300100022,삼정펄프(주),17125,,비해당,,,비해당,,비대상,,0,0,0,0,0,0,0,False,비대상,,,비대상
01080252,주식회사 넥스틴,348210,K,29271,1344110044981,1268632036,20100623,12,경기도 화성시 동탄산단9길 23-12,2025,20260323000883,,False,False,중소,"3년 평균 매출 975억 ≤ 기준 1,200억, 자산 5,000억 미만",별도,1200,88587887483.0,97473076672.0,214779777433.0,66914327141.0,89521591346.0,222879250398.0,False,,,,,비해당,,,비해당,,비대상,,0,0,0,0,0,0,0,False,비대상,,,비대상
01416572,(주)세림비앤지,340440,K,222,1101117262754,2628701457,20191017,12,경기도 평택시 오성면 오성북로 154-51 (주)세림비앤지,2025,20260318000519,,False,False,중소,"3년 평균 매출 539억 ≤ 기준 1,200억, 자산 5,000억 미만",별도,1200,47989768658.0,53884816773.0,51258562395.0,,,,False,,,,,비해당,,,비해당,,비대상,,0,0,0,0,0,0,0,False,비대상,,,비대상
01402995,(주)케이엔에스,432470,K,29299,1348110121012,1248644399,20060425,12,경기도 평택시 서탄면 서탄로 446-9 &nbsp,2025,20260317000840,,False,False,중소,"3년 평균 매출 210억 ≤ 기준 1,200억, 자산 5,000억 미만",별도,1200,18142901524.0,20966008568.0,73395220695.0,41230345116.0,32742388114.0,90115655868.0,False,,,,,비해당,,,비해당,,비대상,,0,0,0,0,0,0,0,False,비대상,,,비대상
00583424,(주)아모레퍼시픽,090430,Y,20423,1101113471036,1068643373,20060601,12,서울특별시 용산구 한강대로 100 (한강로2가),2025,20260318000785,아모레퍼시픽,False,False,중견,공시대상기업집단 소속(중소 제외),별도,1200,2653725793231.0,2502315989722.0,5625244226847.0,4252820221496.0,3937298171280.0,6961213309494.0,False,,,,,비해당,,,비해당,,비대상,True,0,0,0,0,0,0,3,False,비대상,,,비대상
00113997,롯데에너지머티리얼즈(주),020150,Y,2629,2149110003625,4038103729,19870811,12,전라북도 익산시 석암로3길 63-25,2025,20260310002974,롯데,True,False,대기업,상호출자제한기업집단 소속,별도,1000,273282778085.0,295762262912.0,1045281306198.0,677530806593.0,796262961262.0,2208680587320.0,True,I0900100014,롯데에너지머티리얼즈(주),26221,,비해당,,,비해당,,비대상,,0,0,0,0,0,0,0,False,비대상,,,비대상
00173032,동화기업(주),025900,K,16212,1201110004218,1378102333,19480402,12,인천광역시 서구 가정로97번길 28(가좌동),2025,20260608000293,,False,False,중견,"3년 평균 매출 4,188억 > 기준 1,000억, 자산 17,624억 ≥ 5,000억",별도,1000,369049244539.0,418753203129.0,1762390345695.0,829562476098.0,853063902424.0,2270110568943.0,True,I0300110059,동화기업(주),16212,,비해당,,,비해당,,비대상,True,0,0,0,0,0,0,5,False,비대상,,,비대상
00480455,STX엔진(주),077970,Y,29111,1942110066763,6098162781,20040401,12,경상남도 창원시 성산구  공단로474번길 36,2025,20260323000690,,False,False,중견,"3년 평균 매출 6,766억 > 기준 1,200억, 자산 11,257억 ≥ 5,000억",별도,1200,744818465645.0,676572423909.0,1125734421415.0,789341914687.0,714776485524.0,1157535042858.0,False,,,,,비해당,,,일부해당,디젤 엔진(일부),2차 후보(확인 필요),True,0,0,1,0,0,0,9,True,2차 후보(확인 필요),,,2차 후보(확인 필요)
00228350,신화인터텍(주),056700,K,2229,1348110011677,1248135935,19880527,12,충남 천안시 동남구 병천면 매봉로 308,2025,20260318000583,효성,True,False,대기업,상호출자제한기업집단 소속,별도,1200,206806079674.0,201783298051.0,159277371485.0,229135522771.0,218010834906.0,168747709566.0,False,,,,,비해당,,,비해당,,비대상,,0,0,0,0,0,0,0,False,비대상,,,비대상
00520610,씨큐브(주),101240,K,20131,1543110010576,3018147023,20001020,12,충청북도 진천군  진천읍 성중로 144 시큐브,2025,20260318000535,,False,False,중소,"3년 평균 매출 559억 ≤ 기준 1,200억, 자산 5,000억 미만",별도,1200,56519406165.0,55922537859.0,141560870539.0,,,,False,,,,,비해당,,,비해당,,비대상,,0,0,0,0,0,0,0,False,비대상,,,비대상
00133751,세명전기공업(주),017510,K,2599,1801110052091,6068108323,19840203,12,부산광역시 사상구 대동로 188,2025,20260316000205,,False,False,중소,"3년 평균 매출 197억 ≤ 기준 1,200억, 자산 5,000억 미만",별도,1200,32333208200.0,19748288188.0,106780487966.0,,,,False,,,,,일부해당,탱크·용기,,일부해당,금속 주방용기(일부),2차 후보(확인 필요),,0,0,0,0,0,0,0,False,2차 후보(확인 필요),,,2차 후보(확인 필요)
00137234,(주)모베이스전자,012860,K,303,1301110008961,1348102523,19780107,12,경기도 수원시 권선구 산업로156번길 100 (고색동),2025,20260318000473,,False,False,중견,"3년 평균 매출 7,686억 > 기준 1,200억, 자산 6,353억 ≥ 5,000억",별도,1200,806880613520.0,768608251466.0,635326945589.0,1044088716546.0,984996977854.0,774874072694.0,False,,,,,비해당,,,일부해당,기어박스(일부)/자동차 엔진 부품(일부)/자동차 차체 부품(일부)/휠·현가장치·라디에이터(일부),2차 후보(확인 필요),True,0,0,0,0,0,0,25,False,2차 후보(확인 필요),,,2차 후보(확인 필요)
01309421,(주)제이엔비,452160,K,29271,1348110105438,1248631161,20050401,12,경기도 평택시 진위면 진위2산단로 31-21 &nbsp,2025,20260318000375,,False,False,중소,"3년 평균 매출 153억 ≤ 기준 1,200억, 자산 5,000억 미만",별도,1200,14876544432.0,15324377640.0,66831303701.0,14901644432.0,15415910973.0,72158963348.0,False,,,,,비해당,,,비해당,,비대상,,0,0,0,0,0,0,0,False,비대상,,,비대상
00365934,(주)코세스,089890,K,29271,1243110041444,1308136434,19940125,12,경기도 부천시 오정구  산업로 62,2025,20260323001563,,False,False,중소,"3년 평균 매출 824억 ≤ 기준 1,200억, 자산 5,000억 미만",별도,1200,82361273951.0,82398683621.0,92356363343.0,82379163292.0,82404646734.0,92264013118.0,False,,,,,비해당,,,비해당,,비대상,,0,0,0,0,0,0,0,False,비대상,,,비대상
00125576,(주)체시스,033250,Y,303,1748110004244,5158102135,19890803,12,경상북도 경산시 진량읍 일연로 528,2025,20260323000928,,False,False,중소,"3년 평균 매출 440억 ≤ 기준 1,200억, 자산 5,000억 미만",별도,1200,51565528255.0,44037692682.0,72921592744.0,93839011849.0,77702302112.0,86044907740.0,False,,,,,비해당,,,일부해당,기어박스(일부)/자동차 엔진 부품(일부)/자동차 차체 부품(일부)/휠·현가장치·라디에이터(일부),2차 후보(확인 필요),,0,0,0,0,0,0,0,False,2차 후보(확인 필요),,,2차 후보(확인 필요)
01203376,(주)유비쿼스,264450,K,26410,1311110475341,6558800491,20170302,12,경기도 성남시 분당구 판교로255번길 68,2025,20260310002770,,False,False,중견,"3년 평균 매출 1,235억 > 기준 1,000억",별도,1000,116437333574.0,123502867763.0,223428173476.0,116437998535.0,123503173472.0,223476287308.0,False,,,,,비해당,,,비해당,,비대상,True,0,0,0,0,0,0,0,False,비대상,,,비대상
00855163,미원화학(주),134380,Y,20421,2301110172244,6108604700,20110103,12,울산광역시 남구  장생포로 247,2025,20260309001317,,False,False,중견,"3년 평균 매출 2,577억 > 기준 1,200억",별도,1200,284512419024.0,257746156272.0,195733894029.0,,,,False,,,,,비해당,,,비해당,,비대상,True,0,0,0,0,0,0,1,False,비대상,,,비대상
00965512,주식회사 라온텍,418420,K,262,1311110241362,1298638645,20091013,12,경기도 성남시 수정구 창업로 43 판교글로벌비즈센터 6층 B동,2025,20260318001644,,False,False,중소,"3년 평균 매출 95억 ≤ 기준 1,000억, 자산 5,000억 미만",별도,1000,8746267801.0,9464407629.0,41819222253.0,,,,False,,,,,비해당,,,비해당,,비대상,,0,0,0,0,0,0,0,False,비대상,,,비대상
00441304,가온그룹(주),078890,K,264,1311110060978,1298142066,20010511,12,경기도 성남시 분당구  성남대로 884-3,2025,20260317000844,,False,False,중견,"3년 평균 매출 3,081억 > 기준 1,000억",별도,1000,305965376673.0,308140477272.0,291416035075.0,517549509670.0,514422175751.0,400370260910.0,False,,,,,비해당,,,비해당,,비대상,True,0,0,0,0,0,0,11,False,비대상,,,비대상
00619507,와이씨켐(주),112290,K,20491,1701110202416,5048141405,20010728,12,경상북도 성주군 선남면 유서리길 174-12 &nbsp,2025,20260318000721,,False,False,중소,"3년 평균 매출 719억 ≤ 기준 1,200억, 자산 5,000억 미만",별도,1200,83088557517.0,71887728081.0,173235678020.0,,,,False,,,,,비해당,,,비해당,,비대상,,0,0,0,0,0,0,0,False,비대상,,,비대상
00472890,(주)동국알앤에스,075970,K,239,1955110069249,6158135770,20040101,12,경상남도 김해시  상동면 상동로375번길 26-29 동국내화(주),2025,20260316000774,,False,False,중소,"3년 평균 매출 743억 ≤ 기준 800억, 자산 5,000억 미만",별도,800,73452171609.0,74336804898.0,102146665192.0,110734618130.0,109828365181.0,125763122898.0,False,,,,,비해당,,,비해당,,비대상,,0,0,0,0,0,0,0,False,비대상,,,비대상
00127255,(주)삼영,003720,Y,2221,1101110010001,1138106556,19590410,12,"서울특별시 종로구 청계천로 35 13층(서린동, 관정빌딩)",2025,20260323000789,,False,False,중소,"3년 평균 매출 915억 ≤ 기준 1,200억, 자산 5,000억 미만",별도,1200,96268883611.0,91471331613.0,150531053985.0,153208300579.0,133945031545.0,198418692922.0,True,I0500100026,주식회사 삼영 ,22212,,비해당,,,비해당,,비대상,,0,0,0,0,0,0,0,False,비대상,,,비대상
00531917,(주)톱텍,108230,K,292,1845110014990,6218122815,19960620,12,경상북도 구미시 산동읍 5공단4로 28 -,2025,20260715000540,,False,False,중견,"3년 평균 매출 3,983억 > 기준 1,200억, 자산 5,295억 ≥ 5,000억",별도,1200,155500667844.0,398301863515.0,529496956407.0,171001529881.0,415428808135.0,555604371071.0,False,,,,,비해당,,,일부해당,건설·광업 기계/농기계/산업용 로봇/석재 가공기(일부)/주조·야금 기계,2차 후보(확인 필요),True,0,0,0,0,0,0,3,False,2차 후보(확인 필요),,,2차 후보(확인 필요)
01134216,주식회사 트루엔,417790,K,265,1101113161306,1088169506,20050128,12,"서울특별시 구로구 디지털로33길 28, 1108, 1309호(구로동, 우림이비지센터1차)",2025,20260312000578,,False,False,중소,"3년 평균 매출 500억 ≤ 기준 1,000억, 자산 5,000억 미만",별도,1000,49113803516.0,49963333083.0,114450762985.0,,,,False,,,,,비해당,,,비해당,,비대상,,0,0,0,0,0,0,0,False,비대상,,,비대상
00614593,(주)넥스트아이,137940,K,27216,1348110037954,1248157924,19980907,12,경기도 안양시 동안구 동편로 13번길65 넥스트아이빌딩,2025,20260703000467,,False,False,중소,"3년 평균 매출 88억 ≤ 기준 800억, 자산 5,000억 미만",별도,800,10777230209.0,8766139370.0,79978497369.0,120063298601.0,63282383202.0,95362744357.0,False,,,,,비해당,,,일부해당,가스 분석기(일부),2차 후보(확인 필요),,0,0,0,0,0,0,0,False,2차 후보(확인 필요),,,2차 후보-약
00116301,(주)NI스틸,008260,Y,2419,1101110137491,2148171272,19721214,12,서울특별시 동작구 동작대로 35 -,2025,20260312001308,,False,False,중견,"3년 평균 매출 3,020억 > 기준 1,800억, 자산 5,159억 ≥ 5,000억",별도,1800,247943373789.0,302042871581.0,515938949317.0,,,,False,,,,,해당,철강,원재료,비해당,,1차(2027),True,0,0,0,0,0,0,0,False,1차(2027),,,1차(2027)
00163318,(주)모헨즈,006920,K,23322,1101110046197,3128115972,19701124,12,충남 충남시 풍세면 남관리 195,2025,20260318000856,,False,False,중소,"3년 평균 매출 427억 ≤ 기준 800억, 자산 5,000억 미만",별도,800,37703293863.0,42701089458.0,23840121091.0,81161016764.0,97681761566.0,59790459998.0,False,,,,,비해당,,,비해당,,비대상,,0,0,0,0,0,0,0,False,비대상,,,비대상
00121570,문배철강(주),008420,Y,2419,1101110139190,1168100532,19730121,12,서울특별시 동작구 동작대로 35 -,2025,20260319000530,,False,False,중소,"3년 평균 매출 1,472억 ≤ 기준 1,800억, 자산 5,000억 미만",별도,1800,137874736532.0,147238453987.0,238379966578.0,,,,False,,,,,해당,철강,원재료,비해당,,1차(2027),,0,0,0,0,0,0,0,False,1차(2027),,,1차(2027)
00142865,(주)WISCOM,024070,Y,22299,1301110009274,1348103288,19780509,12,경기도 안산시 단원구  강촌로 237,2025,20260319000477,,False,False,중소,"3년 평균 매출 969억 ≤ 기준 1,200억, 자산 5,000억 미만",별도,1200,96976265831.0,96861266220.0,99958576547.0,103275899079.0,104710756293.0,101547428617.0,False,,,,,비해당,,,비해당,,비대상,,0,0,0,0,0,0,0,False,비대상,,,비대상
00490151,(주)파트론,091700,K,2629,1358110090117,1248605362,20030128,12,경기도 화성시  삼성1로2길 22 (주)파트론,2025,20260702000296,,False,False,중견,"3년 평균 매출 12,449억 > 기준 1,000억, 자산 7,096억 ≥ 5,000억",별도,1000,1281439139367.0,1244924432138.0,709571228722.0,1349528006319.0,1336118467325.0,775103719248.0,False,,,,,비해당,,,비해당,,비대상,True,0,0,0,0,0,0,1,False,비대상,,,비대상
00138747,(주)아세아텍,050860,K,29210,1741110000098,5148100212,19780909,06,대구 달성군 유가면 금리 168,2025,20250912000376,,False,False,중견,"3년 평균 매출 1,203억 > 기준 1,200억",별도,1200,113296319206.0,120250967822.0,196443090153.0,,,,False,,,,,비해당,,,해당,농기계,2차(2028),True,0,0,0,0,0,0,4,False,2차(2028),,,2차(2028)
00483735,해성옵틱스(주),076610,K,273,1348110069163,1248194098,20020325,12,경기도 화성시 봉담읍 효행로184번길 66,2025,20260731000513,,False,False,중소,"3년 평균 매출 350억 ≤ 기준 800억, 자산 5,000억 미만",별도,800,53007359203.0,35039315747.0,72823214127.0,160334996562.0,130011198241.0,145775808637.0,False,,,,,비해당,,,비해당,,비대상,,0,0,0,0,0,0,0,False,비대상,,,비대상
00231105,(주)동성화인텍,033500,K,201,1101110404361,2148108385,19850731,12,부산광역시 사하구 신산로 99 -,2025,20260318001705,,False,False,중견,"3년 평균 매출 6,245억 > 기준 1,200억",별도,1200,742186008411.0,624452463465.0,499642286659.0,742186008411.0,624452463465.0,501560927287.0,False,,,,,비해당,,,비해당,,비대상,True,0,0,0,0,0,0,2,False,비대상,,,비대상
00180795,(주)인팩,023810,Y,303,1301110008052,1348102412,19690625,12,서울특별시 송파구 백제고분로 450 -,2025,20260323001188,,False,False,중견,"3년 평균 매출 2,043억 > 기준 1,200억",별도,1200,187699002499.0,204313311445.0,253211930676.0,586443733483.0,564403280569.0,669259469066.0,False,,,,,비해당,,,일부해당,기어박스(일부)/자동차 엔진 부품(일부)/자동차 차체 부품(일부)/휠·현가장치·라디에이터(일부),2차 후보(확인 필요),True,0,0,1,0,7,0,17,True,"2차(2028, 제품명 확인)",보류,"변속기 위치센서 (전장품, 품목 분류 애매)",2차 후보(확인 필요)
00646732,(주)진양홀딩스,100250,Y,222,1801110618091,6058186253,20080107,12,부산광역시 부산진구 새싹로 73 -,2025,20260312001025,,False,True,중소,"3년 평균 매출 192억 ≤ 기준 1,200억, 자산 5,000억 미만",별도,1200,26340093112.0,19189795712.0,280602624382.0,279815907810.0,279255443540.0,699432612726.0,False,,,,,비해당,,,비해당,,비대상,,0,0,0,0,0,0,0,False,비대상,,,비대상
00564562,(주)엠씨넥스,097520,Y,26519,1101113136383,1198177345,20041222,12,"인천광역시 연수구 송도과학로16번길 13-39 엠씨넥스 타워 송도동, 엠씨넥스타워",2025,20260318001219,,False,False,중견,"3년 평균 매출 8,177억 > 기준 1,000억",별도,1000,964626721908.0,817749517583.0,470618866740.0,1279236953303.0,1089595162663.0,556394117660.0,False,,,,,비해당,,,비해당,,비대상,True,0,0,0,0,0,0,1,False,비대상,,,비대상
00105040,(주)뉴인텍,012340,K,303,1243110003006,1308102119,19770629,12,충청남도 아산시 음봉면 음봉면로 243,2025,20260318001476,,False,False,중소,"3년 평균 매출 724억 ≤ 기준 1,200억, 자산 5,000억 미만",별도,1200,73173077756.0,72391192811.0,68048656388.0,82799344609.0,80464929882.0,73083870115.0,False,,,,,비해당,,,일부해당,기어박스(일부)/자동차 엔진 부품(일부)/자동차 차체 부품(일부)/휠·현가장치·라디에이터(일부),2차 후보(확인 필요),,0,0,0,0,0,0,0,False,2차 후보(확인 필요),,,2차 후보(확인 필요)
00152437,(주)케이프,064820,K,31114,1801110051770,6218122339,19831226,12,경상남도 양산시  상북면 양산대로 1303,2025,20260810000668,,False,False,중소,"3년 평균 매출 713억 ≤ 기준 1,200억, 자산 5,000억 미만",별도,1200,67432836473.0,71296418853.0,403790048513.0,579773872948.0,562312021787.0,2692973699221.0,False,,,,,비해당,,,비해당,,비대상,,0,0,0,0,0,0,0,False,비대상,,,비대상
00862312,(주)포스뱅크,105760,K,291,1101112860173,1068623061,20030919,12,"서울특별시 금천구 가산디지털2로 108. 805-808호(가산동, 뉴티캐슬) &nbsp",2025,20260320001214,,False,False,중소,"3년 평균 매출 795억 ≤ 기준 1,200억, 자산 5,000억 미만",별도,1200,88847406481.0,79531573150.0,96888369292.0,91426124049.0,82597624340.0,97722746681.0,False,,,,,비해당,,,일부해당,냉동장비 부품·냉각탑(일부)/디젤 엔진(일부)/버너(일부)/분사기(일부)/엔진용·소형 펌프(일부)/크레인·컨베이어 등,2차 후보(확인 필요),,0,0,0,0,0,0,0,False,2차 후보(확인 필요),,,2차 후보(확인 필요)
00356389,(주)프럼파스트,035200,K,22211,1601110031099,3058115765,19920624,12,세종특별자치시  연동면 명학2길 30 아래 사무실,2025,20260814001540,,False,False,중소,"3년 평균 매출 246억 ≤ 기준 1,200억, 자산 5,000억 미만",별도,1200,21059984676.0,24551783864.0,39136405757.0,25230889434.0,27445296276.0,41680469489.0,False,,,,,비해당,,,비해당,,비대상,,0,0,0,0,0,0,0,False,비대상,,,비대상
00418379,(주)자연과환경,043910,K,233,1101111727853,2158178735,19990705,12,충청남도 공주시  우성면 보흥1길 116-28,2025,20260323001619,,False,False,중소,"3년 평균 매출 494억 ≤ 기준 800억, 자산 5,000억 미만",별도,800,38351755838.0,49352329239.0,116162013413.0,37308755838.0,49251520477.0,132196462829.0,False,,,,,일부해당,시멘트,,비해당,,2차 후보(확인 필요),,0,0,0,0,0,0,0,False,2차 후보(확인 필요),,,2차 후보(확인 필요)
00652007,(주)메카로,241770,K,261,1201110233338,1318159560,20001101,12,경기도 평택시 산단로121번길 89 (주)메카로,2025,20260318001611,,False,False,중소,"3년 평균 매출 652억 ≤ 기준 1,000억, 자산 5,000억 미만",별도,1000,94610797133.0,65189096455.0,222553279077.0,94613747133.0,65352520204.0,225650454777.0,False,,,,,비해당,,,비해당,,비대상,,0,0,0,0,0,0,0,False,비대상,,,비대상
00102113,(주)경인양행,012610,Y,20132,1201110005703,1378100562,19771014,12,인천광역시 서구  건지로 199 (석남동) 223-52,2025,20260319000395,,False,False,중견,"3년 평균 매출 2,310억 > 기준 1,200억",별도,1200,239888185915.0,231045444934.0,353592590428.0,379701831841.0,366447051374.0,526807131416.0,False,,,,,비해당,,,비해당,,비대상,True,0,0,0,0,0,0,23,False,비대상,,,비대상
00145598,이연제약(주),102460,Y,212,1101110048143,1068100516,19641125,12,"서울특별시 강남구 테헤란로 620 에이동 12층 (대치동, 미래에셋타워)",2025,20260320001314,,False,False,중견,"3년 평균 매출 1,484억 > 기준 800억",별도,800,145928626140.0,148433147895.0,467292142746.0,145928626140.0,148433147895.0,465099644104.0,False,,,,,비해당,,,비해당,,비대상,True,0,0,0,0,0,0,3,False,비대상,,,비대상
01476219,(주)코스텍시스,355150,K,261,1101117471470,1398701725,20200428,12,인천광역시 남동구 남동서로 261 주식회사 코스텍시스,2025,20260318000866,,False,False,중소,"3년 평균 매출 137억 ≤ 기준 1,000억, 자산 5,000억 미만",별도,1000,15220234978.0,13660950297.0,56005309519.0,,,,False,,,,,비해당,,,비해당,,비대상,,0,0,0,0,0,0,0,False,비대상,,,비대상
00409672,(주)티비에이치글로벌,084870,Y,141,1801110346204,6068164892,20010101,12,서울특별시 송파구 중대로 168 신한빌딩(가락동),2025,20260323000437,,False,False,중견,"3년 평균 매출 1,819억 > 기준 1,500억",별도,1500,171345414390.0,181909653744.0,100576560273.0,182419159355.0,185995679306.0,104296475432.0,False,,,,,비해당,,,비해당,,비대상,True,0,0,0,0,0,0,0,False,비대상,,,비대상
00664048,(주)우리넷,115440,K,2641,1301110057124,1248168611,20000104,12,경기도 안양시 동안구 시민대로 353(관양동),2025,20260323001378,,False,False,중견,"3년 평균 매출 1,076억 > 기준 1,000억",별도,1000,75505437184.0,107588019631.0,119918104761.0,75505437184.0,108723315813.0,134905978481.0,False,,,,,비해당,,,비해당,,비대상,True,0,0,0,0,0,0,0,False,비대상,,,비대상
00138057,써니전자(주),004770,Y,262,1101110070881,1138106968,19660915,12,충청북도 충주시  목행산단2로 59,2025,20260318001440,,False,False,중소,"3년 평균 매출 126억 ≤ 기준 1,000억, 자산 5,000억 미만",별도,1000,12360625475.0,12643326779.0,86017322502.0,,,,False,,,,,비해당,,,비해당,,비대상,,0,0,0,0,0,0,0,False,비대상,,,비대상
00605328,씨앤지하이테크(주),264660,K,29271,1348110072786,1248198492,20020716,12,경기도 안성시 원곡면 승량길 162 &nbsp,2025,20260706000269,,False,False,중견,"3년 평균 매출 1,709억 > 기준 1,200억",별도,1200,195545245943.0,170914009843.0,196938826938.0,196194330780.0,171369235944.0,197506673607.0,False,,,,,비해당,,,비해당,,비대상,True,0,0,0,0,0,0,0,False,비대상,,,비대상
00468374,(주)원익큐엔씨,074600,K,2312,1760110035615,5138131648,20031112,12,경상북도 구미시 산동읍 5공단3로 14 -,2025,20260323001246,원익,False,False,중견,공시대상기업집단 소속(중소 제외),별도,800,396917817057.0,343106117127.0,697601146439.0,943641492868.0,880376324234.0,1545872449060.0,False,,,,,비해당,,,비해당,,비대상,True,0,0,0,0,0,0,1,False,비대상,,,비대상
00260569,유니셈(주),036200,K,29271,1348110024878,1248142101,19960101,12,경기도 화성시 동탄면 장지남길 10-7,2025,20260313001168,,False,False,중견,"3년 평균 매출 2,309억 > 기준 1,200억",별도,1200,262677216730.0,230949659367.0,276328846911.0,273330435300.0,241200971319.0,282810733794.0,False,,,,,비해당,,,비해당,,비대상,True,0,0,0,0,0,0,1,False,비대상,,,비대상
01357446,주식회사 퓨런티어,370090,K,27213,1311110230307,1298632694,20090506,12,경기도 성남시 중원구 사기막골로 58,2025,20260310002997,,False,False,중소,"3년 평균 매출 280억 ≤ 기준 800억, 자산 5,000억 미만",별도,800,12143538944.0,28010543001.0,44552841709.0,,,,False,,,,,비해당,,,일부해당,가스 분석기(일부),2차 후보(확인 필요),,0,0,0,0,0,0,0,False,2차 후보(확인 필요),,,2차 후보-약
00367710,(주)동인기연,111380,Y,151,1244110014316,1368107674,19921215,12,경기도 김포시 통진읍 대곶북로 370-26,2025,20260319001347,,False,False,중견,"3년 평균 매출 2,211억 > 기준 1,500억",별도,1500,235944946631.0,221104894056.0,281164921504.0,244145426389.0,228964688823.0,301445840065.0,False,,,,,비해당,,,비해당,,비대상,True,0,0,0,0,0,0,1,False,비대상,,,비대상
00611912,(주)아모그린텍,125210,K,2629,1244110064402,1378158268,20040106,12,경기도 김포시 통진읍 김포대로1950번길 91,2025,20260318001646,,False,False,중견,"3년 평균 매출 1,352억 > 기준 1,000억",별도,1000,129304466579.0,135156669290.0,191344100454.0,130600692643.0,135588744645.0,189711045041.0,False,,,,,비해당,,,비해당,,비대상,True,0,0,0,0,0,0,5,False,비대상,,,비대상
00692254,(주)아이패밀리에스씨,114840,K,204,1101111892333,1208600633,20000229,12,"서울특별시 송파구 동남로 122 문정동, COLLECTED 빌딩",2025,20260320000432,,False,False,중견,"3년 평균 매출 1,917억 > 기준 1,200억",별도,1200,221635724570.0,191734081229.0,146779431617.0,224096054183.0,192554191100.0,142391571157.0,False,,,,,비해당,,,비해당,,비대상,True,0,0,0,0,0,0,10,False,비대상,,,비대상
00957373,(주)펨트론,168360,K,292,1101112422379,2148703174,20020115,12,"서울특별시 금천구 가산디지털1로 219 1406호(가산동, 벽산디지털밸리 6차)",2025,20260410001848,,False,False,중소,"3년 평균 매출 666억 ≤ 기준 1,200억, 자산 5,000억 미만",별도,1200,69583634553.0,66645572217.0,106268043930.0,69861835068.0,66860764391.0,106660548694.0,False,,,,,비해당,,,일부해당,건설·광업 기계/농기계/산업용 로봇/석재 가공기(일부)/주조·야금 기계,2차 후보(확인 필요),,0,0,0,0,0,0,0,False,2차 후보(확인 필요),,,2차 후보(확인 필요)
00126201,삼성공조(주),006660,Y,30399,1942110000034,6098102070,19700611,12,경상남도 창원시 성산구  연덕로 176 삼성공조(주),2025,20260608000034,,False,False,중소,"3년 평균 매출 765억 ≤ 기준 1,200억, 자산 5,000억 미만",별도,1200,74499522757.0,76498755923.0,277934158618.0,117736352607.0,119799898131.0,334084121584.0,False,,,,,비해당,,,일부해당,휠·현가장치·라디에이터(일부),2차 후보(확인 필요),,0,0,0,0,0,0,0,False,2차 후보(확인 필요),,,2차 후보(확인 필요)
00760999,상신전자(주),263810,K,2629,1341110025060,1388105124,19880701,12,경상남도 김해시 진영읍 본산로269번길 16-34 -,2025,20260317000565,,False,False,중견,"3년 평균 매출 1,134억 > 기준 1,000억",별도,1000,119985901974.0,113351334334.0,77734012818.0,129139555836.0,121271647060.0,86674880962.0,False,,,,,비해당,,,비해당,,비대상,True,0,0,0,0,0,0,1,False,비대상,,,비대상
00604028,주식회사 피코그램,376180,K,339,1101112463654,1098176863,20020307,12,인천광역시 부평구 부평북로 118,2025,20260318000497,,False,False,중소,"3년 평균 매출 302억 ≤ 기준 1,000억, 자산 5,000억 미만",별도,1000,30872569046.0,30241934547.0,59689042915.0,,,,False,,,,,비해당,,,비해당,,비대상,,0,0,0,0,0,0,0,False,비대상,,,비대상
00533191,(주)비보존제약,082800,K,212,1358110085019,1248199564,20020822,12,경기도 화성시 향남읍 제약공단2길 34-40,2025,20260812000273,,False,False,중소,"3년 평균 매출 728억 ≤ 기준 800억, 자산 5,000억 미만",별도,800,59343216714.0,72754118450.0,177320360248.0,59343216714.0,72754118450.0,165480875379.0,False,,,,,비해당,,,비해당,,비대상,,0,0,0,0,0,0,0,False,비대상,,,비대상
00913689,(주)세경하이테크,148150,K,2629,1345110097540,1358183418,20060116,12,경기도 수원시 권선구 산업로155번길 128,2025,20260323001499,,False,False,중소,"3년 평균 매출 542억 ≤ 기준 1,000억, 자산 5,000억 미만",별도,1000,51088738605.0,54222108163.0,247915268207.0,277917111183.0,300909142930.0,346450278522.0,False,,,,,비해당,,,비해당,,비대상,,0,0,0,0,0,0,0,False,비대상,,,비대상
01080687,(주)아우딘퓨쳐스,227610,K,20423,1101112131821,2208602474,20001218,12,"서울특별시 강남구 테헤란로86길 13 12층 (대치동, 대경타워)",2025,20260323001168,,False,False,중소,"3년 평균 매출 366억 ≤ 기준 1,200억, 자산 5,000억 미만",별도,1200,42385393255.0,36554136416.0,57076655681.0,42385393255.0,36589892133.0,57848657221.0,False,,,,,비해당,,,비해당,,비대상,,0,0,0,0,0,0,0,False,비대상,,,비대상
00578538,(주)티피씨,130740,K,303,1748110017627,5158113874,19990101,12,경상북도 경산시  진량읍 일연로 574,2025,20260317000725,,False,False,중소,"3년 평균 매출 481억 ≤ 기준 1,200억, 자산 5,000억 미만",별도,1200,48109215918.0,48103952790.0,84885060673.0,79404293659.0,79774168876.0,123558382927.0,False,,,,,비해당,,,일부해당,기어박스(일부)/자동차 엔진 부품(일부)/자동차 차체 부품(일부)/휠·현가장치·라디에이터(일부),2차 후보(확인 필요),,0,0,0,0,0,0,0,False,2차 후보(확인 필요),,,2차 후보(확인 필요)
00602279,주식회사 그린플러스,186230,K,24222,1348110033605,1248152399,19971021,12,충청남도 예산군 응봉면 응봉로 50-42 &nbsp,2025,20260702000226,,False,False,중소,"3년 평균 매출 783억 ≤ 기준 1,800억, 자산 5,000억 미만",별도,1800,96389432352.0,78282461119.0,87732577348.0,105715000362.0,84090769956.0,96819469017.0,False,,,,,해당,알루미늄,원재료,비해당,,1차(2027),,0,0,0,0,0,0,0,False,1차(2027),,,1차(2027)
00624749,주식회사 에스피시스템스,317830,K,29280,1801110078534,6178116288,19880309,12,경상남도 양산시 어곡공단로 123,2025,20260323001727,,False,False,중소,"3년 평균 매출 383억 ≤ 기준 1,200억, 자산 5,000억 미만",별도,1200,36251681000.0,38298149488.0,69375115376.0,61613225016.0,64377880795.0,98935815057.0,False,,,,,비해당,,,해당,산업용 로봇,2차(2028),,0,0,0,0,0,0,0,False,2차(2028),,,2차(2028)
00147994,(주)새로닉스,042600,K,2629,1753110000762,5138101294,19681221,12,경상북도 구미시  수출대로9길 36 (주)새로닉스,2025,20260625000120,,False,False,중소,"3년 평균 매출 509억 ≤ 기준 1,000억, 자산 5,000억 미만",별도,1000,33937967393.0,50880355191.0,132958876335.0,164947822818.0,189716921954.0,216888398118.0,False,,,,,비해당,,,비해당,,비대상,,0,0,0,0,0,0,0,False,비대상,,,비대상
00230814,(주)휴림에이텍,078590,K,303,1913110002354,6158103939,19930825,12,경남 밀양시 산내면 가인리 364번지,2025,20260319001131,,False,False,중소,"3년 평균 매출 661억 ≤ 기준 1,200억, 자산 5,000억 미만",별도,1200,64375014019.0,66118415996.0,81606809941.0,,,,False,,,,,비해당,,,일부해당,기어박스(일부)/자동차 엔진 부품(일부)/자동차 차체 부품(일부)/휠·현가장치·라디에이터(일부),2차 후보(확인 필요),,0,0,0,0,0,0,0,False,2차 후보(확인 필요),,,2차 후보(확인 필요)
00124780,사조씨푸드(주),014710,Y,102,1101110271596,1208116542,19800327,12,"서울특별시 서대문구 통일로 107-39 502(충정로2가, 사조빌딩)",2025,20260317000763,사조,False,False,중견,공시대상기업집단 소속(중소 제외),별도,1200,217432935507.0,193912869896.0,347347050710.0,238019779764.0,200775151315.0,393078639915.0,False,,,,,비해당,,,비해당,,비대상,True,0,0,0,0,0,0,8,False,비대상,,,비대상
00166500,화천기계(주),010660,Y,29223,1101110342181,1148145488,19750614,12,서울특별시 서초구  방배로 46,2025,20260318001051,,False,False,중견,"3년 평균 매출 2,029억 > 기준 1,200억",별도,1200,214513614009.0,202928310675.0,174976804697.0,,,,False,,,,,비해당,,,일부해당,석재 가공기(일부),2차 후보(확인 필요),True,0,0,0,0,0,0,3,False,2차 후보(확인 필요),,,2차 후보-약
01135941,(주)원익아이피에스,240810,K,292,1313110163174,6958100374,20160404,12,경기도 평택시 진위면 진위산단로 75,2025,20260316001453,원익,False,False,중견,공시대상기업집단 소속(중소 제외),별도,1200,909820766098.0,782809939433.0,1162171225595.0,909795691103.0,782769921802.0,1164636219440.0,True,I1000210070,(주)원익아이피에스,29271,,비해당,,,일부해당,건설·광업 기계/농기계/산업용 로봇/석재 가공기(일부)/주조·야금 기계,2차 후보(확인 필요),True,0,0,0,0,1,0,1,True,2차 후보(확인 필요),,,2차 후보(확인 필요)
00173351,(주)삼진,032750,K,264,1341110005351,1238105888,19760715,12,경기도 안양시 만안구  안양천서로 81 (주)삼진,2025,20260319001197,,False,False,중견,"3년 평균 매출 1,411억 > 기준 1,000억",별도,1000,131374351052.0,141052208520.0,117656761193.0,148323178536.0,154631791054.0,128247102123.0,False,,,,,비해당,,,비해당,,비대상,True,0,0,0,0,0,0,0,False,비대상,,,비대상
01515864,(주)넥스트칩,396270,K,26112,1311110541069,3398601497,20190102,12,경기도 성남시 분당구 대왕판교로 660 유스페이스1 에이동 5층,2025,20260317000667,,False,False,중소,"3년 평균 매출 294억 ≤ 기준 1,000억, 자산 5,000억 미만",별도,1000,39653511990.0,29353259945.0,58285876155.0,,,,False,,,,,비해당,,,비해당,,비대상,,0,0,0,0,0,0,0,False,비대상,,,비대상
01676642,(주)사피엔반도체,452430,K,2611,2301110281186,3848700893,20170829,12,경기도 성남시 수정구 창업로 43 판교글로벌비즈센터 A동 601~613호,2025,20260320000130,,False,False,중소,"3년 평균 매출 95억 ≤ 기준 1,000억, 자산 5,000억 미만",별도,1000,17312155993.0,9504869764.0,31612257216.0,,,,False,,,,,비해당,,,비해당,,비대상,,0,0,0,0,0,0,0,False,비대상,,,비대상
00165103,(주)푸드웰,005670,K,1030,1701110001628,5028100145,19680809,12,대구광역시 달서구 성서서로 121 -,2025,20260324000034,,False,False,중소,"3년 평균 매출 924억 ≤ 기준 1,200억, 자산 5,000억 미만",별도,1200,101843906831.0,92390904678.0,126978433407.0,320327563488.0,273935191154.0,238033339321.0,False,,,,,비해당,,,비해당,,비대상,,0,0,0,0,0,0,0,False,비대상,,,비대상
01387164,주식회사 샤페론,378800,K,211,1101113977050,1018642705,20081001,12,서울특별시 강남구 자곡로 174-10 강남에이스타워 606호(자곡동),2025,20260319000869,,False,False,중소,"3년 평균 매출 2억 ≤ 기준 800억, 자산 5,000억 미만",별도,800,227804629.0,153586800.0,27873502872.0,227804629.0,153586800.0,27875189599.0,False,,,,,비해당,,,비해당,,비대상,,0,0,0,0,0,0,0,False,비대상,,,비대상
01524118,나노팀 주식회사,417010,K,291,1601110444581,5888100566,20161228,12,대전광역시 유성구 국제과학2로 14,2025,20260320001279,,False,False,중소,"3년 평균 매출 406억 ≤ 기준 1,200억, 자산 5,000억 미만",별도,1200,40923519034.0,40592779445.0,120009821497.0,40323638066.0,39968671131.0,117668983925.0,False,,,,,비해당,,,일부해당,냉동장비 부품·냉각탑(일부)/디젤 엔진(일부)/버너(일부)/분사기(일부)/엔진용·소형 펌프(일부)/크레인·컨베이어 등,2차 후보(확인 필요),,0,0,0,0,0,0,0,False,2차 후보(확인 필요),,,2차 후보(확인 필요)
00535676,(주)테크윙,089030,K,29271,1348110072942,1248198532,20020801,12,경기도 화성시 동탄면 동탄산단6길 37,2025,20260623000173,,False,False,중견,"3년 평균 매출 1,421억 > 기준 1,200억, 자산 6,298억 ≥ 5,000억",별도,1200,148152535512.0,142147604609.0,629787638482.0,159128398402.0,159413276565.0,633699354109.0,False,,,,,비해당,,,비해당,,비대상,True,0,0,0,0,0,0,0,False,비대상,,,비대상
00155735,(주)피제이전자,006140,K,27112,1101110053465,1308147931,19690718,12,경기도 부천시 오정구 삼작로 22 부천테크노파크1단지 101동 6층,2025,20260316001412,,False,False,중견,"3년 평균 매출 1,716억 > 기준 800억",별도,800,178552370684.0,171565129541.0,198058302500.0,,,,False,,,,,비해당,,,비해당,,비대상,True,0,0,0,0,0,0,0,False,비대상,,,비대상
00595191,(주)후성,093370,Y,20129,1314110189425,1348634812,20061124,12,경기도 화성시  팔탄면 현대기아로 72-37,2025,20260318001491,,False,False,중견,"3년 평균 매출 2,687억 > 기준 1,200억, 자산 5,886억 ≥ 5,000억",별도,1200,272340048398.0,268727558475.0,588568875794.0,471564293544.0,477517070573.0,827498687937.0,True,I0500110086,주식회사 후성,20129,,비해당,,,비해당,,비대상,True,0,0,0,0,0,0,2,False,비대상,,,비대상
00136271,주식회사 신성이엔지,011930,Y,2612,1301110008664,1348103352,19770120,12,"경기도 과천시 과천대로7길 20 A타워 14층,15층",2025,20260318000940,,False,False,중견,"3년 평균 매출 3,634억 > 기준 1,000억",별도,1000,318829816991.0,363437556333.0,492295316904.0,567454391304.0,575425114015.0,600686182250.0,False,,,,,비해당,,,비해당,,비대상,True,2,0,0,0,0,0,5,False,비대상,,,비대상
00426828,케이웨더(주),068100,K,291,1101111427586,1108137628,19970617,12,서울특별시 구로구 디지털로26길 5 에이스하이엔드타워1차 401,2025,20260319000742,,False,False,중소,"3년 평균 매출 163억 ≤ 기준 1,200억, 자산 5,000억 미만",별도,1200,17118818852.0,16329847182.0,16014939629.0,17691551363.0,16554429182.0,16360308964.0,False,,,,,비해당,,,일부해당,냉동장비 부품·냉각탑(일부)/디젤 엔진(일부)/버너(일부)/분사기(일부)/엔진용·소형 펌프(일부)/크레인·컨베이어 등,2차 후보(확인 필요),,0,0,0,0,0,0,0,False,2차 후보(확인 필요),,,2차 후보(확인 필요)
00149239,조일알미늄(주),018470,Y,24222,1701110021543,5028107788,19850919,12,경상북도 경산시  진량읍 공단6로 98,2025,20260312000761,,False,False,중견,"3년 평균 매출 4,836억 > 기준 1,800억",별도,1800,486678693232.0,483611642395.0,411109986392.0,,,,True,I0900100016,조일알미늄 주식회사,24222,,해당,알루미늄,원재료,비해당,,1차(2027),True,0,0,0,0,0,0,2,False,1차(2027),,,1차(2027)
01365038,(주)자람테크놀로지,389020,K,261,1101111864829,2208176364,20000127,12,"경기도 성남시 분당구 성남대로925번길 41, 2층",2025,20260318000646,,False,False,중소,"3년 평균 매출 148억 ≤ 기준 1,000억, 자산 5,000억 미만",별도,1000,10643506120.0,14812344400.0,76999420852.0,,,,False,,,,,비해당,,,비해당,,비대상,,0,0,0,0,0,0,0,False,비대상,,,비대상
01231786,(주)엑스페릭스,317770,K,262,1311110478436,7688600658,20170403,12,"경기도 성남시 중원구 사기막골로62번길 37 1207호 (상대원동, 스타타워)",2025,20260318001711,,False,False,중소,"3년 평균 매출 153억 ≤ 기준 1,000억, 자산 5,000억 미만",별도,1000,19915511300.0,15342018727.0,98179138295.0,21486557890.0,16047498507.0,121402345356.0,False,,,,,비해당,,,비해당,,비대상,,0,0,0,0,0,0,0,False,비대상,,,비대상
00612294,(주)피엔티,137400,K,292,1752110017454,5138132083,20031230,12,경상북도 구미시 첨단기업로 33 (주)피엔티,2025,20260316000390,,False,False,중견,"3년 평균 매출 7,414억 > 기준 1,200억, 자산 14,690억 ≥ 5,000억",별도,1200,719243824958.0,741444146481.0,1469044295268.0,744889433349.0,775105117622.0,1718145213481.0,False,,,,,비해당,,,일부해당,건설·광업 기계/농기계/산업용 로봇/석재 가공기(일부)/주조·야금 기계,2차 후보(확인 필요),True,0,0,0,0,0,0,12,False,2차 후보(확인 필요),,,2차 후보(확인 필요)
00104768,가온전선(주),000500,Y,28302,1341110000567,1238100049,19470924,12,경기도 군포시  엘에스로45번길 120,2025,20260316000969,엘에스,True,False,대기업,상호출자제한기업집단 소속,별도,1800,1411696404000.0,1371404413333.0,1257468278000.0,2545698074000.0,1923802766000.0,1377927912000.0,False,,,,,비해당,,,해당,전선·케이블,2차(2028),,0,0,0,0,0,0,0,False,2차(2028),,,2차(2028)
01137903,(주)디케이티,290550,K,26224,1201110615990,1228624946,20120621,12,인천광역시 부평구 평천로199번길 25 -,2025,20260318001382,,False,False,중견,"3년 평균 매출 1,312억 > 기준 1,000억",별도,1000,170134466349.0,131226418493.0,184544833034.0,425776296391.0,369781409697.0,319676364759.0,False,,,,,비해당,,,비해당,,비대상,True,0,0,0,0,0,0,0,False,비대상,,,비대상
01528141,엘에스머트리얼즈 주식회사,417200,K,26291,1341110570437,7378701854,20210101,12,경기도 안양시 동안구 엘에스로116번길 39 엘에스엠트론 하이테크 센터 6층,2025,20260604000337,엘에스,True,False,대기업,상호출자제한기업집단 소속,별도,1000,29147753781.0,31188438049.0,232324051682.0,153582399002.0,144180896179.0,274526446057.0,False,,,,,비해당,,,비해당,,비대상,,0,0,0,0,0,0,0,False,비대상,,,비대상
01147487,(주)뷰티스킨,406820,K,20423,1201110590960,1378615890,20111207,12,인천광역시 서구 염곡로14번길 27,2025,20260319001377,,False,False,중소,"3년 평균 매출 655억 ≤ 기준 1,200억, 자산 5,000억 미만",별도,1200,45507952979.0,65471390757.0,85086189165.0,54922098935.0,72232313112.0,87680194136.0,False,,,,,비해당,,,비해당,,비대상,,0,0,0,0,0,0,0,False,비대상,,,비대상
00150165,(주)브이티,018290,K,204,1101110509872,2028135574,19861107,12,경기도 파주시  산업단지길 139 (주)G.M.P,2025,20260319001002,,False,False,중견,"3년 평균 매출 2,928억 > 기준 1,200억",별도,1200,381052176242.0,292809102937.0,304599679329.0,437183656431.0,388127283315.0,353501351205.0,False,,,,,비해당,,,비해당,,비대상,True,0,0,0,0,0,0,7,False,비대상,,,비대상
00165060,하이록코리아(주),013030,K,241,1801110029321,6038106103,19780318,12,부산광역시 강서구 녹산산단27로 97,2025,20260312001217,,False,False,중소,"3년 평균 매출 1,789억 ≤ 기준 1,800억, 자산 5,000억 미만",별도,1800,193080007951.0,178853125874.0,472917946258.0,214565849545.0,197972434510.0,498092199742.0,False,,,,,해당,철강,원재료,비해당,,1차(2027),,0,0,0,0,0,0,0,False,1차(2027),,,1차(2027)
00767460,피아이첨단소재(주),178920,Y,2221,1543110022729,3018197858,20080602,12,충청북도 진천군 이월면 고등1길 27,2025,20260312000098,,False,False,중견,"3년 평균 매출 2,441억 > 기준 1,200억",별도,1200,263421091422.0,244118638231.0,464759120865.0,,,,True,I0500140135,피아이첨단소재 주식회사,22212,,비해당,,,비해당,,비대상,True,0,0,1,0,0,0,3,True,비대상,,,비대상
01047415,(주)정다운,208140,K,101,1101115542497,1078831874,20141020,12,전라남도 나주시 동수농공단지길 137-17 (주)정다운,2025,20260316000908,,False,False,중견,"3년 평균 매출 1,760억 > 기준 1,200억",별도,1200,160817954094.0,175955759515.0,209373702138.0,160876384094.0,176108292181.0,215038440754.0,False,,,,,비해당,,,비해당,,비대상,True,0,0,0,0,0,0,0,False,비대상,,,비대상
00599595,(주)비지에프에코머티리얼즈,126600,K,20202,1350110079381,1338134551,19971013,12,경기도 화성시  장안면 상두원길 142,2025,20260318001144,BGF,False,False,중견,공시대상기업집단 소속(중소 제외),별도,1200,187014483471.0,179323773843.0,495062588430.0,397885888276.0,349286399794.0,781725170717.0,False,,,,,비해당,,,비해당,,비대상,True,0,0,0,0,0,2,0,True,비대상,,,비대상
00571298,덕우전자(주),263600,K,2629,1760110006963,5138106227,19920801,12,경상북도 구미시 산동면 첨단기업7로 98-23,2025,20260323000904,,False,False,중견,"3년 평균 매출 1,460억 > 기준 1,000억",별도,1000,159686123391.0,146044142535.0,215146131033.0,176946596890.0,164223709639.0,236036434496.0,False,,,,,비해당,,,비해당,,비대상,True,0,0,0,0,0,0,3,False,비대상,,,비대상
00152729,광전자(주),017900,Y,2612,2149110002560,4038102808,19840731,12,전라북도 익산시 약촌로8길 62-8 (어양동),2025,20260319000424,,False,False,중견,"3년 평균 매출 1,275억 > 기준 1,000억",별도,1000,131269728407.0,127470034177.0,257789335061.0,132685277641.0,129526582535.0,258292978185.0,False,,,,,비해당,,,비해당,,비대상,True,0,0,0,0,0,0,0,False,비대상,,,비대상
01383229,주식회사 저스템,417840,K,29271,1101116042066,4958800337,20160425,12,경기도 용인시 기흥구 탑실로 35번길 57,2025,20260320001113,,False,False,중소,"3년 평균 매출 399억 ≤ 기준 1,200억, 자산 5,000억 미만",별도,1200,47154179733.0,39921830152.0,86340960655.0,48288744108.0,40974323274.0,87468723819.0,False,,,,,비해당,,,비해당,,비대상,,0,0,0,0,0,0,0,False,비대상,,,비대상
00920379,(주)티엘비,356860,K,2622,1314110255979,1348677072,20110325,12,경기도 안산시 단원구 신원로 305,2025,20260320000683,,False,False,중견,"3년 평균 매출 2,039억 > 기준 1,000억",별도,1000,260312614635.0,203906200946.0,245716317091.0,258497722389.0,203268576870.0,246296090246.0,False,,,,,비해당,,,비해당,,비대상,True,0,0,0,0,0,0,0,False,비대상,,,비대상
00364403,(주)쏠리드,050890,K,2642,1101111603764,2158172901,19981105,12,경기도 성남시 분당구 판교역로 220 쏠리드스페이스,2025,20260324000935,,False,False,중견,"3년 평균 매출 2,396억 > 기준 1,000억, 자산 5,017억 ≥ 5,000억",별도,1000,225366202658.0,239559583394.0,501718039230.0,294830329228.0,315754273006.0,536672709018.0,False,,,,,비해당,,,비해당,,비대상,True,0,0,0,0,0,0,14,False,비대상,,,비대상
00208444,피에스케이홀딩스(주),031980,K,29271,1347110004377,1258106879,19900611,12,경기도 화성시  삼성1로4길 48 피에스케이,2025,20260320000819,,False,True,중견,"3년 평균 매출 1,452억 > 기준 1,200억",별도,1200,188876147986.0,145226287960.0,368188024001.0,207764042799.0,172662940583.0,584879159412.0,False,,,,,비해당,,,비해당,,비대상,,0,0,0,0,0,0,0,False,비대상,,,비대상
00161860,한성기업(주),003680,Y,10211,1801110000230,6018108347,19630314,12,부산광역시 영도구  태종로 63,2025,20260318001070,,False,False,중견,"3년 평균 매출 3,238억 > 기준 1,200억",별도,1200,318445028569.0,323844042889.0,243727742752.0,,,,False,,,,,비해당,,,비해당,,비대상,True,0,0,0,0,0,0,0,False,비대상,,,비대상
01336461,주식회사 뉴로메카,348340,K,29280,2841110112915,1328613766,20130214,12,서울특별시 성동구 아차산로 78 (성수동2가),2025,20260319000890,,False,False,중소,"3년 평균 매출 190억 ≤ 기준 1,200억, 자산 5,000억 미만",별도,1200,18186153029.0,19024586214.0,86732014807.0,18954203205.0,19322193045.0,91375484748.0,False,,,,,비해당,,,해당,산업용 로봇,2차(2028),,0,0,0,0,0,0,0,False,2차(2028),,,2차(2028)
00447609,(주)비에이치,090460,Y,2622,1350110087483,1228157587,19990310,12,인천광역시 부평구 평천로199번길 25,2025,20260323001134,,False,False,중견,"3년 평균 매출 3,319억 > 기준 1,000억, 자산 6,546억 ≥ 5,000억",별도,1000,349882710927.0,331899538985.0,654574106366.0,1792660286542.0,1713031427181.0,1370500771503.0,False,,,,,비해당,,,비해당,,비대상,True,0,0,0,0,0,0,0,False,비대상,,,비대상
00106119,(주)금양,001570,Y,201,1801110003101,6068104711,19551117,12,부산광역시 사상구 낙동대로960번길 77 (감전동),2025,20260608000226,,False,False,중견,"자산 11,814억 ≥ 5,000억",별도,1200,62919191736.0,111029672555.0,1181353631507.0,102780898535.0,136180639748.0,1222067941228.0,False,,,,,비해당,,,비해당,,비대상,True,0,0,0,0,0,0,8,False,비대상,,,비대상
00568188,(주)마이크로컨텍솔루션,098120,K,2629,1845110022448,6218137017,19991228,12,충청남도 천안시 서북구 성거읍 오송2길 15-21,2025,20260319001387,,False,False,중소,"3년 평균 매출 733억 ≤ 기준 1,000억, 자산 5,000억 미만",별도,1000,89184878363.0,73293819737.0,96337831983.0,100314289873.0,78265184687.0,96886216703.0,False,,,,,비해당,,,비해당,,비대상,,0,0,0,0,0,0,0,False,비대상,,,비대상
01199550,에이치디현대에너지솔루션(주),322000,Y,2612,1101116265410,1188122037,20161221,12,"경기도 성남시 분당구 분당수서로 477 9층(정자동, HD현대그룹 글로벌 R&D센터)",2025,20260313001045,HD현대,True,False,대기업,상호출자제한기업집단 소속,별도,1000,484387824120.0,470437517538.0,518865508014.0,492659873672.0,487050298674.0,530430417283.0,True,IA014170002,에이치디현대에너지솔루션(주),26129,,비해당,,,비해당,,비대상,,0,0,0,0,0,0,0,False,비대상,,,비대상
00543107,(주)오킨스전자,080580,K,262,1341110059845,1388116581,19980413,12,"경기도 의왕시 오전공업길 13, 6층 (오전동, 벽산선영테크노피아)",2025,20260319000615,,False,False,중소,"3년 평균 매출 713억 ≤ 기준 1,000억, 자산 5,000억 미만",별도,1000,92681789252.0,71286240463.0,94663536047.0,94373992165.0,72634581530.0,95757081811.0,False,,,,,비해당,,,비해당,,비대상,,0,0,0,0,0,0,0,False,비대상,,,비대상
00164502,(주)현대공업,170030,K,303,1812110001102,6108101557,19780912,12,울산광역시 북구 매곡산업로 528(매곡동),2025,20260320001172,,False,False,중견,"3년 평균 매출 3,217억 > 기준 1,200억",별도,1200,353859469521.0,321681311550.0,254559360641.0,367911083613.0,334112839555.0,259352541331.0,False,,,,,비해당,,,일부해당,기어박스(일부)/자동차 엔진 부품(일부)/자동차 차체 부품(일부)/휠·현가장치·라디에이터(일부),2차 후보(확인 필요),True,0,0,0,0,0,0,0,False,2차 후보(확인 필요),,,2차 후보(확인 필요)
00106669,(주)세아베스틸지주,001430,Y,2411,1101110035794,1138106798,19550204,12,서울시 마포구 양화로 45,2025,20260316001503,세아,True,True,대기업,상호출자제한기업집단 소속,별도,1800,88378083190.0,102820747008.0,1831764413165.0,3651585276954.0,3790376570191.0,3914568488213.0,False,,,,,해당,철강,원재료,비해당,,1차(2027),,0,0,0,0,0,0,0,False,1차(2027),,,1차(2027)
00380429,(주)CMG제약,058820,K,212,1350110115846,1348171976,20010801,12,서울특별시 강남구 학동로 170 베터라이프빌딩 3층(논현동),2025,20260319001089,,False,False,중견,3년 평균 매출 985억 > 기준 800억,별도,800,104522458286.0,98471648260.0,305612044651.0,105229184685.0,99411864371.0,305961524392.0,False,,,,,비해당,,,비해당,,비대상,True,0,0,0,0,0,0,1,False,비대상,,,비대상
00173078,명신산업(주),009900,Y,303,1712110000958,5058101731,19820417,12,경상북도 경주시 천북면 천북산단로 91,2025,20260323000909,,False,False,중견,"3년 평균 매출 1,691억 > 기준 1,200억",별도,1200,164052743145.0,169141408143.0,267297532014.0,1619154581776.0,1643959294196.0,1420721058269.0,False,,,,,비해당,,,일부해당,기어박스(일부)/자동차 엔진 부품(일부)/자동차 차체 부품(일부)/휠·현가장치·라디에이터(일부),2차 후보(확인 필요),True,0,0,0,0,0,0,7,False,2차 후보(확인 필요),,,2차 후보(확인 필요)
00573579,평화산업(주),090080,Y,303,1701110309329,5148157898,20060502,12,대구광역시 달성군 논공읍 논공로 597,2025,20260316000837,,False,False,중견,"3년 평균 매출 5,870억 > 기준 1,200억",별도,1200,618025594998.0,587023620845.0,253342824038.0,626062341683.0,592826259485.0,256001257575.0,True,I1200140058,평화산업(주),22192,업종 대분류 불일치(확인 필요),비해당,,,일부해당,기어박스(일부)/자동차 엔진 부품(일부)/자동차 차체 부품(일부)/휠·현가장치·라디에이터(일부),2차 후보(확인 필요),True,0,0,0,0,19,1,2,True,"2차(2028, 제품명 확인)",확인,에어서스펜션 제품,"2차(2028, 제품명 확인)"
00910840,(주)윈하이텍,192390,K,2511,1545110049654,3038163280,20110915,12,충청북도 음성군 삼성면 하이텍산단로 99 &nbsp,2025,20260320000951,,False,False,중소,"3년 평균 매출 1,137억 ≤ 기준 1,200억, 자산 5,000억 미만",별도,1200,75107019498.0,113680546968.0,138836480251.0,75147762488.0,113702888227.0,152864432326.0,False,,,,,해당,구조물,가공품,비해당,,1차(2027),,0,0,0,0,0,0,0,False,1차(2027),,,1차(2027)
00109781,(주)대림제지,017650,K,179,1348110003020,1248132409,19840321,12,경기 오산시 누읍동 7,2025,20260318001548,,False,False,중소,"3년 평균 매출 1,665억 ≤ 기준 1,800억, 자산 5,000억 미만",별도,1800,168837382045.0,166494866293.0,328132772446.0,168837382045.0,166494866293.0,328274455479.0,True,I0300100003,(주)대림제지,17129,,비해당,,,비해당,,비대상,,0,0,0,0,0,0,0,False,비대상,,,비대상
00550994,(주)아이센스,099190,K,27112,1101111960924,2108129428,20000504,12,서울특별시 서초구 반포대로28길 43 아이센스 빌딩,2025,20260318001657,,False,False,중견,"3년 평균 매출 2,212억 > 기준 800억, 자산 5,353억 ≥ 5,000억",별도,800,239058916304.0,221245047375.0,535270769903.0,315444741611.0,290567635261.0,577662983387.0,False,,,,,비해당,,,비해당,,비대상,True,0,0,0,0,0,0,9,False,비대상,,,비대상
01566248,주식회사 에코프로에이치엔,383310,K,204,1501110307674,2838702389,20210503,12,충청북도 청주시 청원구 오창읍 과학산업2로 587-40,2025,20260316001329,에코프로,False,False,중견,공시대상기업집단 소속(중소 제외),별도,1200,138247970309.0,200379734186.0,456151250647.0,141057118027.0,201501200280.0,458920378557.0,False,,,,,비해당,,,비해당,,비대상,True,0,0,0,0,0,0,0,False,비대상,,,비대상
01546101,(주)아이엠티,451220,K,29299,1345110044939,1358142061,20001123,12,경기도 수원시 영통구 신원로 306 1동 8층,2025,20260318000551,,False,False,중소,"3년 평균 매출 88억 ≤ 기준 1,200억, 자산 5,000억 미만",별도,1200,11533933784.0,8820297127.0,56932778296.0,32943967760.0,17659739000.0,67115420556.0,False,,,,,비해당,,,비해당,,비대상,,0,0,0,0,0,0,0,False,비대상,,,비대상
00140779,영보화학(주),014440,Y,2225,1601110012742,3148101120,19791211,12,충청북도 청주시 흥덕구 강내면 서부로 230-23,2025,20260311004373,,False,False,중소,"3년 평균 매출 868억 ≤ 기준 1,200억, 자산 5,000억 미만",별도,1200,93248886485.0,86842199429.0,195223931544.0,120111147525.0,109318923156.0,210737258099.0,False,,,,,비해당,,,비해당,,비대상,,0,0,0,0,0,0,0,False,비대상,,,비대상
00105138,주식회사 파라텍,033540,K,292,1243110000573,1308100241,19730608,12,충청남도 서산시 수석산업로 51 -,2025,20260320001022,,False,False,중견,"3년 평균 매출 1,697억 > 기준 1,200억",별도,1200,115909538283.0,169727636909.0,161735009073.0,173929893426.0,223451724995.0,179453984833.0,False,,,,,비해당,,,일부해당,건설·광업 기계/농기계/산업용 로봇/석재 가공기(일부)/주조·야금 기계,2차 후보(확인 필요),True,0,0,0,0,0,0,0,False,2차 후보(확인 필요),,,2차 후보(확인 필요)
00922304,주식회사 아셈스,136410,K,22212,1801110515685,6038158974,20030613,12,부산광역시 사하구 을숙도대로873번길 31,2025,20260318000767,,False,False,중소,"3년 평균 매출 424억 ≤ 기준 1,200억, 자산 5,000억 미만",별도,1200,44951639632.0,42370644338.0,89355549527.0,60272993631.0,55060855926.0,114921434215.0,False,,,,,비해당,,,비해당,,비대상,,0,0,0,0,0,0,0,False,비대상,,,비대상
00925587,(주)위드텍,348350,K,27213,1601110166341,3148163107,20031211,12,대전광역시 유성구 테크노2로 300 (탑립동),2025,20260313000682,,False,False,중소,"3년 평균 매출 493억 ≤ 기준 800억, 자산 5,000억 미만",별도,800,56830643680.0,49272768304.0,153822303145.0,57807030055.0,50328045568.0,155095406174.0,False,,,,,비해당,,,일부해당,가스 분석기(일부),2차 후보(확인 필요),,0,0,0,0,0,0,0,False,2차 후보(확인 필요),,,2차 후보-약
00125822,삼보산업 주식회사,009620,K,24222,1801110020246,6098116685,19740208,12,경상남도 창원시 진해구  남의로21번길 36,2025,20260407003361,,False,False,중견,"3년 평균 매출 2,468억 > 기준 1,800억",별도,1800,188355582876.0,246754328126.0,165328767895.0,285655693776.0,351250906224.0,323447212982.0,True,I0900100009,삼보산업 주식회사,24212,,해당,알루미늄,원재료,비해당,,1차(2027),True,0,0,4,0,0,0,0,True,1차(2027),,,1차(2027)
00228712,동우팜투테이블,088910,K,10121,2111110005365,4018106526,19930217,12,전라북도 군산시  서수면 동군산로 1095 주식회사 동우,2025,20260319000608,,False,False,중견,"3년 평균 매출 3,216억 > 기준 1,200억",별도,1200,321960746800.0,321555357328.0,279315044541.0,325457698211.0,325913979705.0,282187804378.0,False,,,,,비해당,,,비해당,,비대상,True,0,0,0,0,0,0,0,False,비대상,,,비대상
00140858,(주)와이엠,007530,K,259,1101110123408,1198101578,19711201,12,경기도 평택시  포승읍 포승공단로118번길 118,2025,20260313001133,,False,False,중견,"3년 평균 매출 1,682억 > 기준 1,200억",별도,1200,172555556923.0,168248106592.0,139936063252.0,177146007940.0,171879278686.0,148546744064.0,False,,,,,일부해당,기타 파스너(일부)/단조·압형(일부)/볼트·너트/탱크·용기,,일부해당,금속 주방용기(일부)/단조·압형 제품/못·기타 파스너/스프링(일부)/와이어로프·철망/일반철물(일부),2차 후보(확인 필요),True,0,0,1,0,0,0,1,True,2차 후보(확인 필요),,,2차 후보(확인 필요)
00667373,현대힘스 주식회사,460930,K,31114,2301110143443,6208130928,20080425,12,울산광역시 북구 매곡산업로 21,2025,20260318000236,,False,False,중견,"3년 평균 매출 2,115억 > 기준 1,200억",별도,1200,241502084429.0,211497713549.0,324308776457.0,248203831277.0,220185218081.0,333357623673.0,False,,,,,비해당,,,비해당,,비대상,True,0,0,0,0,0,0,0,False,비대상,,,비대상
00136624,(주)신영와코루,005800,Y,14120,1101110094964,1198101559,19681021,12,서울특별시 금천구  가산디지털1로 104 (주)신영와코루,2025,20260312001122,,False,False,중견,"3년 평균 매출 1,949억 > 기준 1,500억",별도,1500,185139657615.0,194864315042.0,381046890564.0,185154553424.0,194869280312.0,427146648638.0,False,,,,,비해당,,,비해당,,비대상,True,0,0,0,0,0,0,0,False,비대상,,,비대상
01259232,(주)노바텍,285490,K,339,1351110083661,1238609157,20070223,12,"경기도 용인시 기흥구 흥덕중앙로 120 1101호, 1105호, 1106호, 1107호, 1111호, 1112호, 1113호(영덕동, ？",2025,20260319001085,,False,False,중소,"3년 평균 매출 84억 ≤ 기준 1,000억, 자산 5,000억 미만",별도,1000,6995823136.0,8395804329.0,126949901234.0,55589851496.0,71274427353.0,173989291355.0,False,,,,,비해당,,,비해당,,비대상,,0,0,0,0,0,0,0,False,비대상,,,비대상
00248974,하나제약(주),293480,Y,212,1311110002409,1248137632,19780119,12,경기도 화성시 향남읍 제약단지로 13-39,2025,20260320001014,,False,False,중견,"3년 평균 매출 2,298억 > 기준 800억",별도,800,239503892657.0,229766860556.0,418140743513.0,,,,False,,,,,비해당,,,비해당,,비대상,True,0,0,0,0,0,0,6,False,비대상,,,비대상
00413417,우리손에프앤지 농업회사법인(주),073560,K,101,2112110005321,4048112594,20010222,12,전라남도 나주시 반남면 장송길 73,2025,20260316001668,,False,False,중소,"3년 평균 매출 1,060억 ≤ 기준 1,200억, 자산 5,000억 미만",별도,1200,109789831324.0,105975693007.0,254856265611.0,287050419297.0,286329115285.0,566150384236.0,False,,,,,비해당,,,비해당,,비대상,,0,0,0,0,0,0,0,False,비대상,,,비대상
00498001,(주)모베이스,101330,K,2642,1101111665516,1198130151,19990317,12,경기도 화성시 동탄첨단산업1로 73 (영천동),2025,20260319000751,,False,False,중소,"3년 평균 매출 139억 ≤ 기준 1,000억, 자산 5,000억 미만",별도,1000,14161768922.0,13863844117.0,218256596385.0,1371327433599.0,1311955068975.0,1083137810538.0,False,,,,,비해당,,,비해당,,비대상,,0,0,0,0,0,0,0,False,비대상,,,비대상
00450995,대모엔지니어링주식회사,317850,K,29242,1101110633556,1138116826,19890616,12,경기도 시흥시 엠티브이26로58번길 56 -,2025,20260319000427,,False,False,중소,"3년 평균 매출 412억 ≤ 기준 1,200억, 자산 5,000억 미만",별도,1200,39718478749.0,41167523621.0,63562331811.0,40730717139.0,42153457549.0,64807212163.0,False,,,,,비해당,,,해당,건설·광업 기계,2차(2028),,0,0,0,0,0,0,0,False,2차(2028),,,2차(2028)
00202060,(주)구영테크,053270,K,303,1747110001791,5058104626,19891109,12,대구광역시 달성군 구지면 국가산단대로39길 119 (창리),2025,20260316001359,,False,False,중견,"3년 평균 매출 1,706억 > 기준 1,200억",별도,1200,186476314185.0,170574474926.0,278230027499.0,426181253496.0,386993662682.0,710509062441.0,False,,,,,비해당,,,일부해당,기어박스(일부)/자동차 엔진 부품(일부)/자동차 차체 부품(일부)/휠·현가장치·라디에이터(일부),2차 후보(확인 필요),True,0,0,0,0,0,0,1,False,2차 후보(확인 필요),,,2차 후보(확인 필요)
01011368,(주)에이치브이엠,295310,K,24219,1355110238812,1408162109,20120607,12,경기도 안양시 동안구 시민대로248번길 25,2025,20260320001188,,False,False,중소,"3년 평균 매출 510억 ≤ 기준 1,800억, 자산 5,000억 미만",별도,1800,66531544743.0,51043129691.0,173276147468.0,,,,False,,,,,비해당,,,비해당,,비대상,,0,0,0,0,0,0,0,False,비대상,,,비대상
00114765,케이비아이동국실업(주),001620,Y,303,1101110028939,1068112972,19551229,12,서울특별시 용산구  한강대로 350,2025,20260317000470,,False,False,중견,"3년 평균 매출 4,544억 > 기준 1,200억, 자산 5,231억 ≥ 5,000억",별도,1200,506660512077.0,454381073189.0,523146180784.0,808008048191.0,708608742420.0,861979153146.0,False,,,,,비해당,,,일부해당,기어박스(일부)/자동차 엔진 부품(일부)/자동차 차체 부품(일부)/휠·현가장치·라디에이터(일부),2차 후보(확인 필요),True,0,0,0,0,0,0,16,False,2차 후보(확인 필요),,,2차 후보(확인 필요)
01190568,(주)에이피알,278470,Y,20423,1101115535012,2208889441,20141010,12,"서울특별시 송파구 올림픽로 300 36층(신천동, 롯데월드타워앤드롯데월드몰)",2025,20260323001257,,False,False,중견,"3년 평균 매출 9,251억 > 기준 1,200억, 자산 7,343억 ≥ 5,000억",별도,1200,1528295842593.0,925118616255.0,734298348264.0,1527344973381.0,924636066747.0,771737546894.0,False,,,,,비해당,,,비해당,,비대상,True,0,0,0,0,0,0,1,False,비대상,,,비대상
00625942,한솔아이원스(주),114810,K,2927,1348110109828,1248633892,20050701,12,경기도 안성시 고삼면 안성대로 2061 (가유리 777-1),2025,20260313000415,한솔,False,False,중견,공시대상기업집단 소속(중소 제외),별도,1200,198830230410.0,159966871849.0,254506424488.0,198830230410.0,159966871849.0,254358289046.0,False,,,,,비해당,,,비해당,,비대상,True,0,0,0,0,0,0,0,False,비대상,,,비대상
00132992,(주)성우하이텍,015750,K,303,1801110042612,6218114445,19811228,12,부산광역시 기장군  정관면 농공길 2-9 (주)성우하이텍,2025,20260319000729,,False,False,중견,"3년 평균 매출 17,600억 > 기준 1,200억, 자산 24,589억 ≥ 5,000억",별도,1200,1782329295259.0,1760001725609.0,2458889428910.0,4382670411366.0,4316583475870.0,4867042087907.0,False,,,,,비해당,,,일부해당,기어박스(일부)/자동차 엔진 부품(일부)/자동차 차체 부품(일부)/휠·현가장치·라디에이터(일부),2차 후보(확인 필요),True,0,0,0,0,1,0,22,True,"2차(2028, 제품명 확인)",제외,업계 일반 설명,2차 후보(확인 필요)
00153339,태경산업(주),015890,Y,20129,1348110002080,1248130662,19820215,12,서울특별시 강서구 공항대로 467 4층(등촌동),2025,20260323001550,,False,False,중견,"3년 평균 매출 1,409억 > 기준 1,200억",별도,1200,138071380178.0,140886036046.0,222201820197.0,777095583235.0,702938448999.0,989501936569.0,True,I0500100058,태경산업(주),24113,업종 대분류 불일치(확인 필요),해당,철강,원재료,비해당,,1차(2027),True,0,0,0,0,0,0,10,False,1차(2027),,,1차(2027)
00365457,(주)제이티,089790,K,29271,1211110061910,1308156518,19980707,12,충청남도 천안시 서북구  직산읍 4산단3로 135,2025,20260319001329,,False,False,중소,"3년 평균 매출 447억 ≤ 기준 1,200억, 자산 5,000억 미만",별도,1200,37911576008.0,44709300200.0,98865378844.0,38378522208.0,44828244535.0,99950240164.0,False,,,,,비해당,,,비해당,,비대상,,0,0,0,0,0,0,0,False,비대상,,,비대상
00660121,(주)디에이테크놀로지,196490,K,29271,1101111958888,1198138212,20000503,12,경기도 화성시 비봉면 쌍학길 15 (쌍학리 250-2),2025,20260323001530,,False,False,중소,"3년 평균 매출 540억 ≤ 기준 1,200억, 자산 5,000억 미만",별도,1200,32853430763.0,54012204971.0,38571471803.0,33322099931.0,54837786803.0,38920061959.0,False,,,,,비해당,,,비해당,,비대상,,0,0,0,0,0,0,0,False,비대상,,,비대상
01284751,주식회사 시지트로닉스,429270,K,26129,2101110058935,4188124779,20080125,12,전라북도 완주군 봉동읍 테크노밸리로 497,2025,20260318000115,,False,False,중소,"3년 평균 매출 125억 ≤ 기준 1,000억, 자산 5,000억 미만",별도,1000,12748957402.0,12478422184.0,34037273558.0,,,,False,,,,,비해당,,,비해당,,비대상,,0,0,0,0,0,0,0,False,비대상,,,비대상
00117027,(주)알루코,001780,Y,24222,1601110002313,3068101212,19560604,12,대전광역시 대덕구  대화로119번길 31,2025,20260318001554,,False,False,중견,"3년 평균 매출 2,843억 > 기준 1,800억",별도,1800,251313183648.0,284328062470.0,430652813933.0,575658057136.0,596596303376.0,912972459028.0,False,,,,,해당,알루미늄,원재료,비해당,,1차(2027),True,0,0,0,0,6,0,9,True,1차(2027),,,1차(2027)
00544577,브이엠(주),089970,K,29271,1348110068248,1248193411,20020222,12,경기도 이천시 마장면 서이천로 58-47,2025,20260320000666,,False,False,중소,"3년 평균 매출 802억 ≤ 기준 1,200억, 자산 5,000억 미만",별도,1200,144411787537.0,80232583476.0,248529860191.0,144411787537.0,80232583476.0,248727741913.0,False,,,,,비해당,,,비해당,,비대상,,0,0,0,0,0,0,0,False,비대상,,,비대상
01494118,노을 주식회사,376930,K,27112,1101115906974,4828100161,20151202,12,"경기도 용인시 수지구 광교중앙로 338, 비동 10층 &nbsp",2025,20260323001248,,False,False,중소,"3년 평균 매출 32억 ≤ 기준 800억, 자산 5,000억 미만",별도,800,5121885655.0,3152396979.0,38916572996.0,5121885655.0,3152396979.0,39224540809.0,False,,,,,비해당,,,비해당,,비대상,,0,0,0,0,0,0,0,False,비대상,,,비대상
01765265,동국제강(주),460860,Y,241,1101118651633,5788602878,20230601,12,서울특별시 중구 을지로5길 19,2025,20260313000519,동국제강,False,False,중견,공시대상기업집단 소속(중소 제외),별도,1800,3203431341223.0,3121020417845.0,4134274429969.0,,,,True,I0024200002,동국제강 주식회사,24112,,해당,철강,원재료,비해당,,1차(2027),True,0,0,0,0,0,0,2,False,1차(2027),,,1차(2027)
00409681,(주)아스트,067390,K,31322,1954110007168,6138124511,20010420,12,경상남도 사천시 용현면 종포산단로 133 -,2025,20260318001569,,False,False,중견,"3년 평균 매출 1,949억 > 기준 1,200억, 자산 5,588억 ≥ 5,000억",별도,1200,254397973852.0,194915735937.0,558842413520.0,254386380552.0,198083506405.0,560593411124.0,False,,,,,비해당,,,비해당,,비대상,True,0,0,0,0,0,0,0,False,비대상,,,비대상
00108490,(주)엔피케이,048830,K,20202,1101110522311,2118138347,19870304,12,경상북도 구미시 옥계2공단로5길 7 -,2025,20260319000658,,False,False,중소,"3년 평균 매출 563억 ≤ 기준 1,200억, 자산 5,000억 미만",별도,1200,57878440116.0,56289513243.0,65321509554.0,83822010472.0,70458509623.0,69556770980.0,False,,,,,비해당,,,비해당,,비대상,,0,0,0,0,0,0,0,False,비대상,,,비대상
00164779,에스케이하이닉스(주),000660,Y,2612,1344110001387,1268103725,19491015,12,경기도 이천시  부발읍 경충대로 2091,2025,20260317000635,에스케이,True,False,대기업,상호출자제한기업집단 소속,별도,1000,86852117000000.0,56742800333333.0,168903929000000.0,97146675000000.0,65368451333333.0,176107659000000.0,True,I1100100031,에스케이하이닉스 주식회사,26111,,비해당,,,비해당,,비대상,,0,0,0,0,0,0,0,False,비대상,,,비대상
00115931,(주)디오,039840,K,27192,1845110003290,6218101561,19880125,12,부산광역시 해운대구 센텀서로 66,2025,20260306000812,,False,False,중견,"3년 평균 매출 1,056억 > 기준 800억",별도,800,96017951961.0,105636844750.0,300370143079.0,164077830292.0,146515198664.0,328467730338.0,False,,,,,비해당,,,일부해당,의료기기(일부),2차 후보(확인 필요),True,0,0,0,0,0,0,8,False,2차 후보(확인 필요),,,2차 후보-약
00604268,(주)에이프로,262260,K,289,1351110053143,1238158293,20000627,12,"경기도 안양시 동안구 부림로170번길 41-14 (관양동, 에이프로 글로벌센터)",2025,20260731000782,,False,False,중견,"3년 평균 매출 1,911억 > 기준 1,800억",별도,1800,141602239991.0,191143102027.0,278081059466.0,147079619081.0,194396100032.0,327516705769.0,False,,,,,비해당,,,비해당,,비대상,True,0,0,0,0,0,0,17,False,비대상,,,비대상
00825223,(주)화신정공,126640,K,303,1101114339415,1078735359,20100428,12,경상북도 영천시  도남공단3길 96,2025,20260316000444,,False,False,중견,"3년 평균 매출 3,536억 > 기준 1,200억",별도,1200,378937475942.0,353590902251.0,197908343869.0,,,,False,,,,,비해당,,,일부해당,기어박스(일부)/자동차 엔진 부품(일부)/자동차 차체 부품(일부)/휠·현가장치·라디에이터(일부),2차 후보(확인 필요),True,0,0,0,0,3,0,0,True,"2차(2028, 제품명 확인)",확인,샤시류 현가장치 관련 부품,"2차(2028, 제품명 확인)"
00148984,주식회사 시알홀딩스,000480,Y,2321,2011110000440,4168107056,19470515,12,전라남도 광양시 산업로 55 본관 3층,2025,20260319000043,,False,True,중견,"자산 6,489억 ≥ 5,000억",별도,800,18718900000.0,12760167667.0,648855398000.0,827752427000.0,818496129000.0,1565188415000.0,False,,,,,비해당,,,비해당,,비대상,,0,0,0,0,0,0,0,False,비대상,,,비대상
00101664,(주)경보제약,214390,Y,211,1648110001961,3128104567,19870331,12,충청남도 아산시 실옥로 174,2025,20260318001475,,False,False,중견,"3년 평균 매출 2,397억 > 기준 800억",별도,800,264104056811.0,239672554844.0,319537836305.0,,,,False,,,,,비해당,,,비해당,,비대상,True,0,0,0,0,0,0,17,False,비대상,,,비대상
01232192,(주)티디에스팜,464280,K,21212,1545110024284,3038134897,20021111,12,경기도 성남시 분당구 판교로 253 C동 403호,2025,20260629000376,,False,False,중소,"3년 평균 매출 284억 ≤ 기준 800억, 자산 5,000억 미만",별도,800,27620873511.0,28396334924.0,54151710444.0,,,,False,,,,,비해당,,,비해당,,비대상,,0,0,0,0,0,0,0,False,비대상,,,비대상
01181515,(주)엘앤씨바이오,290650,K,212,1311110288992,1298664008,20110802,12,"경기도 성남시 중원구 둔촌대로 474, 605호, 606호, 607호 (선텍시티)",2025,20260324000006,,False,False,중소,"3년 평균 매출 606억 ≤ 기준 800억, 자산 5,000억 미만",별도,800,69422886562.0,60574434298.0,333364117550.0,85476414998.0,74478563775.0,456637114149.0,False,,,,,비해당,,,비해당,,비대상,,0,0,0,0,0,0,0,False,비대상,,,비대상
01233465,동국생명과학(주),303810,K,212,1101116391778,3318100733,20170501,12,서울특별시 강남구 테헤란로108길 7,2025,20260313000218,,False,False,중견,"3년 평균 매출 1,274억 > 기준 800억",별도,800,130343747512.0,127440358382.0,217626925229.0,,,,False,,,,,비해당,,,비해당,,비대상,True,0,0,0,0,0,0,2,False,비대상,,,비대상
01658831,오름테라퓨틱 주식회사,475830,K,211,1601110433518,8878100503,20160817,12,대전광역시 유성구 문지로 281-25,2025,20260319001320,,False,False,중소,"3년 평균 매출 521억 ≤ 기준 800억, 자산 5,000억 미만",별도,800,23564233.0,52115597407.0,148563433561.0,23564233.0,52115597407.0,169324738276.0,False,,,,,비해당,,,비해당,,비대상,,0,0,0,0,0,0,0,False,비대상,,,비대상
00352064,(주)프리엠스,053160,K,28123,1101110660830,1308130556,19891128,12,경기도 부천시 오정구 삼작로178번길 14,2025,20260318000155,,False,False,중소,"3년 평균 매출 212억 ≤ 기준 1,800억, 자산 5,000억 미만",별도,1800,22967324185.0,21159230776.0,80173964273.0,23135895576.0,21258286739.0,80210265059.0,False,,,,,비해당,,,비해당,,비대상,,0,0,0,0,0,0,0,False,비대상,,,비대상
00136226,신성델타테크(주),065350,K,28519,1942110003096,6098107658,19871109,12,경상남도 창원시 성산구  공단로271번길 39 신성델타테크(주),2025,20260317000805,,False,False,중소,"3년 평균 매출 1,399억 ≤ 기준 1,800억, 자산 5,000억 미만",별도,1800,125996551346.0,139934880525.0,370073523541.0,945363793218.0,887016633617.0,932560259261.0,False,,,,,비해당,,,해당,냉장고·세탁기 등,2차(2028),,0,0,0,0,0,0,0,False,2차(2028),,,2차(2028)
00369107,우리바이오(주),082850,K,108,1350110103198,1348155919,20000525,12,"경기도 안산시 단원구 성곡로 79 (성곡동,608블럭30롯트)",2025,20260323000520,,False,False,중소,"3년 평균 매출 451억 ≤ 기준 1,200억, 자산 5,000억 미만",별도,1200,41168057743.0,45127469787.0,99266855294.0,1043962208896.0,1181701463113.0,761918002581.0,False,,,,,비해당,,,비해당,,비대상,,0,0,0,0,0,0,0,False,비대상,,,비대상
01142260,(주)에스엠씨지,460870,K,231,1342110027733,1268135848,19981230,12,경기도 안성시 양성면 양성로 134-13,2025,20260319000844,,False,False,중소,"3년 평균 매출 492억 ≤ 기준 800억, 자산 5,000억 미만",별도,800,55788407335.0,49243544377.0,71199675343.0,,,,False,,,,,비해당,,,비해당,,비대상,,0,0,0,0,0,0,0,False,비대상,,,비대상
00797364,케이씨코트렐(주),119650,Y,291,1101114255463,1058738796,20100106,12,서울특별시 마포구 상암산로 34디지털큐브 12층,2025,20260407003641,,False,False,중견,"3년 평균 매출 2,910억 > 기준 1,200억",별도,1200,180532908393.0,290988407176.0,192913951673.0,192872605567.0,321920584070.0,202714625280.0,False,,,,,비해당,,,일부해당,냉동장비 부품·냉각탑(일부)/디젤 엔진(일부)/버너(일부)/분사기(일부)/엔진용·소형 펌프(일부)/크레인·컨베이어 등,2차 후보(확인 필요),True,0,0,0,0,0,0,1,False,2차 후보(확인 필요),,,2차 후보(확인 필요)
00130408,(주)서산,079650,K,23322,2042110000370,4108100453,19740216,12,광주광역시 광산구  하남산단4번로 143,2025,20260316000539,,False,False,중소,"3년 평균 매출 220억 ≤ 기준 800억, 자산 5,000억 미만",별도,800,24677491457.0,22031855925.0,46910906668.0,45103016559.0,40679842010.0,107388944784.0,False,,,,,비해당,,,비해당,,비대상,,0,0,0,0,0,0,0,False,비대상,,,비대상
00129235,삼화왕관(주),004450,Y,25991,1341110003462,1388103179,19650502,12,경기도 안산시 단원구  강촌로 140 삼화왕관(주),2025,20260319000454,,False,False,중견,"3년 평균 매출 1,302억 > 기준 1,200억",별도,1200,126200827090.0,130165845398.0,191144549432.0,162897513863.0,162647859427.0,214276081435.0,False,,,,,해당,탱크·용기,가공품,비해당,,1차(2027),True,0,0,0,0,0,0,2,False,1차(2027),,,1차(2027)
01641600,주식회사 에이럭스,475580,K,33999,1101115894492,5878100224,20151118,12,"서울특별시 도봉구 마들로13길 61, 16층 (창동, 창동 씨드큐브)",2025,20260318001466,,False,False,중소,"3년 평균 매출 299억 ≤ 기준 1,000억, 자산 5,000억 미만",별도,1000,28199409465.0,29910459436.0,83011457068.0,63015993000.0,57634587803.0,93316471475.0,False,,,,,비해당,,,비해당,,비대상,,0,0,0,0,0,0,0,False,비대상,,,비대상
00471068,덕산하이메탈(주),077360,K,261,2301110056969,6208119108,19990506,12,울산광역시 북구  무룡1로 66,2025,20260319001314,,False,False,중견,"3년 평균 매출 1,008억 > 기준 1,000억",별도,1000,126318034393.0,100764330432.0,265453396204.0,236404536110.0,205583147684.0,658964267763.0,False,,,,,비해당,,,비해당,,비대상,True,0,0,0,0,0,0,2,False,비대상,,,비대상
00766106,엣지파운드리(주),105550,K,2629,1601110207244,3148182384,20060512,12,대전광역시 유성구 엑스포로 385 (주)트루윈,2025,20260323001355,,False,False,중소,"3년 평균 매출 369억 ≤ 기준 1,000억, 자산 5,000억 미만",별도,1000,36390814582.0,36909538572.0,177092833582.0,36390814582.0,36909538572.0,177094222917.0,False,,,,,비해당,,,비해당,,비대상,,0,0,0,0,0,0,0,False,비대상,,,비대상
00226316,호전실업 주식회사,111110,Y,14199,1101110393457,1058164268,19850318,12,"서울특별시 마포구 마포대로 19 신화빌딩, 11층, 12층",2025,20260330001610,,False,False,중견,"3년 평균 매출 4,472억 > 기준 1,500억",별도,1500,493314399143.0,447200593391.0,288901995292.0,520877825230.0,475466402796.0,416500644693.0,False,,,,,비해당,,,비해당,,비대상,True,0,0,0,0,0,0,1,False,비대상,,,비대상
00577380,(주)신진에스엠,138070,K,259,1348110061937,1248186623,20010718,12,전라북도 장수군  장계면 장무로 352-73 (주)신진에스엠장수공장,2025,20260323001249,,False,False,중소,"3년 평균 매출 423억 ≤ 기준 1,200억, 자산 5,000억 미만",별도,1200,40446954863.0,42250249307.0,91356170032.0,54436124843.0,56255323996.0,103007107959.0,False,,,,,일부해당,기타 파스너(일부)/단조·압형(일부)/볼트·너트/탱크·용기,,일부해당,금속 주방용기(일부)/단조·압형 제품/못·기타 파스너/스프링(일부)/와이어로프·철망/일반철물(일부),2차 후보(확인 필요),,0,0,0,0,0,0,0,False,2차 후보(확인 필요),,,2차 후보(확인 필요)
00160375,진양폴리우레탄(주),010640,Y,22259,1345110000387,1258118884,19750607,12,경기 평택시 세교동 536-8번지,2025,20260227008561,,False,False,중소,"3년 평균 매출 517억 ≤ 기준 1,200억, 자산 5,000억 미만",별도,1200,46628342500.0,51726241544.0,75820360310.0,,,,False,,,,,비해당,,,비해당,,비대상,,0,0,0,0,0,0,0,False,비대상,,,비대상
00164788,현대모비스(주),012330,Y,303,1101110215536,1018116406,19770701,12,서울 강남구 역삼1동 로담코빌딩 140-2,2025,20260309001878,현대자동차,True,False,대기업,상호출자제한기업집단 소속,별도,1200,36256823000000.0,37277051000000.0,38537000000000.0,61118127000000.0,59203161000000.0,70400532000000.0,True,I1200140051,현대모비스(주),30399,,비해당,,,일부해당,휠·현가장치·라디에이터(일부),2차 후보(확인 필요),,0,0,0,0,0,0,0,False,2차 후보(확인 필요),,,2차 후보(확인 필요)
00330044,(주)캠시스,050110,K,262,1201110081951,1398103094,19930130,12,인천광역시 연수구  벤처로100번길 26,2025,20260319001326,,False,False,중견,"3년 평균 매출 3,107억 > 기준 1,000억",별도,1000,369373316028.0,310739596056.0,201734262297.0,489937482073.0,456236926235.0,250422161791.0,False,,,,,비해당,,,비해당,,비대상,True,0,0,0,0,0,0,1,False,비대상,,,비대상
00128032,삼일제약(주),000520,Y,212,1101110016679,1148116848,19471007,12,"서울특별시 서초구  효령로 155 (방배동, 삼일제약 사옥)",2025,20260318001625,,False,False,중견,"3년 평균 매출 2,088억 > 기준 800억",별도,800,210253472993.0,208766289094.0,363019361577.0,210253472993.0,208766289094.0,371601555822.0,False,,,,,비해당,,,비해당,,비대상,True,0,0,0,0,0,0,4,False,비대상,,,비대상
00441243,(주)형지엘리트,093240,Y,14112,1101112507551,1058639463,20020425,06,"인천광역시 연수구 하모니로177번길 49 업무동 10층(송도동, 형지글로벌 패션복합센터)",2025,20250919000232,,False,False,중소,"3년 평균 매출 1,299억 ≤ 기준 1,500억, 자산 5,000억 미만",별도,1500,164902130597.0,129869289875.0,184245816661.0,166650465839.0,131294918984.0,185282892679.0,False,,,,,비해당,,,비해당,,비대상,,0,0,0,0,0,0,0,False,비대상,,,비대상
00264255,(주)바텍,043150,K,271,1341110036348,1238128203,19920404,12,경기도 화성시  삼성1로2길 13(석우동),2025,20260318000636,,False,False,중견,"3년 평균 매출 2,519억 > 기준 800억, 자산 5,720억 ≥ 5,000억",별도,800,276213357320.0,251856780453.0,572048866395.0,426416122877.0,398851958919.0,689273534214.0,False,,,,,비해당,,,일부해당,의료기기(일부),2차 후보(확인 필요),True,0,0,0,0,0,0,20,False,2차 후보(확인 필요),,,2차 후보-약
00269922,(주)인바디,041830,K,27199,1101111271834,2208113603,19960515,12,서울시 강남구 논현로2길 54(개포동 1164-21),2025,20260318001304,,False,False,중견,"3년 평균 매출 1,242억 > 기준 800억",별도,800,137199033079.0,124175905660.0,319255604753.0,233948308378.0,202921457994.0,361061686085.0,False,,,,,비해당,,,일부해당,의료기기(일부),2차 후보(확인 필요),True,0,0,0,0,0,0,31,False,2차 후보(확인 필요),,,2차 후보-약
00225706,제이더블유생명과학(주),234080,Y,212,1350110057395,1338125692,19940510,12,충청남도 당진시 송악읍 한진1길 28,2025,20260318001371,,False,False,중견,"3년 평균 매출 2,194억 > 기준 800억",별도,800,234013893513.0,219421492975.0,297426727289.0,257829408646.0,229055958703.0,318205789712.0,True,I0500130115,JW 생명과학(주),21210,,비해당,,,비해당,,비대상,True,0,0,0,0,0,0,4,False,비대상,,,비대상
01540453,(주)에이직랜드,445090,K,26112,1358110290105,4278800445,20160411,12,경기도 수원시 영통구 대학4로 25 -,2025,20260319001064,,False,False,중소,"3년 평균 매출 788억 ≤ 기준 1,000억, 자산 5,000억 미만",별도,1000,72174837501.0,78845619704.0,216825570195.0,72849892092.0,80354084946.0,220969730169.0,False,,,,,비해당,,,비해당,,비대상,,0,0,0,0,0,0,0,False,비대상,,,비대상
00373021,테라사이언스(주),073640,K,25929,1901110021119,6098124002,19931019,12,경남 창원시 성주동 30-5번지,2025,20260323000029,,False,False,중소,"3년 평균 매출 181억 ≤ 기준 1,200억, 자산 5,000억 미만",별도,1200,14134317596.0,18137596113.0,56419447225.0,14134317596.0,18161262780.0,56310304518.0,False,,,,,비해당,,,비해당,,비대상,,0,0,0,0,0,0,0,False,비대상,,,비대상
00135795,(주)신도리코,029530,Y,263,1101110034960,2188100328,19600707,12,서울특별시 성동구  성수이로24길 3 (주)신도리코,2025,20260311003722,,False,False,중견,"3년 평균 매출 3,359억 > 기준 1,000억, 자산 11,270억 ≥ 5,000억",별도,1000,299884967949.0,335938245451.0,1127001123594.0,317327883419.0,353625265273.0,1149029457149.0,False,,,,,비해당,,,비해당,,비대상,True,0,0,0,0,0,0,1,False,비대상,,,비대상
00161125,한온시스템(주),018880,Y,29172,1347110002206,3068124501,19860311,12,대전광역시 대덕구  신일서로 95,2025,20260318000645,한국앤컴퍼니그룹(舊 한국타이어),True,False,대기업,상호출자제한기업집단 소속,별도,1200,3930039896659.0,3695626311380.0,7151927488858.0,10883728406019.0,10134693336605.0,10492248416160.0,True,I1200140039,한온시스템 주식회사,30399,업종 대분류 불일치(확인 필요),비해당,,,일부해당,휠·현가장치·라디에이터(일부),2차 후보(확인 필요),,0,0,0,0,0,0,0,False,2차 후보(확인 필요),,,2차 후보(확인 필요)
00121039,명문제약(주),017180,Y,212,1341110013180,1248135615,19830901,12,경기도 화성시  향남읍 제약공단2길 26,2025,20260330000375,,False,False,중견,"3년 평균 매출 1,601억 > 기준 800억",별도,800,176719430779.0,160117518415.0,219056654963.0,195247096550.0,183752507186.0,272455465130.0,False,,,,,비해당,,,비해당,,비대상,True,0,0,0,0,0,0,0,False,비대상,,,비대상
00105271,(주)케이씨씨,002380,Y,20411,1101110221814,2148170045,19580812,12,서울특별시 서초구  사평대로 344 (주)케이씨씨 빌딩,2025,20260309001896,케이씨씨,True,False,대기업,상호출자제한기업집단 소속,별도,1200,2935723859992.0,3020723646582.0,15126548803697.0,6483819486096.0,6477008172544.0,16803559405446.0,True,I0500100002,케이씨씨,23323,업종 대분류 불일치(확인 필요),비해당,,,비해당,,비대상,,0,0,0,0,0,0,0,False,비대상,,,비대상
00123523,(주)창해에탄올,004650,K,11121,2013110000107,4168100072,19660616,12,전라북도 전주시 덕진구 원만성로 15,2025,20260814002909,,False,False,중견,"3년 평균 매출 1,047억 > 기준 800억",별도,800,103319360596.0,104728994183.0,182425701482.0,122344462021.0,125406540797.0,194591450816.0,False,,,,,비해당,,,비해당,,비대상,True,0,0,0,0,0,0,0,False,비대상,,,비대상
00276834,(주)케이엑스하이텍,052900,K,2224,1648110010780,3128125747,19970305,12,충청남도 아산시  음봉면 연암율금로 330 비아이이엠티,2025,20260318001546,,False,False,중소,"3년 평균 매출 842억 ≤ 기준 1,200억, 자산 5,000억 미만",별도,1200,87586849341.0,84248284428.0,175907480747.0,126276082558.0,137739493419.0,206678209777.0,False,,,,,비해당,,,비해당,,비대상,,0,0,0,0,0,0,0,False,비대상,,,비대상
01205851,에이치디현대일렉트릭(주),267260,Y,281,1101116363850,2668600531,20170403,12,경기도 성남시 분당구 분당수서로 477 HD현대 글로벌 R&D센터,2025,20260316000940,HD현대,True,False,대기업,상호출자제한기업집단 소속,별도,1800,3381139400167.0,2889320033501.0,3503823710082.0,4079497658529.0,3368215334476.0,4769815393358.0,True,I0029170001,에이치디현대일렉트릭(주),28111,,비해당,,,해당,전동기·변압기,2차(2028),,0,0,0,0,0,0,0,False,2차(2028),,,2차(2028)
01236897,제일약품(주),271980,Y,212,1101116420361,6288800669,20170601,12,서울특별시 서초구 사평대로 343 제일약품 사옥,2025,20260316000872,,False,False,중견,"3년 평균 매출 6,594억 > 기준 800억",별도,800,571285016382.0,659353835879.0,450806222504.0,567244440283.0,666060075206.0,510574727006.0,False,,,,,비해당,,,비해당,,비대상,True,0,0,0,0,0,0,2,False,비대상,,,비대상
01217829,주식회사엔에프씨,265740,K,20423,1201110608755,1318637479,20120423,12,인천광역시 연수구 갯벌로145번길 15-8 &nbsp,2025,20260313000481,,False,False,중소,"3년 평균 매출 516억 ≤ 기준 1,200억, 자산 5,000억 미만",별도,1200,71621774017.0,51572002581.0,92053691375.0,,,,False,,,,,비해당,,,비해당,,비대상,,0,0,0,0,0,0,0,False,비대상,,,비대상
00317210,성호전자(주),043260,K,26291,1101110145860,1198102505,19730513,12,"서울특별시 금천구 가산디지털1로 205-15 에스에이치드림타워 1301호, 1302호, 1401호",2025,20260320001361,,False,False,중견,"3년 평균 매출 1,168억 > 기준 1,000억",별도,1000,81557343213.0,116842211948.0,411707188321.0,231577035770.0,215655027620.0,581089727261.0,False,,,,,비해당,,,비해당,,비대상,True,0,0,0,0,0,0,0,False,비대상,,,비대상
00153278,(주)서연탑메탈,019770,K,292,1101110519003,1398102284,19870205,12,"인천광역시 남동구  청능대로410번길 40 고잔동,남동공단",2025,20260312000712,,False,False,중견,"3년 평균 매출 1,875억 > 기준 1,200억",별도,1200,207061838044.0,187492078944.0,182743215836.0,,,,False,,,,,비해당,,,일부해당,건설·광업 기계/농기계/산업용 로봇/석재 가공기(일부)/주조·야금 기계,2차 후보(확인 필요),True,0,0,0,0,0,0,2,False,2차 후보(확인 필요),,,2차 후보(확인 필요)
00260408,(주)팜스코,036580,Y,105,1311110042950,1298130202,19991001,12,경기도 안성시  미양면 제2공단4길 33,2025,20260320000233,하림,True,False,대기업,상호출자제한기업집단 소속,별도,1200,1427995693337.0,1548856314301.0,869543442974.0,1554134933701.0,1661105735800.0,1073411058408.0,False,,,,,비해당,,,비해당,,비대상,,0,0,0,0,0,0,0,False,비대상,,,비대상
00405959,(주)스타플렉스,115570,K,2221,1201110136459,1368119262,19960711,12,충청북도 음성군  삼성면 대성로 417,2025,20260323001102,,False,False,중소,"3년 평균 매출 552억 ≤ 기준 1,200억, 자산 5,000억 미만",별도,1200,64762004409.0,55196867165.0,65935928107.0,98655425592.0,83168975244.0,99019019951.0,False,,,,,비해당,,,비해당,,비대상,,0,0,0,0,0,0,0,False,비대상,,,비대상
00415594,(주)동국에스엔씨,100130,K,2511,1101112276784,1048163193,20010702,12,경상북도 포항시 남구 대송로 62(장흥동),2025,20260316001236,,False,False,중견,"3년 평균 매출 1,539억 > 기준 1,200억",별도,1200,119089577038.0,153919711551.0,252391659162.0,119684884783.0,154680968000.0,256327957251.0,False,,,,,해당,구조물,가공품,비해당,,1차(2027),True,0,0,0,0,0,0,15,False,1차(2027),,,1차(2027)
00495086,(주)픽셀플러스,087600,K,2629,1601110096473,3148132491,20000412,12,경기도 성남시 수정구 금토로40번길 30 -,2025,20260318000528,,False,False,중소,"3년 평균 매출 490억 ≤ 기준 1,000억, 자산 5,000억 미만",별도,1000,42707711339.0,48953401742.0,106988345927.0,,,,False,,,,,비해당,,,비해당,,비대상,,0,0,0,0,0,0,0,False,비대상,,,비대상
01283974,(주)삐아,451250,K,20423,1411110024675,2268132030,20040311,12,인천광역시 연수구 컨벤시아대로 165 32층,2025,20260408003344,,False,False,중소,"3년 평균 매출 533억 ≤ 기준 1,200억, 자산 5,000억 미만",별도,1200,65364629700.0,53256631048.0,51943832302.0,67972288390.0,54630172828.0,52358575521.0,False,,,,,비해당,,,비해당,,비대상,,0,0,0,0,0,0,0,False,비대상,,,비대상
00360036,(주)백금티앤에이,046310,K,2642,1101111353153,2298125504,19961217,12,"경기도 군포시 엘에스로 153-18(산본동) L&C타워 4,5,6층",2025,20260320000180,,False,False,중소,"3년 평균 매출 807억 ≤ 기준 1,000억, 자산 5,000억 미만",별도,1000,72388953794.0,80650469886.0,61161722623.0,148922256530.0,157382868187.0,126288878155.0,False,,,,,비해당,,,비해당,,비대상,,0,0,0,0,0,0,0,False,비대상,,,비대상
00567897,(주)에스비비테크,389500,K,291,1101112113142,2158600192,20001118,12,경기도 김포시 월곶면 김포대로2918번길 22,2025,20260323000721,,False,False,중소,"3년 평균 매출 59억 ≤ 기준 1,200억, 자산 5,000억 미만",별도,1200,7198979874.0,5932949022.0,32233141630.0,,,,False,,,,,비해당,,,일부해당,냉동장비 부품·냉각탑(일부)/디젤 엔진(일부)/버너(일부)/분사기(일부)/엔진용·소형 펌프(일부)/크레인·컨베이어 등,2차 후보(확인 필요),,0,0,0,0,0,0,0,False,2차 후보(확인 필요),,,2차 후보(확인 필요)
00371485,(주)켐트로닉스,089010,K,204,1311110028116,1298121998,19970401,12,세종특별자치시   전동면 배일길 31,2025,20260318000934,,False,False,중견,"3년 평균 매출 3,241억 > 기준 1,200억, 자산 5,200억 ≥ 5,000억",별도,1200,356736942242.0,324091922392.0,520000289224.0,637485933185.0,584988193355.0,782385054093.0,False,,,,,비해당,,,비해당,,비대상,True,0,0,0,0,0,0,7,False,비대상,,,비대상
01159853,(주)휴온스,243070,K,212,1311110446029,8638700270,20160503,12,경기도 성남시 수정구 창업로 17 판교 아이스퀘어 A동 8층,2025,20260323001636,,False,False,중견,"3년 평균 매출 5,217억 > 기준 800억, 자산 5,814억 ≥ 5,000억",별도,800,521054561136.0,521692295447.0,581392629414.0,620768254716.0,587668605566.0,680281789538.0,False,,,,,비해당,,,비해당,,비대상,True,0,0,0,0,0,0,2,False,비대상,,,비대상
01310773,(주)엔시스,333620,K,28909,1615110077268,3128180677,20060112,12,충청남도 아산시 음봉면 스마트산단3로 18 (주)엔시스,2025,20260323000257,,False,False,중소,"3년 평균 매출 543억 ≤ 기준 1,800억, 자산 5,000억 미만",별도,1800,48679576321.0,54252394466.0,84646428015.0,48836076321.0,54320561133.0,84907822358.0,False,,,,,비해당,,,비해당,,비대상,,0,0,0,0,0,0,0,False,비대상,,,비대상
01179866,(주)에스지헬스케어,398120,K,27111,1244110097700,1378196388,20090717,12,경기도 이천시  모가면 양녕로 10,2025,20260323001132,,False,False,중소,"3년 평균 매출 224억 ≤ 기준 800억, 자산 5,000억 미만",별도,800,24961318396.0,22399565088.0,39652035027.0,24601049961.0,22828111753.0,40505560917.0,False,,,,,비해당,,,비해당,,비대상,,0,0,0,0,0,0,0,False,비대상,,,비대상
00453929,메디포스트(주),078160,K,211,1101112007709,2118661218,20000626,12,경기도 성남시 분당구 대왕판교로 644번길21 -,2025,20260319001247,,False,False,중소,"3년 평균 매출 736억 ≤ 기준 800억, 자산 5,000억 미만",별도,800,76888153344.0,73569301564.0,425491546645.0,73656891468.0,70985635740.0,431550932707.0,False,,,,,비해당,,,비해당,,비대상,,0,0,0,0,0,0,0,False,비대상,,,비대상
00765462,씨에스베어링 주식회사,297090,K,29141,1801110611863,6068606640,20071109,12,서울특별시 강남구 언주로 723 8층(논현동),2025,20260318001679,,False,False,중소,"3년 평균 매출 908억 ≤ 기준 1,200억, 자산 5,000억 미만",별도,1200,101255289125.0,90802725461.0,129344278777.0,126148072662.0,102722117380.0,154563902434.0,False,,,,,비해당,,,비해당,,비대상,,0,0,0,0,0,0,0,False,비대상,,,비대상
00670340,씨에스윈드(주),112610,Y,2511,1101113509887,2128176626,20060816,12,서울특별시 강남구 언주로 723 -,2025,20260318001110,,False,False,중견,"3년 평균 매출 4,674억 > 기준 1,200억, 자산 15,032억 ≥ 5,000억",별도,1200,613558736508.0,467442608623.0,1503235719256.0,2931648581449.0,2508113297879.0,3216594965195.0,False,,,,,해당,구조물,가공품,비해당,,1차(2027),True,0,0,0,1,0,0,40,True,1차(2027),,,1차(2027)
00239639,(주)삼표시멘트,038500,K,239,1101110738637,2298104571,19901222,12,강원도 삼척시  동양길 20,2025,20260320000882,삼표,False,False,중견,공시대상기업집단 소속(중소 제외),별도,800,640607919944.0,720169151542.0,1216785615244.0,676926715424.0,763814227556.0,1446731199428.0,True,I0700100003,삼표시멘트,23311,,해당,시멘트,원재료,비해당,,1차(2027),True,0,0,0,0,0,0,0,False,1차(2027),,,1차(2027)
00532059,그린생명과학(주),114450,K,211,2062110029823,4178130958,20050401,12,전라남도 여수시 여수산단2로 84,2025,20260319001189,,False,False,중소,"3년 평균 매출 292억 ≤ 기준 800억, 자산 5,000억 미만",별도,800,40339622036.0,29189912847.0,54863691768.0,,,,False,,,,,비해당,,,비해당,,비대상,,0,0,0,0,0,0,0,False,비대상,,,비대상
00580199,(주)메디톡스,086900,K,211,1648110016928,3128142130,20000502,12,충청북도 청원군  오창읍 각리1길 78 (주)메디톡스,2025,20260319001223,,False,False,중견,"3년 평균 매출 2,137억 > 기준 800억, 자산 5,635억 ≥ 5,000억",별도,800,222046566421.0,213700100800.0,563453994782.0,247290289368.0,232344313584.0,581756982355.0,False,,,,,비해당,,,비해당,,비대상,True,0,0,0,0,0,0,13,False,비대상,,,비대상
00877059,삼성바이오로직스(주),207940,Y,211,1201110566317,1318627632,20110422,12,인천광역시 연수구 송도바이오대로 300,2025,20260515001658,삼성,True,False,대기업,상호출자제한기업집단 소속,별도,800,4556971695180.0,3664291017230.0,11023968735616.0,4556971695180.0,3664291017230.0,11060741976837.0,True,I0500140128,삼성바이오로직스 주식회사,21102,,비해당,,,비해당,,비대상,,0,0,0,0,0,0,0,False,비대상,,,비대상
00926522,테고사이언스(주),191420,K,211,1601110114126,3148140292,20010320,12,"서울특별시 강서구 마곡중앙8로 93 (마곡동, 테고사이언스)",2025,20260625000184,,False,False,중소,"3년 평균 매출 64억 ≤ 기준 800억, 자산 5,000억 미만",별도,800,5515638375.0,6407679617.0,78242527102.0,5940717263.0,6824061723.0,78160932166.0,False,,,,,비해당,,,비해당,,비대상,,0,0,0,0,0,0,0,False,비대상,,,비대상
00102618,계양전기(주),012200,Y,291,1101110212889,1048134422,19770427,12,서울특별시 강남구 테헤란로 508 (대치동)해성2빌딩 2층,2025,20260317000814,,False,False,중견,"3년 평균 매출 3,730억 > 기준 1,200억",별도,1200,380898344932.0,373018806197.0,206969806411.0,389798757593.0,380186043424.0,220426948138.0,False,,,,,비해당,,,일부해당,냉동장비 부품·냉각탑(일부)/디젤 엔진(일부)/버너(일부)/분사기(일부)/엔진용·소형 펌프(일부)/크레인·컨베이어 등,2차 후보(확인 필요),True,0,0,0,0,0,0,10,False,2차 후보(확인 필요),,,2차 후보(확인 필요)
00297095,나라엠앤디(주),051490,K,292,1942110033580,6098135789,19990219,12,경상남도 창원시 성산구  공단로 675 나라엠앤디(주),2025,20260319000720,,False,False,중소,"3년 평균 매출 955억 ≤ 기준 1,200억, 자산 5,000억 미만",별도,1200,94875069853.0,95494090174.0,168751333690.0,184633171553.0,206483146502.0,268650904285.0,False,,,,,비해당,,,일부해당,건설·광업 기계/농기계/산업용 로봇/석재 가공기(일부)/주조·야금 기계,2차 후보(확인 필요),,0,0,0,0,0,0,0,False,2차 후보(확인 필요),,,2차 후보(확인 필요)
00753643,(주)주성코퍼레이션,109070,Y,264,1313110088017,1258179538,20090225,12,충청남도 당진시 시곡로 307 -,2025,20260318000727,,False,False,중소,"3년 평균 매출 572억 ≤ 기준 1,000억, 자산 5,000억 미만",별도,1000,83103986067.0,57231854443.0,41461900865.0,85403171510.0,59398958883.0,41985605299.0,False,,,,,비해당,,,비해당,,비대상,,0,0,0,0,0,0,0,False,비대상,,,비대상
00104537,(주)국영지앤엠,006050,K,231,1101110103707,2078141843,19690507,12,"서울시 서초구 서초중앙로 36 (서초동, 준영빌딩 7층)",2025,20260316001289,,False,False,중소,"3년 평균 매출 708억 ≤ 기준 800억, 자산 5,000억 미만",별도,800,60198966693.0,70750231811.0,73663110356.0,,,,False,,,,,비해당,,,비해당,,비대상,,0,0,0,0,0,0,0,False,비대상,,,비대상
00105855,엘에스일렉트릭 주식회사,010120,Y,28121,1101110520076,1168119273,19740724,12,경기도 안양시 동안구  엘에스로 127 LS타워,2025,20260318001243,엘에스,True,False,대기업,상호출자제한기업집단 소속,별도,1800,3462741368949.0,3191836232919.0,3999949042698.0,4965798552980.0,4582706144632.0,4956680318372.0,False,,,,,비해당,,,비해당,,비대상,,0,0,0,0,0,0,0,False,비대상,,,비대상
00143907,(주)원일특강,012620,K,24123,1101110220288,1198101622,19771014,12,"경기도 시흥시  공단2대로256번길 4 (정왕동, 시화공단3바104)",2025,20260316000744,,False,False,중견,"3년 평균 매출 3,533억 > 기준 1,800억",별도,1800,365898672844.0,353347437399.0,246481345535.0,398115514874.0,385800545055.0,282828182990.0,False,,,,,해당,철강,원재료,비해당,,1차(2027),True,0,0,0,0,0,0,0,False,1차(2027),,,1차(2027)
00918222,(주)엘앤케이바이오메드,156100,K,27194,1101114017227,1058726820,20081222,12,경기도 용인시 기흥구 동백중앙로16번길 16-25 201호 &nbsp,2025,20260312001180,,False,False,중소,"3년 평균 매출 204억 ≤ 기준 800억, 자산 5,000억 미만",별도,800,21711786780.0,20435335428.0,104758182490.0,38920486823.0,34972503314.0,83482864772.0,False,,,,,비해당,,,일부해당,의료기기(일부),2차 후보(확인 필요),,0,0,0,0,0,0,0,False,2차 후보(확인 필요),,,2차 후보-약
00825959,(주)하이비젼시스템,126700,K,273,1101114324127,1048627794,20100408,12,경기도 성남시 중원구 둔촌대로 527 -,2025,20260319000847,,False,False,중견,"3년 평균 매출 2,492억 > 기준 800억",별도,800,161801631087.0,249201341666.0,263742609327.0,171096948608.0,277130067468.0,317835763904.0,False,,,,,비해당,,,비해당,,비대상,True,0,0,0,0,0,0,0,False,비대상,,,비대상
00602136,디와이피엔에프(주),104460,K,29163,1101111725386,1138154363,19990701,12,서울특별시 강서구 마곡중앙8로7길 39 -,2025,20260323001743,,False,False,중견,"3년 평균 매출 2,678억 > 기준 1,200억",별도,1200,365502243845.0,267781448338.0,245351551403.0,396256361230.0,273776986636.0,246868549743.0,False,,,,,비해당,,,해당,크레인·컨베이어 등,2차(2028),True,0,0,0,0,0,0,2,False,2차(2028),,,2차(2028)
00120571,롯데칠성음료(주),005300,Y,11209,1101110003684,2148107770,19671129,12,서울특별시 서초구 서초대로70길 15,2025,20260311004566,롯데,True,False,대기업,상호출자제한기업집단 소속,별도,800,2566969761664.0,2682438289867.0,3410371410846.0,3971143829134.0,3740109205142.0,4284698593709.0,True,F0010100023,롯데칠성음료 주식회사,11209,,비해당,,,비해당,,비대상,,0,0,0,0,0,0,0,False,비대상,,,비대상
00220969,(주)오공,045060,K,20493,1243110001513,1308101293,19740912,12,인천광역시 남동구  함박뫼로 341,2025,20260316001256,,False,False,중소,"3년 평균 매출 565억 ≤ 기준 1,200억, 자산 5,000억 미만",별도,1200,55305590928.0,56523386211.0,94570638502.0,160071597465.0,160503276320.0,147932598516.0,False,,,,,비해당,,,비해당,,비대상,,0,0,0,0,0,0,0,False,비대상,,,비대상
00313649,현대바이오사이언스(주),048410,K,204,1344110015693,1268145614,20000525,12,경상북도 김천시  아포읍 아포공단길 106,2025,20260330001311,,False,False,중소,"3년 평균 매출 93억 ≤ 기준 1,200억, 자산 5,000억 미만",별도,1200,3517369223.0,9349593070.0,133025705829.0,3517369223.0,9349593070.0,130738698532.0,False,,,,,비해당,,,비해당,,비대상,,0,0,0,0,0,0,0,False,비대상,,,비대상
00617314,주식회사 타이거일렉,219130,K,2622,1201110228610,1218138874,20000728,12,인천광역시 남구 염전로187번길 33,2025,20260317000532,,False,False,중소,"3년 평균 매출 637억 ≤ 기준 1,000억, 자산 5,000억 미만",별도,1000,80678580109.0,63690212528.0,90254501542.0,,,,False,,,,,비해당,,,비해당,,비대상,,0,0,0,0,0,0,0,False,비대상,,,비대상
00450931,우양에이치씨(주),101970,K,2512,1350110062633,1348133443,19961001,12,경기도 평택시 포승읍 포승공단로118번길 88,2025,20260312001152,,False,False,중견,"3년 평균 매출 1,614억 > 기준 1,200억",별도,1200,100854566106.0,161386295844.0,250655257091.0,,,,False,,,,,일부해당,탱크·용기,,비해당,,2차 후보(확인 필요),True,0,0,0,0,0,0,4,False,2차 후보(확인 필요),,,2차 후보(확인 필요)
00161383,한미반도체(주),042700,Y,29271,1201110038423,1378102051,19801224,12,인천광역시 서구 가좌로30번길 14,2025,20260312001230,,False,False,중견,"3년 평균 매출 4,241억 > 기준 1,200억, 자산 7,986억 ≥ 5,000억",별도,1200,559680004877.0,424102839256.0,798623033690.0,576684619527.0,431536779813.0,813331626120.0,False,,,,,비해당,,,비해당,,비대상,True,0,0,0,0,0,0,14,False,비대상,,,비대상
00172680,동국산업(주),005160,K,24122,1101110085583,2028147522,19670901,12,서울특별시 중구  다동길 46,2025,20260318001458,,False,False,중견,"3년 평균 매출 3,771억 > 기준 1,800억, 자산 6,190억 ≥ 5,000억",별도,1800,373092684024.0,377108701122.0,618971908173.0,727764317548.0,758354191676.0,872019766188.0,True,I0800100007,동국산업(주),24122,,해당,철강,원재료,비해당,,1차(2027),True,0,0,0,0,0,0,7,False,1차(2027),,,1차(2027)
00104388,국도화학(주),007690,Y,20111,1101110126642,1198104497,19720222,12,서울특별시 금천구  가산디지털2로 61,2025,20260305001586,,False,False,중견,"3년 평균 매출 10,036억 > 기준 1,200억, 자산 14,731억 ≥ 5,000억",별도,1200,967066362965.0,1003552043972.0,1473131028230.0,1395556194366.0,1337702561701.0,1749499133148.0,False,,,,,비해당,,,비해당,,비대상,True,0,0,0,0,0,0,15,False,비대상,,,비대상
00288343,삼영이엔씨(주),065570,K,26429,1801110172667,6018126156,19950206,12,부산광역시 영도구  상리로 69,2025,20260324000001,,False,False,중소,"3년 평균 매출 342억 ≤ 기준 1,000억, 자산 5,000억 미만",별도,1000,33261463483.0,34234258426.0,40257888252.0,,,,False,,,,,비해당,,,비해당,,비대상,,0,0,0,0,0,0,0,False,비대상,,,비대상
00111999,대원제약(주),003220,Y,212,1101110103955,2078136336,19610809,12,서울특별시 성동구 천호대로 386 대원제약,2025,20260318001398,,False,False,중견,"3년 평균 매출 5,266억 > 기준 800억, 자산 5,755억 ≥ 5,000억",별도,800,542981109597.0,526587820977.0,575492486101.0,605434719615.0,576849705764.0,613651220679.0,False,,,,,비해당,,,비해당,,비대상,True,0,0,0,0,0,0,10,False,비대상,,,비대상
00870481,에코캡 주식회사,128540,K,303,1801110602755,6058184196,20070816,12,울산광역시 울주군 언양읍 반천반송산업로 137-66,2025,20260323001607,,False,False,중소,"3년 평균 매출 1,068억 ≤ 기준 1,200억, 자산 5,000억 미만",별도,1200,112379628140.0,106843596907.0,145871091669.0,151845506167.0,142092260440.0,166545853600.0,False,,,,,비해당,,,일부해당,기어박스(일부)/자동차 엔진 부품(일부)/자동차 차체 부품(일부)/휠·현가장치·라디에이터(일부),2차 후보(확인 필요),,0,0,0,0,0,0,0,False,2차 후보(확인 필요),,,2차 후보(확인 필요)
01078178,알에프에이치아이씨(주),218410,K,264,1101115695337,6938100117,20150414,12,경기도 과천시 과천대로12길 110 (문원동),2025,20260331004907,,False,False,중소,"3년 평균 매출 897억 ≤ 기준 1,000억, 자산 5,000억 미만",별도,1000,128253123681.0,89678889635.0,450778810701.0,185803786324.0,137370916041.0,546184500788.0,False,,,,,비해당,,,비해당,,비대상,,0,0,0,0,0,0,0,False,비대상,,,비대상
01095722,(주)심텍,222800,K,2622,1501110205802,1338800123,20150701,12,충청북도 청주시 흥덕구 산단로 73 &nbsp,2025,20260317000641,,False,False,중견,"3년 평균 매출 9,534억 > 기준 1,000억, 자산 14,788억 ≥ 5,000억",별도,1000,1097089873840.0,953394808804.0,1478785596536.0,1410559919451.0,1227959008499.0,1620329743829.0,True,I1100140094,주식회사 심텍,26221,,비해당,,,비해당,,비대상,True,0,0,0,0,0,0,0,False,비대상,,,비대상
01288410,주식회사 셀바이오휴먼텍,318160,K,139,1314110346786,3568700092,20150707,12,"경기도 안양시 동안구 시민대로 401 대륭테크노타운15차 제2001호,제2101호",2025,20260325000792,,False,False,중소,"3년 평균 매출 355억 ≤ 기준 1,000억, 자산 5,000억 미만",별도,1000,50828446255.0,35462296039.0,67917826836.0,51066196366.0,35603017659.0,88457532275.0,False,,,,,비해당,,,비해당,,비대상,,0,0,0,0,0,0,0,False,비대상,,,비대상
01538528,(주)에이에스텍,453860,K,20499,1351110074800,1238601591,20050315,12,충청남도 서천군 장항읍 장항산단7길 13 &nbsp,2025,20260320000825,,False,False,중소,"3년 평균 매출 382억 ≤ 기준 1,200억, 자산 5,000억 미만",별도,1200,24560444117.0,38157115134.0,107967365440.0,,,,False,,,,,비해당,,,비해당,,비대상,,0,0,0,0,0,0,0,False,비대상,,,비대상
01770203,조선내화 주식회사,462520,Y,2321,2046110071943,2848102978,20230704,12,전라남도 광양시 산업로 55,2025,20260319000141,,False,False,중견,"3년 평균 매출 4,035억 > 기준 800억",별도,800,482243738000.0,403496345667.0,452122189000.0,532032570000.0,437346586667.0,500352761000.0,False,,,,,비해당,,,비해당,,비대상,True,0,0,0,0,0,0,2,False,비대상,,,비대상
00132202,선진뷰티사이언스(주),086710,K,20499,1350110029576,1348101179,19880601,12,서울특별시 금천구 가산디지털2로 143 가산 어반워크2 16층,2025,20260318001120,,False,False,중소,"3년 평균 매출 699억 ≤ 기준 1,200억, 자산 5,000억 미만",별도,1200,68805862444.0,69936299003.0,166021888145.0,80766128193.0,77586849395.0,173848768961.0,False,,,,,비해당,,,비해당,,비대상,,0,0,0,0,0,0,0,False,비대상,,,비대상
01139035,주식회사 티에스아이,277880,K,292,1313110109110,1258196518,20110701,12,"경기도 화성시 동탄첨단산업1로 27 영천동, 금강 펜테리움 IX타워 코벤트가든 M201",2025,20260323001468,,False,False,중견,"3년 평균 매출 2,659억 > 기준 1,200억",별도,1200,264443612193.0,265852270980.0,303453600448.0,264652706977.0,265921969241.0,302937881134.0,False,,,,,비해당,,,일부해당,건설·광업 기계/농기계/산업용 로봇/석재 가공기(일부)/주조·야금 기계,2차 후보(확인 필요),True,0,0,0,0,0,0,22,False,2차 후보(확인 필요),,,2차 후보(확인 필요)
01544468,이엔셀(주),456070,K,211,1101116693918,3608601147,20180321,12,서울특별시 송파구 송파대로 201 17층(송파테라타워2 A동),2025,20260320000954,,False,False,중소,"3년 평균 매출 77억 ≤ 기준 800억, 자산 5,000억 미만",별도,800,5258687306.0,7664630477.0,63712916707.0,,,,False,,,,,비해당,,,비해당,,비대상,,0,0,0,0,0,0,0,False,비대상,,,비대상
00367400,모티브링크(주),463480,K,26294,1345110002367,1358106046,19770321,12,경기도 용인시 처인구 백암면 백암로 79,2025,20260323001100,,False,False,중소,"3년 평균 매출 707억 ≤ 기준 1,000억, 자산 5,000억 미만",별도,1000,67404497846.0,70693543003.0,62002291486.0,67411311418.0,70689181166.0,63994451509.0,False,,,,,비해당,,,비해당,,비대상,,0,0,0,0,0,0,0,False,비대상,,,비대상
00536523,(주)로보스타,090360,K,29280,1101111655393,1138151686,19990226,12,경기도 안산시 상록구  수인로 700,2025,20260312000793,엘지,True,False,대기업,상호출자제한기업집단 소속,별도,1200,74678831313.0,88345633509.0,108616175426.0,75735139041.0,89184886550.0,109142421219.0,False,,,,,비해당,,,해당,산업용 로봇,2차(2028),,0,0,0,0,0,0,0,False,2차(2028),,,2차(2028)
00660750,하나머티리얼즈(주),166090,K,2612,1615110086227,3128188209,20070123,12,충청남도 천안시 서북구 3공단3로 42,2025,20260313001351,,False,False,중견,"3년 평균 매출 2,522억 > 기준 1,000억, 자산 6,852억 ≥ 5,000억",별도,1000,272870688285.0,252152124618.0,685218360227.0,273481969679.0,252901625771.0,685606173112.0,False,,,,,비해당,,,비해당,,비대상,True,0,0,0,1,0,0,0,True,비대상,,,비대상
01208751,(주)아이에스티이,212710,K,261,1348110278748,1358635890,20130828,12,경기도 화성시 향남읍 토성로 306 (백토리 185),2025,20260320000831,,False,False,중소,"3년 평균 매출 334억 ≤ 기준 1,000억, 자산 5,000억 미만",별도,1000,32134600245.0,33404951297.0,61354761738.0,32220867462.0,33501356719.0,61384239329.0,False,,,,,비해당,,,비해당,,비대상,,0,0,0,0,0,0,0,False,비대상,,,비대상
01316245,효성중공업(주),298040,Y,281,1101116770154,5788700896,20180604,12,서울특별시 마포구 마포대로 119 효성빌딩,2025,20260323001004,효성,True,False,대기업,상호출자제한기업집단 소속,별도,1800,4097813940685.0,3518169432475.0,5101455864948.0,5968511616609.0,5054687577360.0,7227883006296.0,True,I0028170001,효성중공업 주식회사,28112,,비해당,,,해당,전동기·변압기,2차(2028),,0,0,0,0,0,0,0,False,2차(2028),,,2차(2028)
01370863,주식회사 그린리소스,402490,K,261,1615110128011,3128626173,20110406,12,인천광역시 서구 파랑로 470 (주)그린리소스,2025,20260318000734,,False,False,중소,"3년 평균 매출 391억 ≤ 기준 1,000억, 자산 5,000억 미만",별도,1000,91124642533.0,39072844000.0,127479190144.0,102155379135.0,45718553891.0,147237264962.0,False,,,,,비해당,,,비해당,,비대상,,0,0,0,0,0,0,0,False,비대상,,,비대상
00528791,(주)제일엠앤에스,412540,K,292,1101110418833,1248114298,19860225,12,경기도 이천시 부발읍 황무로2065번길 72-75,2025,20260615000296,,False,False,중견,"3년 평균 매출 1,738억 > 기준 1,200억",별도,1200,150911860357.0,173826685797.0,491137774553.0,151265078664.0,180641450661.0,528073345609.0,False,,,,,비해당,,,일부해당,건설·광업 기계/농기계/산업용 로봇/석재 가공기(일부)/주조·야금 기계,2차 후보(확인 필요),True,0,0,2,0,0,0,9,True,2차 후보(확인 필요),,,2차 후보(확인 필요)
00629212,(주)딜리,131180,K,26323,1154110011579,1278165587,19960215,12,경기도 동두천시 강변로702번길 30,2025,20260313000806,,False,False,중소,"3년 평균 매출 321억 ≤ 기준 1,000억, 자산 5,000억 미만",별도,1000,32306126087.0,32074608253.0,68275686347.0,,,,False,,,,,비해당,,,비해당,,비대상,,0,0,0,0,0,0,0,False,비대상,,,비대상
00111810,(주)대웅,003090,Y,212,1311110000271,1298100178,19610110,12,경기 성남시 중원구 상대원동 223-23,2025,20260318001178,,False,False,중견,"3년 평균 매출 962억 > 기준 800억, 자산 5,632억 ≥ 5,000억",별도,800,73982158122.0,96192455674.0,563184248020.0,2068370455244.0,1939709589989.0,3232157201634.0,False,,,,,비해당,,,비해당,,비대상,True,0,0,0,0,0,0,24,False,비대상,,,비대상
00259545,(주)엠에스오토텍,123040,K,303,1712110005114,5058105299,19900906,12,경상북도 경주시  내남면 포석로 16-9,2025,20260330001617,,False,False,중소,"3년 평균 매출 1,185억 ≤ 기준 1,200억, 자산 5,000억 미만",별도,1200,14135406605.0,118541623805.0,275607040977.0,1740551641926.0,1866611352513.0,1696890049682.0,False,,,,,비해당,,,일부해당,기어박스(일부)/자동차 엔진 부품(일부)/자동차 차체 부품(일부)/휠·현가장치·라디에이터(일부),2차 후보(확인 필요),,0,0,0,0,0,0,0,False,2차 후보(확인 필요),,,2차 후보(확인 필요)
00821607,(주)알톤,123750,K,31991,1101114313807,1078733730,20100325,12,경기도 양주시 칠봉산로120번길 82 -,2025,20260316001632,,False,False,중소,"3년 평균 매출 306억 ≤ 기준 1,200억, 자산 5,000억 미만",별도,1200,29947735073.0,30648988690.0,26349672476.0,32159264764.0,34139864875.0,29374312261.0,False,,,,,비해당,,,비해당,,비대상,,0,0,0,0,0,0,0,False,비대상,,,비대상
00155124,평화홀딩스(주),010770,Y,303,1701110006412,5148106346,19501030,12,대구광역시 달성군  논공읍 논공로 597,2025,20260316000856,,False,True,중소,"3년 평균 매출 177억 ≤ 기준 1,200억, 자산 5,000억 미만",별도,1200,18761701588.0,17727150669.0,178127266393.0,883676528085.0,838639526083.0,558555295274.0,False,,,,,비해당,,,일부해당,기어박스(일부)/자동차 엔진 부품(일부)/자동차 차체 부품(일부)/휠·현가장치·라디에이터(일부),2차 후보(확인 필요),,0,0,0,0,0,0,0,False,2차 후보(확인 필요),,,2차 후보(확인 필요)
00338170,(주)이닉스,452400,K,30399,1801110053411,6078118315,19840507,12,부산광역시 해운대구 해운대로191번길 16,2025,20260318000138,,False,False,중소,"3년 평균 매출 1,045억 ≤ 기준 1,200억, 자산 5,000억 미만",별도,1200,102440382222.0,104537662879.0,133303118855.0,122587961259.0,115331836860.0,141222943880.0,False,,,,,비해당,,,일부해당,휠·현가장치·라디에이터(일부),2차 후보(확인 필요),,0,0,0,0,0,0,0,False,2차 후보(확인 필요),,,2차 후보(확인 필요)
00390055,(주)종근당바이오,063160,Y,212,1101112373308,1108153652,20011112,12,서울특별시 서대문구  충정로 8,2025,20260318001214,,False,False,중견,"3년 평균 매출 1,641억 > 기준 800억",별도,800,160070986863.0,164059924646.0,299866941097.0,,,,True,I0500100045,(주)종근당바이오,21101,,비해당,,,비해당,,비대상,True,0,0,0,0,0,0,24,False,비대상,,,비대상
00427483,(주)대웅제약,069620,Y,212,1348110075342,1248601143,20021001,12,경기도 화성시 향남읍 제약공단4길 35-14 -,2025,20260318001528,,False,False,중견,"3년 평균 매출 12,928억 > 기준 800억, 자산 21,010억 ≥ 5,000억",별도,800,1390995347493.0,1292782557800.0,2100996812985.0,1570891005329.0,1456301015529.0,2362799296077.0,False,,,,,비해당,,,비해당,,비대상,True,0,0,0,0,0,0,22,False,비대상,,,비대상
00445054,하나마이크론(주),067310,K,2611,1648110021208,3128150630,20010823,12,충남 아산시 음봉면 원남리 95-1번지,2025,20260319000032,,False,False,중견,"3년 평균 매출 8,115억 > 기준 1,000억, 자산 11,389억 ≥ 5,000억",별도,1000,1054998015465.0,811493204636.0,1138887845338.0,1534418874072.0,1251027644811.0,2017838854218.0,True,I1100120048,하나마이크론,26129,,비해당,,,비해당,,비대상,True,0,0,0,1,0,0,1,True,비대상,,,비대상
00155638,피에스텍(주),002230,K,27214,1101110033623,2188103742,19571212,12,서울특별시 성동구 왕십리로 46(성수동1가),2025,20260318001237,,False,False,중견,3년 평균 매출 818억 > 기준 800억,별도,800,96565338206.0,81837760534.0,171483535362.0,97159784624.0,82458342693.0,174884643176.0,False,,,,,비해당,,,일부해당,가스 분석기(일부),2차 후보(확인 필요),True,0,0,0,0,0,0,0,False,2차 후보(확인 필요),,,2차 후보-약
01302853,(주)아이씨에이치,368600,K,262,1348110250671,1438104883,20120814,12,경기도 군포시 벌새전리길 13(당정동),2025,20260330001000,,False,False,중소,"3년 평균 매출 456억 ≤ 기준 1,000억, 자산 5,000억 미만",별도,1000,40989305940.0,45602955848.0,87120039591.0,46852015447.0,51537568228.0,95000307242.0,False,,,,,비해당,,,비해당,,비대상,,0,0,0,0,0,0,0,False,비대상,,,비대상
00155319,포스코홀딩스(주),005490,Y,2411,1746110000741,5068100017,19680401,12,경상북도 포항시 남구 동해안로 6261 -,2025,20260311004517,포스코,True,True,대기업,상호출자제한기업집단 소속,별도,1800,1403309682120.0,1618172172310.0,51815584736821.0,69094886192787.0,72970075487161.0,105192437963565.0,False,,,,,해당,철강,원재료,비해당,,1차(2027),,0,0,0,0,0,0,0,False,1차(2027),,,1차(2027)
00157681,롯데정밀화학(주),004000,Y,20119,1812110000013,6108100029,19640827,12,울산광역시 남구 여천로217번길 19,2025,20260814002211,롯데,True,False,대기업,상호출자제한기업집단 소속,별도,1200,1750345284209.0,1729361182153.0,2538986442593.0,1752682647758.0,1730616317790.0,2746168414774.0,True,I0500100023,롯데정밀화학 주식회사,20111,,비해당,,,비해당,,비대상,,0,0,0,0,0,0,0,False,비대상,,,비대상
00939687,동일고무벨트(주),163560,Y,2219,1801110828129,6218197752,20121005,12,부산광역시 금정구 공단동로55번길 28,2025,20260318001036,,False,False,중견,"3년 평균 매출 3,448억 > 기준 1,200억",별도,1200,356658348535.0,344803050354.0,347018148998.0,364602809366.0,353120792784.0,355346619626.0,False,,,,,비해당,,,비해당,,비대상,True,0,0,0,0,0,0,18,False,비대상,,,비대상
01385050,(주)넥스트바이오메디컬,389650,K,27199,1201110720228,1318663415,20140801,12,인천광역시 연수구 벤처로100번길 6,2025,20260320000422,,False,False,중소,"3년 평균 매출 103억 ≤ 기준 800억, 자산 5,000억 미만",별도,800,16476802680.0,10300555471.0,59265165446.0,,,,False,,,,,비해당,,,일부해당,의료기기(일부),2차 후보(확인 필요),,0,0,0,0,0,0,0,False,2차 후보(확인 필요),,,2차 후보-약
00663669,(주)폴라리스우노,114630,K,20501,2101110024308,4188119261,19990719,12,전라북도 완주군  봉동읍 완주산단3로 158-15 우노앤컴퍼니,2025,20260316001609,,False,False,중소,"3년 평균 매출 715억 ≤ 기준 1,200억, 자산 5,000억 미만",별도,1200,78193711654.0,71475296919.0,142194553373.0,101825593820.0,86669143037.0,156204940245.0,False,,,,,비해당,,,비해당,,비대상,,0,0,0,0,0,0,0,False,비대상,,,비대상
00672603,(주)케이엔알시스템,199430,K,272,1348110051904,1248175112,20000715,12,"경기도 화성시 동탄기흥로 557 제4층 제406호 제407호 제408호 제409호 제410호 제411호 (영천동, 금강펜테",2025,20260320001331,,False,False,중소,"3년 평균 매출 186억 ≤ 기준 800억, 자산 5,000억 미만",별도,800,15789631241.0,18557177368.0,48265524587.0,15913249035.0,18615092421.0,46944966861.0,False,,,,,비해당,,,일부해당,가스 분석기(일부),2차 후보(확인 필요),,0,0,0,0,0,0,0,False,2차 후보(확인 필요),,,2차 후보-약
00141389,케이젯정밀(주),036560,K,29120,1101110342496,2118115683,19830120,12,서울특별시 강남구 테헤란로 419 강남파이낸스플라자 8층,2025,20260311004507,영풍,True,False,대기업,상호출자제한기업집단 소속,별도,1200,110512771845.0,120642701966.0,734007614682.0,,,,False,,,,,비해당,,,비해당,,비대상,,0,0,0,0,0,0,0,False,비대상,,,비대상
01568413,주식회사 에프앤에프,383220,Y,14111,1101117875440,1538102451,20210503,12,서울특별시 강남구 테헤란로8길 8 -,2025,20260318001512,,False,False,중견,"3년 평균 매출 16,355억 > 기준 1,500억, 자산 22,155억 ≥ 5,000억",별도,1500,1694695683997.0,1635453592394.0,2215497400463.0,1933995926896.0,1936167017625.0,2651445897849.0,False,,,,,비해당,,,비해당,,비대상,True,0,0,0,0,0,0,10,False,비대상,,,비대상
00207375,대한뉴팜(주),054670,K,212,1101110383515,2298110729,19841020,12,경기도 화성시 향남읍 상신리 904-3,2025,20260828000682,,False,False,중견,"3년 평균 매출 2,029억 > 기준 800억",별도,800,202401496497.0,202936941424.0,271184096918.0,,,,False,,,,,비해당,,,비해당,,비대상,True,0,0,0,0,0,0,0,False,비대상,,,비대상
01765256,동국씨엠 주식회사,460850,Y,24122,1101118651659,8978702489,20230601,12,서울특별시 중구 을지로5길 19,2025,20260317000766,동국제강,False,False,중견,공시대상기업집단 소속(중소 제외),별도,1800,1973635302655.0,1801181913862.0,1940056139710.0,2768703132346.0,2066204523759.0,2710440937830.0,True,I0800200100,동국씨엠 주식회사,24191,,해당,철강,원재료,비해당,,1차(2027),True,13,0,0,0,0,0,19,False,1차(2027),,,1차(2027)
01519790,주식회사 엠앤씨솔루션,484870,Y,292,1942110326208,2638101759,20201201,12,경상남도 창원시 성산구 완암로 171,2025,20260318000447,,False,False,중견,"3년 평균 매출 2,899억 > 기준 1,200억",별도,1200,403348735243.0,289865074548.0,402948622235.0,,,,False,,,,,비해당,,,일부해당,건설·광업 기계/농기계/산업용 로봇/석재 가공기(일부)/주조·야금 기계,2차 후보(확인 필요),True,0,0,0,0,2,0,3,True,2차 후보(확인 필요),,,2차 후보(확인 필요)
00623184,(주)오늘이엔엠,192410,K,2642,1301110044808,1248152292,19971015,12,서울특별시 서초구 효령로 345 휴림빌딩 2층,2025,20260319001418,,False,False,중소,"3년 평균 매출 143억 ≤ 기준 1,000억, 자산 5,000억 미만",별도,1000,14098900649.0,14276313634.0,63523932266.0,16693992539.0,15721419395.0,80834690581.0,False,,,,,비해당,,,비해당,,비대상,,0,0,0,0,0,0,0,False,비대상,,,비대상
00132725,에스비성보(주),003080,Y,2032,1147110000402,1288100011,19610106,12,경기도 안산시 단원구 산단로19번길 168 (목내동) 성보화학주식회사,2025,20260318001484,,False,False,중소,"3년 평균 매출 620억 ≤ 기준 1,200억, 자산 5,000억 미만",별도,1200,63669588696.0,62010920492.0,225629932144.0,64334046194.0,62261472911.0,228336893035.0,False,,,,,비해당,,,비해당,,비대상,,0,0,0,0,0,0,0,False,비대상,,,비대상
01276026,(주)지놈앤컴퍼니,314130,K,211,1341110422240,6278700257,20150924,12,"경기도 수원시 영통구 창룡대로256번길 50 7층, 8층",2025,20260320001084,,False,False,중소,"3년 평균 매출 99억 ≤ 기준 800억, 자산 5,000억 미만",별도,800,12188077796.0,9900440614.0,124792377505.0,24586847088.0,22209175201.0,145008358600.0,False,,,,,비해당,,,비해당,,비대상,,0,0,0,0,0,0,0,False,비대상,,,비대상
01358463,현대무벡스(주),319400,K,291,1101117016870,7968701173,20190218,12,서울시 종로구 율곡로 194 현대그룹빌딩,2025,20260318001359,,False,False,중견,"3년 평균 매출 3,168억 > 기준 1,200억",별도,1200,355474623608.0,316824721410.0,274262778661.0,393940640251.0,334387248358.0,283436434561.0,False,,,,,비해당,,,일부해당,냉동장비 부품·냉각탑(일부)/디젤 엔진(일부)/버너(일부)/분사기(일부)/엔진용·소형 펌프(일부)/크레인·컨베이어 등,2차 후보(확인 필요),True,0,0,0,4,0,0,1,True,2차 후보(확인 필요),,,2차 후보(확인 필요)
01270749,(주)웨이비스,289930,K,261,1348110407800,2728600666,20170502,12,경기도 화성시 삼성1로5길 46,2025,20260317000533,,False,False,중소,"3년 평균 매출 290억 ≤ 기준 1,000억, 자산 5,000억 미만",별도,1000,40706149797.0,28997077087.0,110354012068.0,,,,False,,,,,비해당,,,비해당,,비대상,,0,0,0,0,0,0,0,False,비대상,,,비대상
01011526,(주)엔켐,348370,K,20119,1512110026289,3048125799,20120216,12,충청북도 제천시 바이오밸리로 107,2025,20260326001049,,False,False,중견,"자산 8,397억 ≥ 5,000억",별도,1200,34642678246.0,55100694941.0,839684910979.0,312794042228.0,367731340368.0,1107549178461.0,False,,,,,비해당,,,비해당,,비대상,True,0,0,0,0,0,0,6,False,비대상,,,비대상
01085026,(주)유진테크놀로지,240600,K,259,1501110137013,3178118936,20100519,12,충청북도 청주시 흥덕구 2순환로742번길 42,2025,20260319001162,,False,False,중소,"3년 평균 매출 256억 ≤ 기준 1,200억, 자산 5,000억 미만",별도,1200,21019986344.0,25613933041.0,49374175858.0,28679627649.0,35766986579.0,59265808340.0,False,,,,,일부해당,기타 파스너(일부)/단조·압형(일부)/볼트·너트/탱크·용기,,일부해당,금속 주방용기(일부)/단조·압형 제품/못·기타 파스너/스프링(일부)/와이어로프·철망/일반철물(일부),2차 후보(확인 필요),,0,0,0,0,0,0,0,False,2차 후보(확인 필요),,,2차 후보(확인 필요)
00310156,(주)셀루메드,049180,K,211,1201110019225,1348101408,19850430,12,"서울특별시 금천구  디지털로 130 402(가산동, 에이스테크노타워 9차)",2025,20260710000233,,False,False,중소,"3년 평균 매출 128억 ≤ 기준 800억, 자산 5,000억 미만",별도,800,12036992438.0,12783167148.0,38525304753.0,140194245644.0,121628995304.0,60929423046.0,False,,,,,비해당,,,비해당,,비대상,,0,0,0,0,0,0,0,False,비대상,,,비대상
01747977,(주)엘케이켐,489500,K,20499,1615110093610,3128194768,20071101,12,충청남도 천안시 서북구 성거읍 성거길 228-17,2025,20260318001137,,False,False,중소,"3년 평균 매출 202억 ≤ 기준 1,200억, 자산 5,000억 미만",별도,1200,20166188262.0,20154685609.0,66218149851.0,20179862262.0,20160426943.0,66121157183.0,False,,,,,비해당,,,비해당,,비대상,,0,0,0,0,0,0,0,False,비대상,,,비대상
00166175,(주)대호특수강,021040,K,24123,1845110003856,6218105835,19880902,12,충청북도 충주시 충주산단1로 95 (용탄동),2025,20260317000646,,False,False,중견,"3년 평균 매출 2,910억 > 기준 1,800억",별도,1800,276819952371.0,291003013096.0,173955267556.0,277424948980.0,291458492499.0,175036130573.0,False,,,,,해당,철강,원재료,비해당,,1차(2027),True,0,0,0,0,0,0,0,False,1차(2027),,,1차(2027)
01082348,(주)오스테오닉,226400,K,27199,1101114816570,1138657540,20120309,12,서울특별시 구로구 디지털로29길 38 에이스테크노타워Ⅲ1206호,2025,20260626000761,,False,False,중소,"3년 평균 매출 352억 ≤ 기준 800억, 자산 5,000억 미만",별도,800,44899839612.0,35180397285.0,99318478316.0,45393099435.0,35808704121.0,100428294354.0,False,,,,,비해당,,,일부해당,의료기기(일부),2차 후보(확인 필요),,0,0,0,0,0,0,0,False,2차 후보(확인 필요),,,2차 후보-약
00119007,무림피앤피(주),009580,Y,171,1812110002548,6108102842,19740116,12,울산광역시 울주군 온산읍 우봉강양로 3-36 -,2025,20260313001288,,False,False,중견,"3년 평균 매출 7,239억 > 기준 1,800억, 자산 14,977억 ≥ 5,000억",별도,1800,683054294673.0,723938153962.0,1497702482270.0,731620027887.0,770730518407.0,1820115150517.0,True,I0300100018,무림피앤피(주),17122,,비해당,,,비해당,,비대상,True,0,0,0,0,0,0,9,False,비대상,,,비대상
00121507,무림에스피(주),001810,K,171,1701110001082,2118163282,19560726,12,서울특별시 강남구  강남대로 656 (신사동),2025,20260313001308,,False,False,중견,"3년 평균 매출 1,806억 > 기준 1,800억",별도,1800,204759198437.0,180597552958.0,294625302501.0,205670598437.0,181543374291.0,343812153418.0,True,I0300100016,무림에스피(주),17122,,비해당,,,비해당,,비대상,True,0,0,0,0,0,0,5,False,비대상,,,비대상
01373709,아이씨티케이 주식회사,456010,K,261,1311110496503,6498700830,20171018,12,"서울특별시 강남구 강남대로84길 16 비1층, 7층, 13층, 14층(역삼동, 제이스타워)",2025,20260723000522,,False,False,중소,"3년 평균 매출 56억 ≤ 기준 1,000억, 자산 5,000억 미만",별도,1000,4020136626.0,5630407860.0,73222663991.0,4020136626.0,5630407860.0,73232798197.0,False,,,,,비해당,,,비해당,,비대상,,0,0,0,0,0,0,0,False,비대상,,,비대상
00136086,무림페이퍼(주),009200,Y,171,1911110000782,6138100289,19730829,12,경상남도 진주시  남강로 1003 (상평동),2025,20260316001269,,False,False,중견,"3년 평균 매출 5,191억 > 기준 1,800억, 자산 8,835억 ≥ 5,000억",별도,1800,507492455705.0,519062351956.0,883543261120.0,1264911879644.0,1323725663304.0,2575053587435.0,True,I0300100017,무림페이퍼(주),17122,,비해당,,,비해당,,비대상,True,0,0,0,1,0,0,13,True,비대상,,,비대상
00317681,(주)메타바이오메드,059210,K,213,1501110041925,3158135211,19990701,12,충청북도 청주시 흥덕구  오송읍 오송생명1로 270,2025,20260629000364,,False,False,중견,3년 평균 매출 842억 > 기준 800억,별도,800,92141769678.0,84189453559.0,183678393836.0,102951318559.0,93362697136.0,186603753599.0,False,,,,,비해당,,,비해당,,비대상,True,0,0,0,0,0,0,8,False,비대상,,,비대상
00326731,(주)바이오니아,064550,K,213,1601110032542,3018127217,19920828,12,대전광역시 유성구 테크노2로 71 (주)바이오니아 글로벌센터,2025,20260324001036,,False,False,중소,"3년 평균 매출 386억 ≤ 기준 800억, 자산 5,000억 미만",별도,800,37553325838.0,38609637733.0,193072686500.0,330110657768.0,295774315166.0,369883618596.0,False,,,,,비해당,,,비해당,,비대상,,0,0,0,0,0,0,0,False,비대상,,,비대상
00349060,한스바이오메드(주),042520,K,213,1101111773872,2068117637,19990915,09,"서울특별시 송파구 정의로8길 7 9F,11F,12F",2025,20251218000494,,False,False,중소,"3년 평균 매출 528억 ≤ 기준 800억, 자산 5,000억 미만",별도,800,60231256132.0,52804196892.0,106614811535.0,89779853611.0,82983108336.0,126407117302.0,False,,,,,비해당,,,비해당,,비대상,,0,0,0,0,0,0,0,False,비대상,,,비대상
00608440,(주)티앤엘,340570,K,213,1345110028404,1358127264,19980609,12,경기도 용인시 수지구 신수로 767 에이동 2401호,2025,20260318001498,,False,False,중견,"3년 평균 매출 1,513억 > 기준 800억",별도,800,164038841400.0,151346085426.0,216799778299.0,164157781834.0,151503592338.0,217077493689.0,False,,,,,비해당,,,비해당,,비대상,True,0,0,0,0,0,0,48,False,비대상,,,비대상
00767628,(주)나이벡,138610,K,213,1101112940933,1018602611,20040220,12,충청북도 진천군  이월면 밤디길 116 이월전기전자농공1단지,2025,20260320001388,,False,False,중소,"3년 평균 매출 243억 ≤ 기준 800억, 자산 5,000억 미만",별도,800,32718793376.0,24324293741.0,63002101804.0,,,,False,,,,,비해당,,,비해당,,비대상,,0,0,0,0,0,0,0,False,비대상,,,비대상
00971726,(주)옵티팜,153710,K,213,1301110062876,1248175413,20000727,12,충청북도 청주시 흥덕구 오송읍 오송생명6로 63,2025,20260313000903,,False,False,중소,"3년 평균 매출 198억 ≤ 기준 800억, 자산 5,000억 미만",별도,800,22344530941.0,19784441966.0,40769326788.0,,,,False,,,,,비해당,,,비해당,,비대상,,0,0,0,0,0,0,0,False,비대상,,,비대상
01063954,(주)수젠텍,253840,K,213,1601110312126,3148630542,20111209,12,대전광역시 유성구 테크노2로 206 사무동2층 수젠텍,2025,20260318001334,,False,False,중소,"3년 평균 매출 88억 ≤ 기준 800억, 자산 5,000억 미만",별도,800,9261578730.0,8824305608.0,100021931676.0,9416857906.0,8882082149.0,98213579408.0,False,,,,,비해당,,,비해당,,비대상,,0,0,0,0,0,0,0,False,비대상,,,비대상
01161432,(주)레이저옵텍,199550,K,27112,1101112035552,2098126339,20000726,12,경기도 성남시 중원구 갈마치로 245 성남아이파크디어반 14층,2025,20260320000782,,False,False,중소,"3년 평균 매출 311억 ≤ 기준 800억, 자산 5,000억 미만",별도,800,25255610037.0,31142195783.0,42586288143.0,25695436108.0,31028468599.0,36551429474.0,False,,,,,비해당,,,비해당,,비대상,,0,0,0,0,0,0,0,False,비대상,,,비대상
00108038,엔피씨(주),004250,Y,22232,1101110212699,1348126904,19650529,12,경기도 용인시 수지구 신수로 785-17 엔피씨(주),2025,20260323001210,,False,False,중견,"3년 평균 매출 3,244억 > 기준 1,200억",별도,1200,294584665574.0,324425438866.0,492327966398.0,450319620231.0,472435445929.0,625332153184.0,False,,,,,비해당,,,비해당,,비대상,True,0,0,0,0,0,0,0,False,비대상,,,비대상
00228059,(주)휴온스글로벌,084110,K,212,1101110400202,1298107002,19870710,12,경기도 성남시 수정구 창업로 17 판교 아이스퀘어 A동 9층,2025,20260323001670,,False,False,중소,"3년 평균 매출 404억 ≤ 기준 800억, 자산 5,000억 미만",별도,800,41912593352.0,40425115375.0,489429906310.0,847453173652.0,806431116461.0,1559916952711.0,False,,,,,비해당,,,비해당,,비대상,,0,0,0,0,0,0,0,False,비대상,,,비대상
00242934,(주)케이엠,083550,K,139,1450110000540,2258101359,19890928,12,경기도 안성시 미양면 협동단지길 147-1 (주)케이엠,2025,20260319000714,,False,False,중견,"3년 평균 매출 1,069억 > 기준 1,000억",별도,1000,106437219086.0,106854408635.0,146521828196.0,135414355363.0,131445082830.0,179883797882.0,False,,,,,비해당,,,비해당,,비대상,True,0,0,0,0,0,0,2,False,비대상,,,비대상
01700587,(주)이노스페이스,462350,K,31311,1647110071148,6528700893,20170919,12,세종특별자치시  가름로 232 세종비지니스센터,2025,20260731000737,,False,False,중소,"3년 평균 매출 10억 ≤ 기준 1,200억, 자산 5,000억 미만",별도,1200,2746488690.0,997540715.0,70145712670.0,2746488690.0,997540715.0,70066703327.0,False,,,,,비해당,,,비해당,,비대상,,0,0,0,0,0,0,0,False,비대상,,,비대상
01275489,주식회사 셀비온,308430,K,212,1101114398180,2148863223,20100721,12,서울특별시 종로구 대학로 103 서울대학교 암연구소 6층,2025,20260320001329,,False,False,중소,"3년 평균 매출 19억 ≤ 기준 800억, 자산 5,000억 미만",별도,800,1945073476.0,1902044551.0,35194689378.0,,,,False,,,,,비해당,,,비해당,,비대상,,0,0,0,0,0,0,0,False,비대상,,,비대상
00962393,(주)포인트모바일,318020,K,263,1101113501601,1198191385,20060728,12,"서울특별시 금천구 디지털로 178 (가산동, 가산퍼블릭) A동 26층",2025,20260318001433,,False,False,중소,"3년 평균 매출 805억 ≤ 기준 1,000억, 자산 5,000억 미만",별도,1000,84727361069.0,80543723271.0,96468811584.0,87204429934.0,81509087139.0,95018561122.0,False,,,,,비해당,,,비해당,,비대상,,0,0,0,0,0,0,0,False,비대상,,,비대상
00109754,대림바스 주식회사,005750,Y,23222,1942110000018,6098100261,19680920,12,경상남도 창원시 성산구  공단로 52,2025,20260319001199,,False,False,중견,"3년 평균 매출 2,531억 > 기준 800억",별도,800,264508197277.0,253094262207.0,320032917601.0,300567542574.0,282634352942.0,338482567888.0,False,,,,,비해당,,,비해당,,비대상,True,0,0,0,0,0,0,0,False,비대상,,,비대상
00521390,(주)뉴파워프라즈마,144960,K,29271,1101111784952,2128144110,19991007,12,경기도 수원시 권선구 산업로155번길 214 (주)뉴파워프라즈마,2025,20260323001403,,False,False,중견,"3년 평균 매출 1,380억 > 기준 1,200억",별도,1200,152270764959.0,138045278932.0,356193243257.0,577990393724.0,482831187058.0,991116951474.0,False,,,,,비해당,,,비해당,,비대상,True,0,0,0,0,0,0,0,False,비대상,,,비대상
00263654,(주)오스코텍,039200,K,212,1615110028691,3128132175,19981208,12,"경기도 성남시 분당구  대왕판교로 700 A-901(삼평동,코리아바이오파크)",2025,20260319001005,,False,False,중소,"3년 평균 매출 329억 ≤ 기준 800억, 자산 5,000억 미만",별도,800,75518667400.0,32882749132.0,205099021363.0,99838669222.0,46265733967.0,229853200876.0,False,,,,,비해당,,,비해당,,비대상,,0,0,0,0,0,0,0,False,비대상,,,비대상
00983916,에이치엘비제넥스(주),187420,K,211,1601110095821,3148132185,20000329,12,대전광역시 유성구 테크노1로 65(관평동),2025,20260320001238,,False,False,중소,"3년 평균 매출 184억 ≤ 기준 800억, 자산 5,000억 미만",별도,800,24218649474.0,18388506784.0,105067225562.0,43370322639.0,35269486428.0,135828589557.0,False,,,,,비해당,,,비해당,,비대상,,0,0,0,0,0,0,0,False,비대상,,,비대상
00256955,(주)테이팩스,055490,Y,2229,1201110095499,1398115931,19940801,12,"경기도 수원시 영통구 대학4로 17 제8층 812호, 813호(이의동, 에이스광교타워 1차)",2025,20260316001319,한솔,False,False,중견,공시대상기업집단 소속(중소 제외),별도,1200,141121628302.0,139637349556.0,143584821251.0,141138746609.0,140977912277.0,201027023575.0,False,,,,,비해당,,,비해당,,비대상,True,0,0,0,0,0,0,3,False,비대상,,,비대상
00128412,삼진제약(주),005500,Y,212,1101110088652,1058100769,19680418,12,서울특별시 마포구  와우산로 121 삼진제약사옥,2025,20260316001338,,False,False,중견,"3년 평균 매출 3,032억 > 기준 800억",별도,800,309133530719.0,303203999633.0,470531747766.0,,,,False,,,,,비해당,,,비해당,,비대상,True,0,0,0,0,0,0,0,False,비대상,,,비대상
01592049,주식회사 엔젤로보틱스,455900,K,29280,1101116314085,4358600568,20170210,12,"서울특별시 광진구 광나루로56길 85 테크노마트21 제12층 제01호, 제02호(구의동)",2025,20260323000858,,False,False,중소,"3년 평균 매출 47억 ≤ 기준 1,200억, 자산 5,000억 미만",별도,1200,4641312180.0,4666150835.0,37033858938.0,,,,False,,,,,비해당,,,해당,산업용 로봇,2차(2028),,0,0,0,0,0,0,0,False,2차(2028),,,2차(2028)
00492353,(주)파이오링크,170790,K,26410,1101112035578,1198141089,20000726,12,서울특별시 금천구  가산디지털2로 98 IT캐슬 1동 401호,2025,20260320000730,,False,False,중소,"3년 평균 매출 610억 ≤ 기준 1,000억, 자산 5,000억 미만",별도,1000,65549351725.0,60954294041.0,99585182312.0,65634922825.0,60982817741.0,99832815219.0,False,,,,,비해당,,,비해당,,비대상,,0,0,0,0,0,0,0,False,비대상,,,비대상
01051472,(주)젠큐릭스,229000,K,213,1101114690768,2068657589,20110921,12,서울특별시 구로구 디지털로 243 지하이시티 15층,2025,20260316001142,,False,False,중소,"3년 평균 매출 51억 ≤ 기준 800억, 자산 5,000억 미만",별도,800,7548219535.0,5094102033.0,32107494024.0,,,,False,,,,,비해당,,,비해당,,비대상,,0,0,0,0,0,0,0,False,비대상,,,비대상
00871833,에스티팜(주),237690,K,212,1545110039704,3038152269,20080818,12,"경기도 시흥시 협력로 231(정왕동, 시화공단 1나 802호) &nbsp",2025,20260602000343,,False,False,중견,"3년 평균 매출 2,629억 > 기준 800억, 자산 7,767억 ≥ 5,000억",별도,800,293178341057.0,262936402620.0,776722093713.0,331681282447.0,296808092565.0,782566948564.0,False,,,,,비해당,,,비해당,,비대상,True,0,0,0,0,0,0,41,False,비대상,,,비대상
01686427,(주)에스오에스랩,464080,K,27211,2001110465372,4188800382,20160622,12,"광주광역시 북구 첨단과기로 123 B동 101호(오룡동, 창업진흥센터)",2025,20260319000013,,False,False,중소,"3년 평균 매출 50억 ≤ 기준 800억, 자산 5,000억 미만",별도,800,6086041489.0,5041761021.0,78587867000.0,,,,False,,,,,비해당,,,일부해당,가스 분석기(일부),2차 후보(확인 필요),,0,0,0,0,0,0,0,False,2차 후보(확인 필요),,,2차 후보-약
00151128,(주)모토닉,009680,Y,303,1101110161317,1018102940,19740307,12,"서울특별시 종로구 청계천로 41 9층(서린동, 영풍빌딩)",2025,20260318000984,,False,False,중견,"3년 평균 매출 2,715억 > 기준 1,200억, 자산 5,310억 ≥ 5,000억",별도,1200,279697463554.0,271520281049.0,530998932262.0,279697463554.0,271520281049.0,530548802467.0,False,,,,,비해당,,,일부해당,기어박스(일부)/자동차 엔진 부품(일부)/자동차 차체 부품(일부)/휠·현가장치·라디에이터(일부),2차 후보(확인 필요),True,0,0,9,0,0,0,0,True,"2차(2028, 제품명 확인)",보류,변속기용 오일펌프 제어기 (전장품),2차 후보(확인 필요)
01445440,(주)위츠,459100,K,26299,1345110389715,2398101474,20190404,12,경기도 용인시 처인구 남사면 형제로 35,2025,20260313001285,,False,False,중소,"3년 평균 매출 824억 ≤ 기준 1,000억, 자산 5,000억 미만",별도,1000,93096709135.0,82426792565.0,118501147414.0,168722438145.0,119673389464.0,158274803044.0,False,,,,,비해당,,,비해당,,비대상,,0,0,0,0,0,0,0,False,비대상,,,비대상
00155355,(주)풀무원,017810,Y,108,1101110375439,3158101744,19840531,12,충청북도 음성군 대소면 삼양로 730-27,2025,20260323001547,,False,False,중견,"자산 5,622억 ≥ 5,000억",별도,1200,111449644728.0,119284901157.0,562151435435.0,3380189222782.0,3195784755998.0,2348153156973.0,False,,,,,비해당,,,비해당,,비대상,True,0,0,0,0,0,0,3,False,비대상,,,비대상
00300405,(주)오리엔트정공,065500,K,303,1812110008083,6208101651,19870625,12,경상북도 구미시 수출대로 9-1 26-5(공단동),2025,20260319000819,,False,False,중견,"3년 평균 매출 1,358억 > 기준 1,200억",별도,1200,132798030485.0,135811811730.0,88894200762.0,157135799037.0,164449881024.0,98290350357.0,False,,,,,비해당,,,일부해당,기어박스(일부)/자동차 엔진 부품(일부)/자동차 차체 부품(일부)/휠·현가장치·라디에이터(일부),2차 후보(확인 필요),True,0,0,11,1,0,4,0,True,"2차(2028, 제품명 확인)",확인,변속기 관련 알루미늄 가공·조립 부품,"2차(2028, 제품명 확인)"
00150439,진양산업(주),003780,Y,2225,1801110043610,1028134256,19630718,12,경상남도 양산시 유산공단7길 42 -,2025,20260304001741,,False,False,중소,"3년 평균 매출 625억 ≤ 기준 1,200억, 자산 5,000억 미만",별도,1200,61645775585.0,62526196041.0,70046567981.0,90655194966.0,88582359997.0,93689026884.0,False,,,,,비해당,,,비해당,,비대상,,0,0,0,0,0,0,0,False,비대상,,,비대상
00661847,(주)화인베스틸,133820,Y,24121,1951110010951,6088168647,20070918,12,경상남도 창녕군 창녕읍 창밀로 259-33,2025,20260323001157,,False,False,중소,"3년 평균 매출 1,416억 ≤ 기준 1,800억, 자산 5,000억 미만",별도,1800,180562458971.0,141596091475.0,168686824295.0,186171163411.0,145846933963.0,171617473798.0,False,,,,,해당,철강,원재료,비해당,,1차(2027),,0,0,0,0,0,0,0,False,1차(2027),,,1차(2027)
01105153,두산로보틱스 주식회사,454910,Y,2928,1101115798272,2578800128,20150731,12,경기도 수원시 권선구 산업로156번길 79,2025,20260318001562,두산,True,False,대기업,상호출자제한기업집단 소속,별도,1200,27301039299.0,44641683151.0,398676845297.0,32978338354.0,44282218163.0,399370499942.0,False,,,,,비해당,,,해당,산업용 로봇,2차(2028),,0,0,0,0,0,0,0,False,2차(2028),,,2차(2028)
00447575,(주)제이앤티씨,204270,K,262,1101111334583,1198122651,19961101,12,경기도 화성시 정남면 구내길 81-9 &nbsp,2025,20260323001603,,False,False,중견,"3년 평균 매출 1,125억 > 기준 1,000억",별도,1000,96668785883.0,112462449953.0,431298432840.0,185653161156.0,260776399063.0,548175586463.0,False,,,,,비해당,,,비해당,,비대상,True,0,0,0,0,0,0,0,False,비대상,,,비대상
00480783,상신이디피(주),091580,K,28202,1348110016007,1248117179,19920128,12,충청남도 천안시 서북구 직산읍 4산단6길 57 -,2025,20260602000490,,False,False,중소,"3년 평균 매출 1,048억 ≤ 기준 1,800억, 자산 5,000억 미만",별도,1800,101514143495.0,104757414378.0,247979934059.0,250083513076.0,261782578941.0,335766845117.0,False,,,,,비해당,,,비해당,,비대상,,0,0,0,0,0,0,0,False,비대상,,,비대상
01590528,(주)아스테라시스,450950,K,27112,1412110077086,6098625063,20150707,12,"서울특별시 성동구 성수일로4길 25, 서울숲코오롱디지털타워1차 1005호",2025,20260316000862,,False,False,중소,"3년 평균 매출 280억 ≤ 기준 800억, 자산 5,000억 미만",별도,800,37903084795.0,28041578488.0,52139137686.0,37943714291.0,28091627106.0,52211904704.0,False,,,,,비해당,,,비해당,,비대상,,0,0,0,0,0,0,0,False,비대상,,,비대상
00526599,(주)덴티움,145720,Y,27191,1351110052892,1238157732,20000607,12,경기도 수원시 영통구 창룡대로 256번길 76(이의동) 덴티움지식산업센터,2025,20260401003696,,False,False,중견,"3년 평균 매출 3,017억 > 기준 800억, 자산 7,817억 ≥ 5,000억",별도,800,266981328920.0,301726461343.0,781738447322.0,346451532721.0,382482410597.0,932790285701.0,False,,,,,비해당,,,일부해당,의료기기(일부),2차 후보(확인 필요),True,2,0,0,0,0,0,16,False,2차 후보(확인 필요),,,2차 후보-약
01678312,아이빔테크놀로지(주),460470,K,27309,1601110458821,1548600806,20170623,12,"대전광역시 유성구 테크노4로 17, 대덕비즈센터 비동 415호(관평동)",2025,20260403002632,,False,False,중소,"3년 평균 매출 41억 ≤ 기준 800억, 자산 5,000억 미만",별도,800,4375864077.0,4145078583.0,30227756331.0,,,,False,,,,,비해당,,,비해당,,비대상,,0,0,0,0,0,0,0,False,비대상,,,비대상
00186799,(주)태웅,044490,K,25912,1801110073922,6038116009,19870619,12,부산광역시 강서구  녹산산단27로 67,2025,20260318001708,,False,False,중견,"3년 평균 매출 3,932억 > 기준 1,200억, 자산 8,099억 ≥ 5,000억",별도,1200,349653597289.0,393245939891.0,809910868576.0,,,,True,I1000100015,(주)태웅,24112,업종 대분류 불일치(확인 필요),해당,철강,원재료,해당,단조·압형 제품,1차(2027),True,0,0,0,0,0,0,5,False,1차(2027),,,1차(2027)
00486705,아주스틸(주),139990,Y,2419,1760110020145,5138116496,19991029,12,경상북도 구미시 4공단로 321,2025,20260318001296,동국제강,False,False,중견,공시대상기업집단 소속(중소 제외),별도,1800,595626053228.0,549061930843.0,707543425006.0,1085603129063.0,1007939722622.0,1005925873272.0,False,,,,,해당,철강,원재료,비해당,,1차(2027),True,9,0,0,0,0,0,4,False,1차(2027),,,1차(2027)
00527002,(주)화인써키트,127980,K,262,1201110063785,1378106417,19910110,12,인천광역시 남동구 남동대로79번길 71 &nbsp,2025,20260319000560,,False,False,중소,"3년 평균 매출 640억 ≤ 기준 1,000억, 자산 5,000억 미만",별도,1000,63940321978.0,63998053791.0,71337375318.0,81789735978.0,78977782648.0,82236506027.0,False,,,,,비해당,,,비해당,,비대상,,0,0,0,0,0,0,0,False,비대상,,,비대상
01492217,(주)엑셀세라퓨틱스,373110,K,211,1101115836767,5348600230,20150914,12,서울특별시 강남구 영동대로 333 동원빌딩 6층,2025,20260515000429,,False,False,중소,"3년 평균 매출 17억 ≤ 기준 800억, 자산 5,000억 미만",별도,800,1948989102.0,1669077192.0,15894859250.0,1948989102.0,1669077192.0,15721418187.0,False,,,,,비해당,,,비해당,,비대상,,0,0,0,0,0,0,0,False,비대상,,,비대상
01020524,자이글(주),234920,K,28511,2850110153481,1288635873,20081230,12,서울특별시 강서구 허준로 217 11층 1114호,2025,20260323001551,,False,False,중소,"3년 평균 매출 81억 ≤ 기준 1,800억, 자산 5,000억 미만",별도,1800,8229529017.0,8148178136.0,49719311897.0,,,,False,,,,,비해당,,,해당,냉장고·세탁기 등,2차(2028),,0,0,0,0,0,0,0,False,2차(2028),,,2차(2028)
01458161,주식회사 티엑스알로보틱스,484810,K,291,1211110330000,6118800754,20170711,12,경기도 부천시 원미구 옥산로 216,2025,20260319000270,,False,False,중소,"3년 평균 매출 490억 ≤ 기준 1,200억, 자산 5,000억 미만",별도,1200,56632898384.0,49017841526.0,94806334681.0,,,,False,,,,,비해당,,,일부해당,냉동장비 부품·냉각탑(일부)/디젤 엔진(일부)/버너(일부)/분사기(일부)/엔진용·소형 펌프(일부)/크레인·컨베이어 등,2차 후보(확인 필요),,0,0,0,0,0,0,0,False,2차 후보(확인 필요),,,2차 후보(확인 필요)
00107987,남해화학(주),025860,Y,20312,1101110164717,2018145104,19740508,12,서울특별시 강남구 테헤란로113길 15 (삼성동),2025,20260319000635,농협,True,False,대기업,상호출자제한기업집단 소속,별도,1200,1600248827684.0,1570824433499.0,767818583007.0,1604420884203.0,1570536106962.0,824579888654.0,True,I0500100006,남해화학(주),20312,,해당,비료,원재료,비해당,,1차(2027),,0,0,0,0,0,0,0,False,1차(2027),,,1차(2027)
00863533,(주)삼양엔씨켐,482630,K,20499,1314110209166,1348646467,20080306,12,경기도 화성시 동탄면 동탄산단7길 98-34,2025,20260313000769,삼양,False,False,중견,공시대상기업집단 소속(중소 제외),별도,1200,125385914184.0,111501753555.0,144797882829.0,,,,False,,,,,비해당,,,비해당,,비대상,True,0,0,0,0,0,0,0,False,비대상,,,비대상
00958327,(주)지앤비에스 에코,382800,K,29271,1348110105579,1248631287,20050404,12,경기도 안성시 대덕면 모산로 401-14,2025,20260312000549,,False,False,중소,"3년 평균 매출 838억 ≤ 기준 1,200억, 자산 5,000억 미만",별도,1200,91354245672.0,83750150041.0,138678157049.0,91919436496.0,84000915810.0,139485581860.0,False,,,,,비해당,,,비해당,,비대상,,0,0,0,0,0,0,0,False,비대상,,,비대상
00216647,(주)원익홀딩스,030530,K,201,1243110033235,1338127249,19910919,12,경기도 평택시 진위면 마산12로 21 -,2025,20260923000536,원익,False,True,중견,공시대상기업집단 소속(중소 제외),별도,1200,234868850435.0,281616396637.0,1042240546867.0,622991604240.0,672663754954.0,1969723238243.0,False,,,,,비해당,,,비해당,,비대상,,0,0,0,0,0,0,0,False,비대상,,,비대상
00222435,제이엠아이(주),033050,K,204,1101110922214,1248146204,19930220,12,경기도 화성시 동탄면 동탄산단8길 15-20,2025,20260317000531,,False,False,중소,"3년 평균 매출 359억 ≤ 기준 1,200억, 자산 5,000억 미만",별도,1200,37243642679.0,35921034623.0,67382905734.0,89803265878.0,81602329846.0,104934467440.0,False,,,,,비해당,,,비해당,,비대상,,0,0,0,0,0,0,0,False,비대상,,,비대상
00657002,(주)에이디테크놀로지,200710,K,2611,1311110081627,1298153729,20020823,12,경기도 수원시 영통구 광교중앙로248번길 7-8 에이디테크놀로지 빌딩,2025,20260320001390,,False,False,중소,"3년 평균 매출 856억 ≤ 기준 1,000억, 자산 5,000억 미만",별도,1000,124432233785.0,85579013382.0,291871844324.0,164511629858.0,123743090485.0,293465147035.0,False,,,,,비해당,,,비해당,,비대상,,0,0,0,0,0,0,0,False,비대상,,,비대상
00149354,(주)종근당홀딩스,001630,Y,212,1101110028955,1138106667,19560110,12,서울특별시 서대문구  충정로 8 종근당빌딩,2025,20260318001530,,False,True,중소,"3년 평균 매출 265억 ≤ 기준 800억, 자산 5,000억 미만",별도,800,25650845910.0,26504170058.0,444745023793.0,959011774439.0,932181719152.0,1628780738713.0,False,,,,,비해당,,,비해당,,비대상,,0,0,0,0,0,0,0,False,비대상,,,비대상
00384762,(주)파커스,065690,K,221,1201110041327,1228116892,19870623,12,충남 천안시 성거읍 천흥리316-4,2025,20260318001539,,False,False,중소,"3년 평균 매출 188억 ≤ 기준 1,200억, 자산 5,000억 미만",별도,1200,14840873998.0,18778437989.0,65140109898.0,53499990345.0,60268550686.0,81293288223.0,False,,,,,비해당,,,비해당,,비대상,,0,0,0,0,0,0,0,False,비대상,,,비대상
00466428,(주)아미노로직스,074430,K,211,1311110030369,1298123337,19970903,12,서울특별시 강남구 역삼로 151 삼오빌딩3층 301호,2025,20260323001526,,False,False,중소,"3년 평균 매출 199억 ≤ 기준 800억, 자산 5,000억 미만",별도,800,22020233503.0,19899043128.0,84176530973.0,22020233503.0,19899043128.0,84178004615.0,False,,,,,비해당,,,비해당,,비대상,,0,0,0,0,0,0,0,False,비대상,,,비대상
01453944,(주)벡트,457600,K,26519,1101113429621,2208727579,20060330,12,서울특별시 강남구 역삼로 229 &nbsp,2025,20260320001120,,False,False,중소,"3년 평균 매출 381억 ≤ 기준 1,000억, 자산 5,000억 미만",별도,1000,27637449907.0,38066578667.0,28851309676.0,44543769991.0,59367237591.0,40038268812.0,False,,,,,비해당,,,비해당,,비대상,,0,0,0,0,0,0,0,False,비대상,,,비대상
00121534,(주)MH에탄올,023150,Y,11121,1901110003563,6088103800,19780704,12,경상남도 창원시 마산회원구 내서읍 광려천남로 25,2025,20260312000803,,False,False,중소,"3년 평균 매출 537억 ≤ 기준 800억, 자산 5,000억 미만",별도,800,52128078911.0,53660032609.0,119434593984.0,94719109542.0,100207543405.0,261165503051.0,False,,,,,비해당,,,비해당,,비대상,,0,0,0,0,0,0,0,False,비대상,,,비대상
00366845,(주)탑엔지니어링,065130,K,29272,1760110007937,5138107376,19931113,12,경상북도 구미시  고아읍 농공단지길 53-17,2025,20260331002196,,False,False,중견,"3년 평균 매출 1,284억 > 기준 1,200억",별도,1200,120533409239.0,128402969808.0,197477438880.0,798498300100.0,857765923406.0,492123214404.0,False,,,,,비해당,,,비해당,,비대상,True,0,0,0,0,0,0,6,False,비대상,,,비대상
00137252,사조동아원(주),008040,Y,105,1244110000662,1368101103,19720726,12,서울특별시 서초구 방배천로2길 12 사조빌딩,2025,20260318001588,사조,False,False,중견,공시대상기업집단 소속(중소 제외),별도,1200,674263587949.0,676970239738.0,463742803194.0,,,,False,,,,,비해당,,,비해당,,비대상,True,0,0,0,0,0,0,0,False,비대상,,,비대상
00150633,(주)지누스,013890,Y,320,1347110002553,1248128792,19790308,12,"경기도 성남시 분당구 야탑로81번길 10,8층(야탑동, 아미고타워)",2025,20260313000634,현대백화점,True,False,대기업,상호출자제한기업집단 소속,별도,1500,387591850838.0,346558621179.0,723313451146.0,913180017856.0,928620731889.0,1073120500372.0,False,,,,,비해당,,,일부해당,금속 가구,2차 후보(확인 필요),,0,0,0,0,0,0,0,False,2차 후보(확인 필요),,,2차 후보(확인 필요)
00556907,(주)에이스테크놀로지,088800,K,2642,1201110397241,1318195829,20060302,12,인천광역시 연수구 하모니로187번길 16 -,2025,20260323001723,,False,False,중견,"3년 평균 매출 1,284억 > 기준 1,000억",별도,1000,159338105605.0,128387619730.0,180106335771.0,178426016983.0,154516321501.0,254285934222.0,False,,,,,비해당,,,비해당,,비대상,True,0,0,0,0,0,0,3,False,비대상,,,비대상
00666204,제너셈(주),217190,K,29271,1246110236750,1218140894,20001121,12,인천광역시 연수구 송도과학로84번길 24 제너셈 사옥,2025,20260323001155,,False,False,중소,"3년 평균 매출 599억 ≤ 기준 1,200억, 자산 5,000억 미만",별도,1200,56494211834.0,59928453391.0,85107693600.0,56757244825.0,60649697414.0,85512892699.0,False,,,,,비해당,,,비해당,,비대상,,0,0,0,0,0,0,0,False,비대상,,,비대상
00799539,(주)제노레이,122310,K,27111,1101112215261,2158606482,20010412,12,경기도 성남시 중원구 둔촌대로541번길 60 -,2025,20260327001840,,False,False,중견,"3년 평균 매출 1,004억 > 기준 800억",별도,800,103578593422.0,100443736603.0,134223772670.0,108042067262.0,104307122813.0,131228150026.0,False,,,,,비해당,,,비해당,,비대상,True,0,0,0,0,0,0,9,False,비대상,,,비대상
01105621,(주)엔투텍,227950,K,292,1101115829407,7598800172,20150904,12,경기도 안성시 원곡면 원당로 157 -,2025,20260323000313,,False,False,중소,"3년 평균 매출 157억 ≤ 기준 1,200억, 자산 5,000억 미만",별도,1200,20818089625.0,15724085623.0,138486904234.0,28763646487.0,18477513772.0,149005304099.0,False,,,,,비해당,,,일부해당,건설·광업 기계/농기계/산업용 로봇/석재 가공기(일부)/주조·야금 기계,2차 후보(확인 필요),,0,0,0,0,0,0,0,False,2차 후보(확인 필요),,,2차 후보(확인 필요)
01112889,(주)피엔에이치테크,239890,K,20119,1311110237931,1298636614,20090824,12,"경기도 용인시 기흥구 동백중앙로16번길 16-25, 804호(중동, 대우프론티어밸리 1단지) &nbsp",2025,20260323000934,,False,False,중소,"3년 평균 매출 346억 ≤ 기준 1,200억, 자산 5,000억 미만",별도,1200,30119070313.0,34630950565.0,67213925448.0,,,,False,,,,,비해당,,,비해당,,비대상,,0,0,0,0,0,0,0,False,비대상,,,비대상
00958664,주식회사 신스틸,162300,K,241,1942110094409,6098184859,20080908,12,부산광역시 강서구 미음산단4로 174,2025,20260318000805,,False,False,중견,"3년 평균 매출 2,241억 > 기준 1,800억",별도,1800,211568142322.0,224110165310.0,167533081182.0,352171696187.0,354181507618.0,200339797835.0,False,,,,,해당,철강,원재료,비해당,,1차(2027),True,0,0,0,0,0,0,0,False,1차(2027),,,1차(2027)
01203808,에이피시스템(주),265520,K,29272,1348110400341,2048700511,20170302,12,경기도 화성시  동탄면 동탄산단8길 15-5 &nbsp,2025,20260319001249,,False,False,중견,"3년 평균 매출 4,983억 > 기준 1,200억, 자산 6,773억 ≥ 5,000억",별도,1200,455612373698.0,498347465283.0,677327573222.0,460144858180.0,503474040032.0,680939799732.0,False,,,,,비해당,,,비해당,,비대상,True,0,0,0,0,0,0,0,False,비대상,,,비대상
00765897,한국피아이엠(주),448900,K,303,1748110026107,5158119499,20010414,12,대구광역시 달성군 다사읍 세천로8길 26,2025,20260320001061,,False,False,중소,"3년 평균 매출 328억 ≤ 기준 1,200억, 자산 5,000억 미만",별도,1200,31809434910.0,32804550271.0,64507231077.0,36931110519.0,37447232173.0,85889946272.0,False,,,,,비해당,,,일부해당,기어박스(일부)/자동차 엔진 부품(일부)/자동차 차체 부품(일부)/휠·현가장치·라디에이터(일부),2차 후보(확인 필요),,0,0,0,0,0,0,0,False,2차 후보(확인 필요),,,2차 후보(확인 필요)
01023211,와이제이링크(주),209640,K,29299,1701110379976,5038185074,20090616,12,대구광역시 달성군 다사읍 세천로1길 110,2025,20260319000950,,False,False,중소,"3년 평균 매출 460억 ≤ 기준 1,200억, 자산 5,000억 미만",별도,1200,43036751942.0,46028930172.0,97207389465.0,46072766900.0,47719203492.0,123519529020.0,False,,,,,비해당,,,비해당,,비대상,,0,0,0,0,0,0,0,False,비대상,,,비대상
00155258,포스코스틸리온(주),058430,Y,2419,1746110006492,5068105517,19880215,12,경상북도 포항시 남구  철강로 173 포스코강판주식회사,2025,20260317000684,포스코,True,False,대기업,상호출자제한기업집단 소속,별도,1800,1093988999026.0,1134089265086.0,479863698368.0,1125440499863.0,1164614991994.0,507324692962.0,True,I0800100024,포스코스틸리온(주),24191,,해당,철강,원재료,비해당,,1차(2027),,0,0,0,0,0,0,0,False,1차(2027),,,1차(2027)
00155276,(주)포스코퓨처엠,003670,Y,282,1746110001947,5068101452,19710513,12,경상북도 포항시 남구 신항로 110,2025,20260312000826,포스코,True,False,대기업,상호출자제한기업집단 소속,별도,1800,2676968855833.0,3581052562835.0,7828095562850.0,2938698184392.0,3799504635492.0,9143896515830.0,True,I0600100015,주식회사 포스코퓨처엠,23312,업종 대분류 불일치(확인 필요),비해당,,,비해당,,비대상,,0,0,0,0,0,0,0,False,비대상,,,비대상
00204208,(주)마니커,027740,Y,1012,1345110004149,1358103151,19850927,12,경기도 용인시 기흥구 구성로 278 -,2025,20260313001223,,False,False,중견,"3년 평균 매출 3,471억 > 기준 1,200억",별도,1200,368893636288.0,347098698677.0,151740564764.0,368890857923.0,347096884222.0,155490054936.0,False,,,,,비해당,,,비해당,,비대상,True,0,0,0,0,0,0,0,False,비대상,,,비대상
00377610,(주)세아홀딩스,058650,Y,241,1101112276809,1048163174,20010701,12,서울특별시 마포구 양화로 45,2025,20260318001415,세아,True,True,대기업,상호출자제한기업집단 소속,별도,1800,50654053389.0,47457557276.0,1175686250983.0,6611085565727.0,6349038417503.0,6190781950964.0,False,,,,,해당,철강,원재료,비해당,,1차(2027),,0,0,0,0,0,0,0,False,1차(2027),,,1차(2027)
01032413,해성디에스(주),195870,Y,262,1942110223694,6098618048,20140306,12,경상남도 창원시 성산구 웅남로 726,2025,20260318001527,,False,False,중견,"3년 평균 매출 6,338억 > 기준 1,000억, 자산 8,579억 ≥ 5,000억",별도,1000,644987651316.0,633782772591.0,857874712999.0,653396882375.0,642878588187.0,880631376376.0,True,I1100130063,해성디에스 주식회사,26129,,비해당,,,비해당,,비대상,True,0,0,0,0,0,0,2,False,비대상,,,비대상
01316254,에이치에스효성첨단소재(주),298050,Y,205,1101116770170,1988700929,20180604,12,서울특별시 마포구 마포대로 119 효성빌딩,2025,20260312001146,효성,True,False,대기업,상호출자제한기업집단 소속,별도,1200,488052782230.0,580056095058.0,2213720390812.0,3283044948859.0,3265534647119.0,3903414776514.0,True,I0200170044,에이치에스효성첨단소재(주),20501,,비해당,,,비해당,,비대상,,0,0,0,0,0,0,0,False,비대상,,,비대상
00927558,(주)유바이오로직스,206650,K,212,1101114294122,2118840314,20100310,12,"서울특별시 강남구 도산대로 509 13층,15층",2025,20260317000832,,False,False,중견,"3년 평균 매출 1,049억 > 기준 800억",별도,800,149195024704.0,104865327716.0,240225281667.0,,,,False,,,,,비해당,,,비해당,,비대상,True,0,0,0,0,0,0,5,False,비대상,,,비대상
01563922,(주)엠오티,413390,K,29299,2341110105621,4598701269,20190307,12,경상남도 양산시 상북면 석계산단2길 46,2025,20260615000277,,False,False,중소,"3년 평균 매출 780억 ≤ 기준 1,200억, 자산 5,000억 미만",별도,1200,75453871276.0,78013562536.0,119997103270.0,75453871276.0,78013562536.0,119970123609.0,False,,,,,비해당,,,비해당,,비대상,,0,0,0,0,0,0,0,False,비대상,,,비대상
00113234,대한제당(주),001790,Y,105,1201110018368,1218107309,19560706,12,인천광역시 중구  월미로 116(북성동1가),2025,20260319000542,,False,False,중견,"3년 평균 매출 10,310억 > 기준 1,200억, 자산 10,362억 ≥ 5,000억",별도,1200,1040646851000.0,1031004571333.0,1036213713000.0,1356276028000.0,1354151672333.0,1255280770000.0,True,F0010100008,대한제당 주식회사,10720,,비해당,,,비해당,,비대상,True,0,0,0,0,0,0,4,False,비대상,,,비대상
00140566,(주)한탑,002680,K,105,1801110005834,6178100559,19590626,12,부산 남구 대연3동 598-7,2025,20260227007246,,False,False,중소,"3년 평균 매출 768억 ≤ 기준 1,200억, 자산 5,000억 미만",별도,1200,71781679133.0,76753692223.0,132461130689.0,82399706144.0,87378657774.0,138322418615.0,False,,,,,비해당,,,비해당,,비대상,,0,0,0,0,0,0,0,False,비대상,,,비대상
00121941,대상(주),001680,Y,108,1101110327125,1098114886,19560131,12,서울특별시 종로구 창경궁로 120 종로플레이스,2025,20260327000936,,False,False,중견,"3년 평균 매출 34,696억 > 기준 1,200억, 자산 30,614억 ≥ 5,000억",별도,1200,3528856015820.0,3469604207689.0,3061398296526.0,4401305371276.0,4254644690883.0,3479148559839.0,True,F0010100002,대상 주식회사,10620,,비해당,,,비해당,,비대상,True,0,0,0,0,0,0,10,False,비대상,,,비대상
00192499,(주)팜스토리,027710,K,109,1543110001715,3038105937,19910417,12,서울특별시 강남구  강남대로 310 유니온센터 3층,2025,20260323000994,,False,False,중견,"3년 평균 매출 13,500억 > 기준 1,200억, 자산 8,019억 ≥ 5,000억",별도,1200,1332721783396.0,1350045755002.0,801940002192.0,1455851080750.0,1469999965003.0,969038633846.0,False,,,,,비해당,,,비해당,,비대상,True,0,0,0,0,0,0,1,False,비대상,,,비대상
00241209,(주)모아텍,033200,K,2629,1101110613607,1178101820,19890306,03,인천광역시 남동구  인주대로 698 (주)모아텍,2025,20250618000340,,False,False,중소,"3년 평균 매출 306억 ≤ 기준 1,000억, 자산 5,000억 미만",별도,1000,30650103926.0,30571041069.0,68099790974.0,31500704726.0,31347239704.0,76174324202.0,False,,,,,비해당,,,비해당,,비대상,,0,0,0,0,0,0,0,False,비대상,,,비대상
00242378,(주)이지홀딩스,035810,K,109,1101110565163,2208115028,19880314,12,서울특별시 강남구  강남대로 310 유니온센타3층,2025,20260323001036,,False,True,중견,"3년 평균 매출 1,556억 > 기준 1,200억, 자산 5,874억 ≥ 5,000억",별도,1200,185440109173.0,155630206628.0,587392082947.0,3388904350275.0,3264346800772.0,2896618126429.0,False,,,,,비해당,,,비해당,,비대상,,0,0,0,0,0,0,0,False,비대상,,,비대상
00142661,(주)우성,006980,Y,105,1601110001167,3058120439,19701230,12,대전광역시 대덕구 한밭대로 1027,2025,20260814003673,,False,False,중소,"3년 평균 매출 604억 ≤ 기준 1,200억, 자산 5,000억 미만",별도,1200,79842533804.0,60373023232.0,187636169032.0,613023508125.0,618020093315.0,462306101255.0,False,,,,,비해당,,,비해당,,비대상,,0,0,0,0,0,0,0,False,비대상,,,비대상
01226270,(주)스톰테크,352090,K,22211,1101111785710,1098159637,19991008,12,서울특별시 강서구 화곡로68길 143,2025,20260320001099,,False,False,중소,"3년 평균 매출 604억 ≤ 기준 1,200억, 자산 5,000억 미만",별도,1200,63895089264.0,60395487941.0,120092230501.0,69679394350.0,63918614508.0,132909139186.0,False,,,,,비해당,,,비해당,,비대상,,0,0,0,0,0,0,0,False,비대상,,,비대상
00158149,한국쉘석유(주),002960,Y,19221,1801110002591,6178100016,19600705,12,부산광역시 남구  신선로 250 (용당동),2025,20260319000588,,False,False,중견,"3년 평균 매출 3,309억 > 기준 1,000억",별도,1000,344959163929.0,330871506229.0,200264519929.0,,,,False,,,,,비해당,,,비해당,,비대상,True,0,0,0,0,0,0,6,False,비대상,,,비대상
00127158,(주)씨아이테크,004920,Y,26529,1101110074479,2108101231,19670117,12,서울특별시 송파구 양재대로 932 가락몰 업무동 11층 동관,2025,20260323001571,,False,False,중소,"3년 평균 매출 206억 ≤ 기준 1,000억, 자산 5,000억 미만",별도,1000,24824992915.0,20640125881.0,103208945153.0,41449800518.0,43963975555.0,126953652884.0,False,,,,,비해당,,,비해당,,비대상,,0,0,0,0,0,0,0,False,비대상,,,비대상
00220622,서호전기(주),065710,K,28123,1101110591928,1238126054,19880923,12,경기도 안양시 동안구  귀인로 9,2025,20260319000025,,False,False,중소,"3년 평균 매출 660억 ≤ 기준 1,800억, 자산 5,000억 미만",별도,1800,108131498778.0,66012627021.0,99034708722.0,116625518085.0,76420583936.0,103409688237.0,False,,,,,비해당,,,비해당,,비대상,,0,0,0,0,0,0,0,False,비대상,,,비대상
01353024,(주)티에스트릴리온,317240,K,204,1101116982139,4258701422,20190111,12,"서울특별시 영등포구 양평로 96 1층,6층,8층(양평동4가,티에스빌딩)",2025,20260323001115,,False,False,중소,"3년 평균 매출 322억 ≤ 기준 1,200억, 자산 5,000억 미만",별도,1200,26391856111.0,32161248254.0,55941523218.0,26033520171.0,31900073418.0,55827863065.0,False,,,,,비해당,,,비해당,,비대상,,0,0,0,0,0,0,0,False,비대상,,,비대상
00370255,(주)테크엘,064520,K,2612,1211110060136,1308155315,19980217,12,경기도 화성시  동탄면 경기동로 548,2025,20260316000782,,False,False,중소,"3년 평균 매출 221억 ≤ 기준 1,000억, 자산 5,000억 미만",별도,1000,18537659778.0,22132685638.0,105920061492.0,18149684065.0,21793224400.0,100320069500.0,False,,,,,비해당,,,비해당,,비대상,,0,0,0,0,0,0,0,False,비대상,,,비대상
00298447,(주)아모텍,052710,K,2629,1244110019308,1368112269,19941019,12,인천 남동구 남촌동 617 남동공단 5블럭 1롯트,2025,20260317000848,,False,False,중견,"3년 평균 매출 1,899억 > 기준 1,000억",별도,1000,220030192571.0,189901106869.0,371882079055.0,253765089587.0,223341366923.0,353263201536.0,False,,,,,비해당,,,비해당,,비대상,True,0,0,0,0,0,0,7,False,비대상,,,비대상
00863038,(주)캐리,313760,K,2811,1314110144073,1348604069,20030821,12,경기도 용인시 처인구 모현읍 초부로54번길 7-3,2025,20260407003484,,False,False,중소,"3년 평균 매출 80억 ≤ 기준 1,800억, 자산 5,000억 미만",별도,1800,7488352962.0,8014513645.0,52609305355.0,7481352962.0,7827708958.0,52647471881.0,False,,,,,비해당,,,해당,전동기·변압기,2차(2028),,0,0,0,0,0,0,0,False,2차(2028),,,2차(2028)
01153105,비비씨 주식회사,318410,K,204,1601110243678,3148198760,20080619,12,대전광역시 대덕구 문평동로 25 -,2025,20260323000940,,False,False,중소,"3년 평균 매출 312억 ≤ 기준 1,200억, 자산 5,000억 미만",별도,1200,33834122840.0,31157297923.0,86748907091.0,51648442504.0,55304020200.0,92152436773.0,False,,,,,비해당,,,비해당,,비대상,,0,0,0,0,0,0,0,False,비대상,,,비대상
00816933,(주)진영,285800,K,2221,1201110127961,1368118924,19960109,12,인천광역시 서구 마중로 129,2025,20260318000746,,False,False,중소,"3년 평균 매출 309억 ≤ 기준 1,200억, 자산 5,000억 미만",별도,1200,27992428941.0,30911089124.0,55316986753.0,32423321754.0,32515739933.0,70158709400.0,False,,,,,비해당,,,비해당,,비대상,,0,0,0,0,0,0,0,False,비대상,,,비대상
00149345,(주)조흥,002600,Y,108,1101110019334,1138106497,19590211,12,경기도 안산시 단원구  시화로 38 (성곡동),2025,20260312000677,,False,False,중견,"3년 평균 매출 4,336억 > 기준 1,200억",별도,1200,481716330314.0,433592881962.0,420908142846.0,488246059548.0,440784879835.0,434783887139.0,False,,,,,비해당,,,비해당,,비대상,True,0,0,0,0,0,0,0,False,비대상,,,비대상
00449254,주식회사쎄트렉아이,099320,K,3131,1601110091283,3148129846,19991229,12,대전광역시 유성구 엑스포로 441 (문지동),2025,20260406004277,,False,False,중견,"3년 평균 매출 1,583억 > 기준 1,200억",별도,1200,197895121110.0,158275849815.0,420403108866.0,206916796302.0,167876580971.0,411001934412.0,False,,,,,비해당,,,비해당,,비대상,True,0,0,0,0,0,0,6,False,비대상,,,비대상
00545734,아미코젠(주),092040,K,108,1911110019783,6138121213,20000529,12,경상남도 진주시 문산읍 월아산로950번길 14-10 아미코젠 문산 1공장,2025,20260430001612,,False,False,중소,"3년 평균 매출 404억 ≤ 기준 1,200억, 자산 5,000억 미만",별도,1200,40521947937.0,40379964895.0,197471239804.0,41981406105.0,125163456391.0,231862994591.0,False,,,,,비해당,,,비해당,,비대상,,0,0,0,0,0,0,0,False,비대상,,,비대상
00560849,(주)에스앤디,260970,K,108,1615110028766,3128132312,19981215,12,충청북도 청주시 흥덕구 오송읍 오송생명4로 163,2025,20260316001045,,False,False,중소,"3년 평균 매출 1,185억 ≤ 기준 1,200억, 자산 5,000억 미만",별도,1200,150937281130.0,118450864281.0,108902343086.0,,,,False,,,,,비해당,,,비해당,,비대상,,0,0,0,0,0,0,0,False,비대상,,,비대상
00428321,해태제과식품주식회사,101530,Y,108,1615110044225,3128149680,20010711,12,충청남도 천안시 서북구 성거읍 천흥8길 67-26,2025,20260318001023,,False,False,중견,"3년 평균 매출 5,893억 > 기준 1,200억, 자산 6,664억 ≥ 5,000억",별도,1200,597709502110.0,589263153273.0,666410301383.0,641386567732.0,631816289776.0,710500327091.0,False,,,,,비해당,,,비해당,,비대상,True,0,0,0,0,0,0,1,False,비대상,,,비대상
00576798,디아이티(주),110990,K,29272,1348110112334,1248637544,20050930,12,경기도 화성시 정남면 가장로 355-50,2025,20260317000522,,False,False,중소,"3년 평균 매출 1,105억 ≤ 기준 1,200억, 자산 5,000억 미만",별도,1200,107910277371.0,110535044240.0,266202140837.0,107910277371.0,110542321036.0,266542879464.0,False,,,,,비해당,,,비해당,,비대상,,0,0,0,0,0,0,0,False,비대상,,,비대상
00956930,동아에스티(주),170900,Y,212,1101115079713,2048640122,20130304,12,서울 동대문구 용두동 138 ~255 천호대로 64,2025,20260318001313,,False,False,중견,"3년 평균 매출 6,637억 > 기준 800억, 자산 13,863억 ≥ 5,000억",별도,800,745140777481.0,663697273686.0,1386294387603.0,808780057197.0,723543165586.0,1412046030981.0,False,,,,,비해당,,,비해당,,비대상,True,0,0,0,0,0,0,26,False,비대상,,,비대상
01601222,씨피시스템(주),413630,K,222,1101118112669,4938702235,20211201,12,부산광역시 기장군 정관면 정관상곡1길 27-37 (정관읍 매학리),2025,20260323000631,,False,False,중소,"3년 평균 매출 201억 ≤ 기준 1,200억, 자산 5,000억 미만",별도,1200,18399376151.0,20106952983.0,44943380142.0,19053735010.0,20764951753.0,46422649586.0,False,,,,,비해당,,,비해당,,비대상,,0,0,0,0,0,0,0,False,비대상,,,비대상
00650771,하이젠알앤엠 주식회사,160190,K,28111,1942110088197,6098179792,20070928,12,경상남도 창원시 성산구 공단로473번길 57,2025,20260804000547,,False,False,중소,"3년 평균 매출 750억 ≤ 기준 1,800억, 자산 5,000억 미만",별도,1800,73212379500.0,75037247147.0,165204517601.0,73543971242.0,75559182187.0,166522218018.0,False,,,,,비해당,,,해당,전동기·변압기,2차(2028),,0,0,0,0,0,0,0,False,2차(2028),,,2차(2028)
00579139,한국맥널티(주),222980,K,108,1101111495971,2148620763,19971219,12,충청남도 천안시 서북구 성환읍 연암율금로 42 &nbsp,2025,20260319000958,,False,False,중소,"3년 평균 매출 468억 ≤ 기준 1,200억, 자산 5,000억 미만",별도,1200,46551432496.0,46765337416.0,67674374637.0,96309714203.0,87847240695.0,83165714018.0,False,,,,,비해당,,,비해당,,비대상,,0,0,0,0,0,0,0,False,비대상,,,비대상
00855093,(주)선진,136490,Y,109,1344110046664,1268636352,20110104,12,경기도 이천시  대월면 사동로 76,2025,20260320000571,하림,True,False,대기업,상호출자제한기업집단 소속,별도,1200,990913890530.0,1066109207865.0,891718826136.0,1895741974966.0,1827706027756.0,1361716299332.0,False,,,,,비해당,,,비해당,,비대상,,0,0,0,0,0,0,0,False,비대상,,,비대상
00986898,주식회사 팜스빌,318010,K,108,1101111908338,1208601608,20000315,12,서울특별시 강서구 마곡중앙8로3길 37 -,2025,20260318001701,,False,False,중소,"3년 평균 매출 167억 ≤ 기준 1,200억, 자산 5,000억 미만",별도,1200,12165019450.0,16735308533.0,68569605140.0,12728245936.0,16949317822.0,68502067956.0,False,,,,,비해당,,,비해당,,비대상,,0,0,0,0,0,0,0,False,비대상,,,비대상
01167056,샘표식품(주),248170,Y,108,1101116110045,4468700473,20160704,12,"서울특별시 중구 충무로 2 8층 (필동1가, 매일경제빌딩)",2025,20260515000077,,False,False,중견,"3년 평균 매출 3,873억 > 기준 1,200억",별도,1200,396010099635.0,387301408365.0,362469937705.0,408926546791.0,399078030711.0,380321140921.0,False,,,,,비해당,,,비해당,,비대상,True,0,0,0,0,0,0,9,False,비대상,,,비대상
01205329,(주)크라운제과,264900,Y,106,1101116332590,4118700569,20170302,12,서울특별시 용산구 한강대로72길 3(남영동),2025,20260318000900,,False,False,중견,"3년 평균 매출 4,392억 > 기준 1,200억",별도,1200,444838419779.0,439223195869.0,354970413163.0,,,,False,,,,,비해당,,,비해당,,비대상,True,0,0,0,0,0,0,0,False,비대상,,,비대상
00101488,(주)경동나비엔,009450,Y,28520,1347110001159,1258101234,19781113,12,경기도 평택시 서탄면 수월암길 95 -,2025,20260318001570,,False,False,중견,"3년 평균 매출 11,685억 > 기준 1,800억, 자산 10,846억 ≥ 5,000억",별도,1800,1263544598017.0,1168484950794.0,1084589094971.0,1502239729157.0,1353477347698.0,1522167095867.0,False,,,,,비해당,,,비해당,,비대상,True,0,0,0,0,0,0,3,False,비대상,,,비대상
00158565,한국알콜산업(주),017890,K,204,1812110003728,6108105494,19840727,12,경기도 용인시 기흥구 탑실로35번길 14 (공세동),2025,20260318001201,,False,False,중견,"3년 평균 매출 2,943억 > 기준 1,200억",별도,1200,276114035574.0,294348334813.0,431244205543.0,423883457380.0,427723786492.0,703581690943.0,True,I0500100064,한국알콜산업(주),20119,,비해당,,,비해당,,비대상,True,0,0,0,0,0,0,0,False,비대상,,,비대상
00184667,유진기업(주),023410,K,23322,1101110376148,1308122624,19840613,12,경기도 부천시 오정구  석천로 457,2025,20260320001208,유진,False,False,중견,공시대상기업집단 소속(중소 제외),별도,800,746219587758.0,853751695034.0,1854763054262.0,1332687769915.0,1399805028504.0,2369584586592.0,False,,,,,비해당,,,비해당,,비대상,True,0,0,0,0,0,0,4,False,비대상,,,비대상
00125521,에스엘(주),005850,Y,303,1701110000034,5048100078,19681107,12,대구광역시 북구 검단공단로 32 -,2025,20260318000781,,False,False,중견,"3년 평균 매출 27,689억 > 기준 1,200억, 자산 26,146억 ≥ 5,000억",별도,1200,2969029410392.0,2768872502094.0,2614618829422.0,5239939345004.0,5017353337032.0,3997077723045.0,False,,,,,비해당,,,일부해당,기어박스(일부)/자동차 엔진 부품(일부)/자동차 차체 부품(일부)/휠·현가장치·라디에이터(일부),2차 후보(확인 필요),True,0,0,0,0,0,0,9,False,2차 후보(확인 필요),,,2차 후보(확인 필요)
00329093,(주)코데즈컴바인,047770,K,141,1101111187031,1148166713,19950816,12,서울특별시 강남구 논현로145길 66 (논현동),2025,20260318001354,,False,False,중소,"3년 평균 매출 386억 ≤ 기준 1,500억, 자산 5,000억 미만",별도,1500,37914573576.0,38630444747.0,70823176469.0,39722870931.0,40426892993.0,92866096436.0,False,,,,,비해당,,,비해당,,비대상,,0,0,0,0,0,0,0,False,비대상,,,비대상
00528515,한라아이엠에스(주),092460,K,31114,1801110186907,6068157969,19950713,12,부산광역시 강서구  화전산단1로 115,2025,20260318000522,,False,False,중소,"3년 평균 매출 1,039억 ≤ 기준 1,200억, 자산 5,000억 미만",별도,1200,131636821680.0,103859020997.0,237277672528.0,133476935159.0,105552385342.0,241735526920.0,False,,,,,비해당,,,비해당,,비대상,,0,0,0,0,0,0,0,False,비대상,,,비대상
00442154,제이엔케이글로벌(주),126880,K,291,1101111591034,1168169870,19980928,12,"경기도 성남시 수정구 창업로 43 A동 10층(시흥동, 판교글로벌비즈센터)",2025,20260318001443,,False,False,중견,"3년 평균 매출 1,509억 > 기준 1,200억",별도,1200,147340791891.0,150896712928.0,250884846879.0,147293291891.0,150879212928.0,250891212218.0,False,,,,,비해당,,,일부해당,냉동장비 부품·냉각탑(일부)/디젤 엔진(일부)/버너(일부)/분사기(일부)/엔진용·소형 펌프(일부)/크레인·컨베이어 등,2차 후보(확인 필요),True,0,0,0,0,0,0,0,False,2차 후보(확인 필요),,,2차 후보(확인 필요)
01453670,(주)휴럼,353190,K,108,1101117442710,4258601594,20200331,12,"서울특별시 금천구 가산디지털2로 115 416호(가산동, 대륭테크노타운3차)",2025,20260318000448,,False,False,중소,"3년 평균 매출 717억 ≤ 기준 1,200억, 자산 5,000억 미만",별도,1200,72091854291.0,71654526348.0,71841556530.0,99011416963.0,95194732827.0,98991319915.0,False,,,,,비해당,,,비해당,,비대상,,0,0,0,0,0,0,0,False,비대상,,,비대상
00101549,경동제약(주),011040,K,212,1201110003765,1248135518,19760212,12,경기도 화성시  양감면 제약단지로 224-3,2025,20260320001252,,False,False,중견,"3년 평균 매출 1,816억 > 기준 800억",별도,800,194005924819.0,181612578885.0,319180070438.0,196273042787.0,184294479697.0,321895468124.0,False,,,,,비해당,,,비해당,,비대상,True,0,0,0,0,0,0,0,False,비대상,,,비대상
00103015,고려제약(주),014570,K,212,1344110001840,1268104796,19800110,12,경기도 이천시  신둔면 원적로 69-10,2025,20260312000466,,False,False,중소,"3년 평균 매출 723억 ≤ 기준 800억, 자산 5,000억 미만",별도,800,62508834676.0,72295080861.0,94318455095.0,,,,False,,,,,비해당,,,비해당,,비대상,,0,0,0,0,0,0,0,False,비대상,,,비대상
00113128,대한약품공업(주),023910,K,212,1101110080484,1078134737,19630511,12,서울특별시 영등포구 선유로45길 3,2025,20260318001361,,False,False,중견,"3년 평균 매출 2,029억 > 기준 800억",별도,800,208614118262.0,202906819158.0,347663382169.0,,,,True,I0500190188,대한약품공업(주),21210,,비해당,,,비해당,,비대상,True,0,0,0,0,0,0,0,False,비대상,,,비대상
00114686,(주)동구바이오제약,006620,K,212,1101110352156,1138103336,19830701,12,"서울특별시 송파구 법원로 114, B동 14층",2025,20260625000520,,False,False,중견,"3년 평균 매출 2,310억 > 기준 800억",별도,800,230580104422.0,230994908136.0,329956532101.0,242687805574.0,235882990045.0,336349564434.0,False,,,,,비해당,,,비해당,,비대상,True,0,0,0,0,0,0,1,False,비대상,,,비대상
00114808,동국제약(주),086450,K,212,1101110094477,1208122608,19681015,12,서울특별시 강남구 영동대로 715 동국제약 청담빌딩,2025,20260312001256,,False,False,중견,"3년 평균 매출 6,899억 > 기준 800억, 자산 8,371억 ≥ 5,000억",별도,800,766904458040.0,689913755916.0,837131633937.0,926883701823.0,823347790734.0,1062896288305.0,False,,,,,비해당,,,비해당,,비대상,True,0,0,0,0,0,0,11,False,비대상,,,비대상
00540863,(주)글로벌스탠다드테크놀로지,083450,K,29271,1313110038864,1258139609,20011012,12,경기도 화성시 동탄면 동탄산단6길 15-13,2025,20260318001383,,False,False,중견,"3년 평균 매출 3,072억 > 기준 1,200억",별도,1200,337312845528.0,307181043324.0,345857112194.0,347158632861.0,316798943989.0,386310986387.0,False,,,,,비해당,,,비해당,,비대상,True,0,0,0,0,0,0,6,False,비대상,,,비대상
00156488,(주)휴스틸,005010,Y,2413,1101110077283,1078111563,19670418,12,"서울특별시 강남구  테헤란로 512 (대치동, 신안빌딩 14층)",2025,20260602000398,,False,False,중견,"3년 평균 매출 5,384억 > 기준 1,800억, 자산 11,170억 ≥ 5,000억",별도,1800,461857122739.0,538419186586.0,1116999801011.0,612490282785.0,700133417980.0,1372404760518.0,False,,,,,해당,철강,원재료,비해당,,1차(2027),True,0,0,0,0,0,0,0,False,1차(2027),,,1차(2027)
00614478,(주)휴메딕스,200670,K,212,1101112727141,2048176343,20030227,12,경기도 성남시 수정구 창업로 17 판교 아이스퀘어 A동 6층 603호,2025,20260320000801,,False,False,중견,"3년 평균 매출 1,614억 > 기준 800억",별도,800,170052787103.0,161399851367.0,323638814179.0,,,,False,,,,,비해당,,,비해당,,비대상,True,0,0,0,0,0,0,15,False,비대상,,,비대상
00656289,코스맥스엔비티(주),222040,K,108,1101112407470,2148701803,20020102,12,"경기도 성남시 분당구 판교로256번길 25 GB2빌딩 6층 (삼평동,제C동)",2025,20260330000011,,False,False,중견,"3년 평균 매출 2,140억 > 기준 1,200억",별도,1200,206940425100.0,213980987124.0,300356006620.0,287479069571.0,313031762706.0,282958913247.0,False,,,,,비해당,,,비해당,,비대상,True,0,0,0,0,0,0,1,False,비대상,,,비대상
00106614,기신정기(주),092440,Y,29293,1201110046476,1398116717,19881101,03,"인천광역시 남동구  은봉로 111 49동 1호(논현동, 남동공단)",2025,20250612000335,,False,False,중소,"3년 평균 매출 1,195억 ≤ 기준 1,200억, 자산 5,000억 미만",별도,1200,108912089975.0,119451995408.0,248533255058.0,131315525932.0,137872290671.0,264383143974.0,False,,,,,비해당,,,비해당,,비대상,,0,0,0,0,0,0,0,False,비대상,,,비대상
01663569,(주)하스,450330,K,21309,1748110047195,5158133943,20080104,12,강원특별자치도 강릉시 과학단지로 77-14 하스 본사,2025,20260319001303,,False,False,중소,"3년 평균 매출 153억 ≤ 기준 800억, 자산 5,000억 미만",별도,800,15640810407.0,15323873695.0,55825977027.0,16590608547.0,16264768327.0,54853671500.0,False,,,,,비해당,,,비해당,,비대상,,0,0,0,0,0,0,0,False,비대상,,,비대상
01110182,(주)에스씨엘사이언스,246960,K,213,1101114327915,1078734817,20100419,12,서울특별시 영등포구 선유로13길 25 에이스하이테크시티 2차 1209호,2025,20260515001783,,False,False,중소,"3년 평균 매출 72억 ≤ 기준 800억, 자산 5,000억 미만",별도,800,15564429015.0,7198308537.0,57784159305.0,22010565275.0,9356595074.0,79924144585.0,False,,,,,비해당,,,비해당,,비대상,,0,0,0,0,0,0,0,False,비대상,,,비대상
00122551,(주)백산,035150,Y,22214,1147110003729,1338123001,19861006,12,경기도 시흥시 공단1대로27번길 47,2025,20260319000754,,False,False,중견,"3년 평균 매출 2,479억 > 기준 1,200억",별도,1200,271375977154.0,247915165566.0,313159160832.0,504921990788.0,473200465976.0,446657454582.0,False,,,,,비해당,,,비해당,,비대상,True,0,0,0,0,0,0,8,False,비대상,,,비대상
00139205,안국약품(주),001540,K,212,1101110026420,1188104188,19590212,12,경기도 과천시 과천대로7길 12 (갈현동) 프리즘스퀘어2 A동,2025,20260318000992,,False,False,중견,"3년 평균 매출 2,579억 > 기준 800억",별도,800,293315716919.0,257888960455.0,295953527332.0,306873904373.0,270555107273.0,310952617469.0,False,,,,,비해당,,,비해당,,비대상,True,0,0,0,0,0,0,0,False,비대상,,,비대상
00534598,주식회사 한컴라이프케어,372910,Y,27199,1345110021549,1358121955,19711221,12,경기도 용인시 처인구 양지면 중부대로1960번길 53,2025,20260317000861,,False,False,중견,3년 평균 매출 992억 > 기준 800억,별도,800,87677787640.0,99238857338.0,207072385753.0,92088469654.0,103214870303.0,203628184111.0,False,,,,,비해당,,,일부해당,의료기기(일부),2차 후보(확인 필요),True,0,0,0,1,0,0,2,True,2차 후보(확인 필요),,,2차 후보-약
00123718,부광약품(주),003000,Y,212,1101110030405,1188100450,19601017,12,서울특별시 동작구  대방동1길 47,2025,20260316001273,오씨아이,True,False,대기업,상호출자제한기업집단 소속,별도,800,167276051115.0,150019845651.0,468028864394.0,200714183691.0,162243098190.0,476294610331.0,False,,,,,비해당,,,비해당,,비대상,,0,0,0,0,0,0,0,False,비대상,,,비대상
00126414,삼성제약(주),001360,Y,212,1101110032568,2078100726,19290815,12,경기도 화성시 향남읍 제약공단4길 10 -,2025,20260318001547,,False,False,중소,"3년 평균 매출 474억 ≤ 기준 800억, 자산 5,000억 미만",별도,800,46074379551.0,47441216179.0,167437187130.0,,,,False,,,,,비해당,,,비해당,,비대상,,0,0,0,0,0,0,0,False,비대상,,,비대상
00126788,삼아제약(주),009300,K,212,1341110000765,1388105823,19731004,12,강원도 원주시 문막읍 동화공단로 49,2025,20260422000199,,False,False,중견,3년 평균 매출 902억 > 기준 800억,별도,800,77799035965.0,90197015848.0,246953513712.0,77799035965.0,90197015848.0,247044687258.0,False,,,,,비해당,,,비해당,,비대상,True,0,0,0,0,0,0,1,False,비대상,,,비대상
00136448,신신제약(주),002800,K,212,1101110027353,1188104136,19590909,12,세종특별자치시  소정면 소정산단동로 9 -,2025,20260318001364,,False,False,중견,"3년 평균 매출 1,072억 > 기준 800억",별도,800,113227227306.0,107169460122.0,137361533104.0,113778253746.0,107583899657.0,137497263987.0,False,,,,,비해당,,,비해당,,비대상,True,0,0,0,0,0,0,2,False,비대상,,,비대상
00137058,신일제약(주),012790,K,212,1152110000790,3038113742,19771216,12,충북 충주시 앙성면 본평리 산 5-1,2025,20260318001104,,False,False,중견,3년 평균 매출 864억 > 기준 800억,별도,800,80563639511.0,86379769266.0,169488875383.0,,,,False,,,,,비해당,,,비해당,,비대상,True,0,0,0,0,0,0,0,False,비대상,,,비대상
00141149,영진약품(주),003520,Y,212,1101110043127,2188100352,19620716,12,서울특별시 송파구 올림픽로35다길 13 국민연금 잠실사옥 2~3층,2025,20260312000801,케이티앤지,True,False,대기업,상호출자제한기업집단 소속,별도,800,254255894053.0,247066194333.0,262384700788.0,,,,False,,,,,비해당,,,비해당,,비대상,,0,0,0,0,0,0,0,False,비대상,,,비대상
00144818,(주)유유제약,000220,Y,212,1341110002307,1238101790,19410228,12,충청북도 제천시  바이오밸리1로 94,2025,20260318001501,,False,False,중견,3년 평균 매출 973억 > 기준 800억,별도,800,96720963639.0,97266588392.0,169493294846.0,140884666972.0,137080491242.0,207223189486.0,False,,,,,비해당,,,비해당,,비대상,True,0,0,0,0,0,0,7,False,비대상,,,비대상
00158963,한국유나이티드제약(주),033270,Y,212,1342110002769,3078105244,19871203,12,세종특별자치시 전동면 노장리 404-10,2025,20260319001196,,False,False,중견,"3년 평균 매출 2,855억 > 기준 800억, 자산 5,195억 ≥ 5,000억",별도,800,288764867640.0,285471631365.0,519491695617.0,,,,False,,,,,비해당,,,비해당,,비대상,True,0,0,0,0,0,0,2,False,비대상,,,비대상
00161046,(주)한독,002390,Y,212,1101110037005,2208100530,19540701,12,서울특별시 강남구  테헤란로 132,2025,20260318000762,,False,False,중견,"3년 평균 매출 5,132억 > 기준 800억, 자산 8,509억 ≥ 5,000억",별도,800,520261293469.0,513176389283.0,850926765888.0,535137855367.0,521745754733.0,790750159507.0,False,,,,,비해당,,,비해당,,비대상,True,0,0,0,0,0,0,6,False,비대상,,,비대상
00167192,(주)넥센,005720,Y,221,1846110000583,6188115827,19680910,12,경상남도 김해시  김해대로 2595,2025,20260318000932,,False,False,중견,"3년 평균 매출 5,219억 > 기준 1,200억, 자산 8,203억 ≥ 5,000억",별도,1200,580785146202.0,521920989164.0,820281717516.0,3586518022664.0,3278961294063.0,5611910810908.0,False,,,,,비해당,,,비해당,,비대상,True,0,0,0,3,0,0,32,True,비대상,,,비대상
00854997,에스디바이오센서(주),137310,Y,27112,1358110191121,1358613315,20101227,12,"경기도 수원시 영통구 덕영대로1556번길 16 씨동 4층, 5층",2025,20260318001064,,False,False,중견,"3년 평균 매출 2,851억 > 기준 800억, 자산 24,850억 ≥ 5,000억",별도,800,287945884665.0,285111667435.0,2485048176906.0,710580825154.0,686943711218.0,3242719829223.0,False,,,,,비해당,,,비해당,,비대상,True,0,0,0,0,0,0,7,False,비대상,,,비대상
00157399,한솔테크닉스(주),004710,Y,26299,1101110004682,1208153945,19660820,12,서울특별시 중구 을지로 100,2025,20260311004024,한솔,False,False,중견,공시대상기업집단 소속(중소 제외),별도,1000,549743934298.0,613187533802.0,595540432730.0,1252424760923.0,1251529001478.0,996025406733.0,False,,,,,비해당,,,비해당,,비대상,True,0,0,0,0,0,0,7,False,비대상,,,비대상
00164706,현대약품(주),004310,Y,212,1243110000250,1308100988,19650716,11,충청남도 천안시 동남구  풍세면 잔다리길 55,2025,20260213002543,,False,False,중견,"3년 평균 매출 1,828억 > 기준 800억",별도,800,191790079025.0,182762745759.0,163215645432.0,,,,False,,,,,비해당,,,비해당,,비대상,True,0,0,0,0,0,0,2,False,비대상,,,비대상
00166573,환인제약(주),016580,Y,212,1101110339542,2158136171,19821216,12,"서울특별시 송파구 법원로6길 11 (문정동, 환인빌딩)",2025,20260312001200,,False,False,중견,"3년 평균 매출 2,470억 > 기준 800억",별도,800,254712339808.0,246974878874.0,478171257573.0,255214382356.0,248401331030.0,478890741418.0,False,,,,,비해당,,,비해당,,비대상,True,0,0,0,0,0,0,0,False,비대상,,,비대상
00210740,대화제약(주),067080,K,212,2111110001529,1338122322,19890119,12,강원도 횡성군  횡성읍 한우로 495,2025,20260323000941,,False,False,중견,"3년 평균 매출 1,080억 > 기준 800억",별도,800,105285195987.0,107977994529.0,191219694951.0,143060002187.0,144609476592.0,210863255709.0,False,,,,,비해당,,,비해당,,비대상,True,0,0,0,0,0,0,41,False,비대상,,,비대상
00216027,(주)바이넥스,053030,K,212,1801110058742,6038107005,19850605,12,부산광역시 사하구 다대로 368-3,2025,20260313001124,,False,False,중견,"3년 평균 매출 1,511억 > 기준 800억",별도,800,168474906148.0,151115172400.0,311018450406.0,168474906148.0,151116742427.0,311423000761.0,False,,,,,비해당,,,비해당,,비대상,True,0,0,0,0,0,0,2,False,비대상,,,비대상
00231831,조아제약(주),034940,K,212,1943110004498,6088124071,19960315,12,"서울특별시 영등포구 당산로2길 12 에이스테크노타워 101호(문래동3가, 에이스테크노타워1층)",2025,20260313000763,,False,False,중소,"3년 평균 매출 602억 ≤ 기준 800억, 자산 5,000억 미만",별도,800,58008647597.0,60204782166.0,62847705699.0,59310981915.0,61659489709.0,64683059314.0,False,,,,,비해당,,,비해당,,비대상,,0,0,0,0,0,0,0,False,비대상,,,비대상
00256043,(주)비씨월드제약,200780,K,212,1243110005515,1398111269,19800319,12,경기도 여주시 가남읍 여주남로 872-23,2025,20260313001254,,False,False,중소,"3년 평균 매출 678억 ≤ 기준 800억, 자산 5,000억 미만",별도,800,67515917435.0,67789335286.0,149264754471.0,75799976796.0,75241671466.0,176801274862.0,False,,,,,비해당,,,비해당,,비대상,,0,0,0,0,0,0,0,False,비대상,,,비대상
00541349,(주)셀트리온제약,068760,K,212,1101112112764,2148671641,20001117,12,충청북도 청주시 청원구 오창읍 2산단로 82셀트리온제약,2025,20260316001332,셀트리온,True,False,대기업,상호출자제한기업집단 소속,별도,800,536400308882.0,467676650714.0,759440541950.0,,,,False,,,,,비해당,,,비해당,,비대상,,0,0,0,0,0,0,0,False,비대상,,,비대상
00765851,위더스제약(주),330350,K,212,1101113069534,2148763871,20040819,12,서울특별시 서초구 동산로12길 9,2025,20260318000724,,False,False,중견,3년 평균 매출 964억 > 기준 800억,별도,800,106444236309.0,96428491009.0,136644571623.0,,,,False,,,,,비해당,,,비해당,,비대상,True,0,0,0,0,0,0,0,False,비대상,,,비대상
00937324,한국타이어앤테크놀로지(주),161390,Y,221,1101114952093,2208843431,20120901,12,경기도 성남시 분당구 판교로 286 -,2025,20260318000959,한국앤컴퍼니그룹(舊 한국타이어),True,False,대기업,상호출자제한기업집단 소속,별도,1200,3648437885609.0,3323993461487.0,8857117175008.0,21202299462815.0,13184622955106.0,26647188444916.0,True,I0500100066,한국타이어앤테크놀로지(주),22111,,비해당,,,비해당,,비대상,,0,0,0,0,0,0,0,False,비대상,,,비대상
00446901,코칩(주),126730,K,2629,1101111049794,1068148878,19940623,12,경기도 안양시 만안구 만안로 359,2025,20260327000999,,False,False,중소,"3년 평균 매출 352억 ≤ 기준 1,000억, 자산 5,000억 미만",별도,1000,39289053098.0,35190845484.0,66954890629.0,38284849477.0,34856110944.0,67199484026.0,False,,,,,비해당,,,비해당,,비대상,,0,0,0,0,0,0,0,False,비대상,,,비대상
00992871,(주)종근당,185750,Y,212,1101115260669,1108608069,20131105,12,서울 서대문구 충정로3가 3가 368 종근당빌딩,2025,20260318001376,,False,False,중견,"3년 평균 매출 16,301억 > 기준 800억, 자산 17,869억 ≥ 5,000억",별도,800,1681192200410.0,1630059073453.0,1786937713807.0,1692403987134.0,1649413073844.0,1800298497462.0,False,,,,,비해당,,,비해당,,비대상,True,0,0,0,0,0,0,10,False,비대상,,,비대상
01012066,에이치케이이노엔 주식회사,195940,K,212,1101115379692,2018638914,20140401,12,충청북도 청주시 흥덕구 오송읍 오송생명2로 239 에이치케이이노엔(주) 오송공장,2025,20260318000705,한국콜마,False,False,중견,공시대상기업집단 소속(중소 제외),별도,800,1063151055391.0,929733734465.0,2096931315991.0,,,,False,,,,,비해당,,,비해당,,비대상,True,0,0,0,0,0,0,3,False,비대상,,,비대상
00109310,대동기어(주),008830,K,292,1911110000758,6198103305,19730529,12,경상남도 사천시  사남면 공단1로 42 (주)대동기어,2025,20260317000606,,False,False,중견,"3년 평균 매출 2,531억 > 기준 1,200억",별도,1200,220939401126.0,253077973536.0,269547086319.0,,,,False,,,,,비해당,,,일부해당,건설·광업 기계/농기계/산업용 로봇/석재 가공기(일부)/주조·야금 기계,2차 후보(확인 필요),True,0,0,13,0,0,0,1,True,2차 후보(확인 필요),,,2차 후보(확인 필요)
00128111,(주)포스코엠텍,009520,K,24199,1746110000866,5068100055,19731227,12,경상북도 포항시 남구  형산강북로 131 포스코엠텍,2025,20260318000807,포스코,True,False,대기업,상호출자제한기업집단 소속,별도,1800,357432185147.0,348490236933.0,155201620131.0,,,,False,,,,,해당,철강,원재료,비해당,,1차(2027),,0,0,0,0,0,0,0,False,1차(2027),,,1차(2027)
00130763,서울반도체(주),046890,K,2612,1101110522436,1128113675,19870305,12,경기도 안산시 단원구 산단로 163번길 97-11,2025,20260319000003,,False,False,중견,"3년 평균 매출 8,265억 > 기준 1,000억, 자산 7,672억 ≥ 5,000억",별도,1000,756089894386.0,826453104964.0,767152781626.0,1013523607401.0,1045463354697.0,1103260274069.0,False,,,,,비해당,,,비해당,,비대상,True,0,0,0,0,0,0,9,False,비대상,,,비대상
00153375,(주)태광,023160,K,2413,1801110045559,6038107233,19820901,12,부산광역시 강서구  녹산산업대로 117-12,2025,20260320000407,,False,False,중견,"3년 평균 매출 2,562억 > 기준 1,800억, 자산 6,734억 ≥ 5,000억",별도,1800,265617235360.0,256200604094.0,673393069676.0,296965688227.0,291947715957.0,740815619979.0,False,,,,,해당,철강,원재료,비해당,,1차(2027),True,0,0,0,0,0,0,8,False,1차(2027),,,1차(2027)
00589127,(주)케이이씨,092220,Y,2612,1101113525750,1198191880,20060912,12,서울특별시 서초구  마방로10길 5,2025,20260319000580,,False,False,중견,"3년 평균 매출 2,172억 > 기준 1,000억",별도,1000,219393654621.0,217165979847.0,488404731567.0,229616634285.0,226573942424.0,448923235931.0,True,I1100100028,(주)케이이씨,26129,,비해당,,,비해당,,비대상,True,0,0,0,0,0,0,0,False,비대상,,,비대상
01009789,코스맥스(주),192820,Y,20423,1348110294273,1438119635,20140303,12,"경기도 화성시  향남읍 제약공단1길 27, 2길 46",2025,20260318000694,,False,False,중견,"3년 평균 매출 13,139억 > 기준 1,200억, 자산 13,649억 ≥ 5,000억",별도,1200,1526414620755.0,1313870595208.0,1364939447652.0,2398757972848.0,2114114019303.0,2125418400005.0,False,,,,,비해당,,,비해당,,비대상,True,0,0,0,0,0,0,3,False,비대상,,,비대상
01412725,두산퓨얼셀 주식회사,336260,Y,28111,2149110058935,7738801177,20191001,12,전라북도 익산시 석암로7길 100 (팔봉동),2025,20260318001264,두산,True,False,대기업,상호출자제한기업집단 소속,별도,1800,454852507957.0,375856368679.0,1201875277326.0,454794706613.0,375821533675.0,1198423425943.0,False,,,,,비해당,,,해당,전동기·변압기,2차(2028),,0,0,0,0,0,0,0,False,2차(2028),,,2차(2028)
00488402,서울바이오시스(주),092190,K,2612,1350110122156,1348178872,20020125,12,경기도 안산시 단원구 산단로163번길 65-16 (원시동),2025,20260318001624,,False,False,중견,"3년 평균 매출 2,067억 > 기준 1,000억",별도,1000,257076779691.0,206708060246.0,281600014791.0,763809147116.0,655667572801.0,717773205486.0,True,I1100120042,서울바이오시스(주),26121,,비해당,,,비해당,,비대상,True,0,0,0,0,0,0,2,False,비대상,,,비대상
00668965,(주)지오엘리먼트,311320,K,262,1313110059571,1258157795,20050503,12,경기도 안성시 금석3길 30,2025,20260319000153,,False,False,중소,"3년 평균 매출 269억 ≤ 기준 1,000억, 자산 5,000억 미만",별도,1000,32560148098.0,26876863217.0,65003850072.0,54623538260.0,39070633567.0,76804567328.0,False,,,,,비해당,,,비해당,,비대상,,0,0,0,0,0,0,0,False,비대상,,,비대상
00249894,(주)테라젠이텍스,066700,K,212,1101110724107,1338122943,19900927,12,경기도 안산시 단원구 산단로 68번길 58(초지동),2025,20260319001163,,False,False,중견,"3년 평균 매출 1,493억 > 기준 800억",별도,800,172140078543.0,149349940345.0,181133543638.0,271589661726.0,245895053393.0,257628373553.0,False,,,,,비해당,,,비해당,,비대상,True,0,0,0,0,0,0,1,False,비대상,,,비대상
00184889,(주)이건홀딩스,039020,K,161,1301110028935,1348101053,19880414,12,인천 남구 도화동 967-3,2025,20260318001617,,False,True,중소,"3년 평균 매출 70억 ≤ 기준 1,000억, 자산 5,000억 미만",별도,1000,6939748604.0,7003155692.0,209358058307.0,447114517033.0,467667984218.0,734413820920.0,False,,,,,비해당,,,비해당,,비대상,,0,0,0,0,0,0,0,False,비대상,,,비대상
00899556,제룡산업(주),147830,K,251,1101114722917,2068658555,20111104,12,서울특별시 광진구  아차산로 628 (광장동),2025,20260316000423,,False,False,중소,"3년 평균 매출 360억 ≤ 기준 1,200억, 자산 5,000억 미만",별도,1200,37923882483.0,36049344739.0,96049264525.0,,,,False,,,,,일부해당,구조물/탱크·용기,,비해당,,2차 후보(확인 필요),,0,0,0,0,0,0,0,False,2차 후보(확인 필요),,,2차 후보(확인 필요)
00122481,(주)태경비케이,014580,Y,23312,1101110301111,1098127101,19800122,12,서울특별시 강서구  공항대로 467 (등촌동),2025,20260319000934,,False,False,중견,"3년 평균 매출 2,268억 > 기준 800억",별도,800,219451249151.0,226782074376.0,311505287154.0,385942613685.0,329566523095.0,626041034698.0,True,I0700100008,주식회사 태경비케이,23312,,비해당,,,비해당,,비대상,True,0,0,0,0,0,0,0,False,비대상,,,비대상
01274329,성일하이텍 주식회사,365340,K,201,2111110049793,5208800609,20170329,12,전북특별자치도 군산시 새만금북로 122 -,2025,20260602000219,,False,False,중견,"3년 평균 매출 1,742억 > 기준 1,200억, 자산 6,054억 ≥ 5,000억",별도,1200,186268601136.0,174201425397.0,605418112655.0,194629131476.0,192737310302.0,720705308067.0,True,I0900230058,성일하이텍(주),24219,업종 대분류 불일치(확인 필요),비해당,,,비해당,,비대상,True,0,3,0,0,0,0,13,False,비대상,,,비대상
00162072,한신기계공업(주),011700,Y,29132,1301110010346,1348103309,19761123,12,경기도 안산시 단원구  해봉로330번길 23 신길동,2025,20260319001391,,False,False,중소,"3년 평균 매출 573억 ≤ 기준 1,200억, 자산 5,000억 미만",별도,1200,50507232118.0,57264371886.0,109940733619.0,52718857507.0,59019648997.0,120169071957.0,False,,,,,비해당,,,일부해당,엔진용·소형 펌프(일부),2차 후보(확인 필요),,0,0,0,0,0,0,0,False,2차 후보(확인 필요),,,2차 후보(확인 필요)
00121154,(주)엠에스씨,009780,K,108,1845110000147,6218109054,19740412,12,경남 양산시 웅상읍 소주리 439-13,2025,20260319000368,,False,False,중견,"3년 평균 매출 1,914억 > 기준 1,200억",별도,1200,196954996133.0,191366298440.0,272471392150.0,197662693140.0,192155949017.0,277193366709.0,True,F0010100021,(주)MSC,10749,,비해당,,,비해당,,비대상,True,0,0,0,0,0,0,0,False,비대상,,,비대상
00141307,(주)영풍,000670,Y,24213,1101110003824,2118111275,19491125,12,서울특별시 강남구  강남대로 542,2025,20260317000753,영풍,True,False,대기업,상호출자제한기업집단 소속,별도,1800,1192666327316.0,1264211859180.0,1969640774506.0,2908974321148.0,3152707103929.0,6002694219498.0,True,I0900100013,주식회사 영풍,24213,,비해당,,,비해당,,비대상,,0,0,0,0,0,0,0,False,비대상,,,비대상
00158219,시그네틱스(주),033170,K,2612,1101110070815,1098100780,19660912,12,경기도 파주시 탄현면 평화로 711,2025,20260319000661,영풍,True,False,대기업,상호출자제한기업집단 소속,별도,1000,103046699790.0,135560755009.0,107099058294.0,103046699790.0,135560755009.0,107129773768.0,True,I1100100017,시그네틱스(주),26111,,비해당,,,비해당,,비대상,,0,0,0,0,0,0,0,False,비대상,,,비대상
00157991,한국석유공업(주),004090,Y,23999,1101110048490,1068103639,19641211,12,서울특별시 용산구  이촌로 166,2025,20260319001351,,False,False,중견,"3년 평균 매출 3,700억 > 기준 800억",별도,800,369560363319.0,370002458551.0,365437177582.0,696926234873.0,701798806566.0,413045650887.0,False,,,,,비해당,,,비해당,,비대상,True,0,0,0,0,0,0,4,False,비대상,,,비대상
00262266,(주)삼현,437730,K,303,1901110012514,6098109210,19880901,12,경상남도 창원시 의창구 죽전로 45,2025,20260319000680,,False,False,중소,"3년 평균 매출 982억 ≤ 기준 1,200억, 자산 5,000억 미만",별도,1200,94591115131.0,98182834922.0,200365629944.0,95041722249.0,98446054774.0,202098988834.0,False,,,,,비해당,,,일부해당,기어박스(일부)/자동차 엔진 부품(일부)/자동차 차체 부품(일부)/휠·현가장치·라디에이터(일부),2차 후보(확인 필요),,0,0,0,0,0,0,0,False,2차 후보(확인 필요),,,2차 후보(확인 필요)
00175173,(주)오스템,031510,K,303,1615110006796,3128107773,19900307,12,충청남도 천안시 동남구 수신면 수신로 739,2025,20260319001031,,False,False,중소,"3년 평균 매출 1,186억 ≤ 기준 1,200억, 자산 5,000억 미만",별도,1200,104421047042.0,118592431481.0,121893530425.0,128548602017.0,132796443031.0,131602601080.0,False,,,,,비해당,,,일부해당,기어박스(일부)/자동차 엔진 부품(일부)/자동차 차체 부품(일부)/휠·현가장치·라디에이터(일부),2차 후보(확인 필요),,0,0,0,0,0,0,0,False,2차 후보(확인 필요),,,2차 후보(확인 필요)
00126779,삼아알미늄(주),006110,Y,24222,1341110002365,1238101882,19690625,12,경기도 평택시 포승읍 평택항로 92 삼아알미늄 주식회사,2025,20260318000860,,False,False,중견,"3년 평균 매출 2,216억 > 기준 1,800억",별도,1800,213039221815.0,221646761365.0,451649401404.0,271458652401.0,263738470161.0,452042872779.0,False,,,,,해당,알루미늄,원재료,비해당,,1차(2027),True,0,0,0,0,0,0,6,False,1차(2027),,,1차(2027)
00138516,아남전자(주),008700,Y,265,1201110018300,1228102613,19730420,12,서울특별시 구로구 디지털로27가길 27아남빌딩,2025,20260312001247,,False,False,중소,"3년 평균 매출 2억 ≤ 기준 1,000억, 자산 5,000억 미만",별도,1000,144710148.0,184691028.0,111463878.0,151351168.0,198806368.0,144149370.0,False,,,,,비해당,,,비해당,,비대상,,0,0,0,0,0,0,0,False,비대상,,,비대상
00191472,KPX케미칼(주),025000,Y,20119,1101110166903,1108133923,19740701,12,서울특별시 마포구  마포대로 137  KPX빌딩,2025,20260312001374,,False,False,중견,"3년 평균 매출 6,626억 > 기준 1,200억, 자산 7,946억 ≥ 5,000억",별도,1200,613426770079.0,662573475309.0,794644063715.0,808350805037.0,862680571322.0,875368968863.0,False,,,,,비해당,,,비해당,,비대상,True,0,0,0,0,0,0,1,False,비대상,,,비대상
00788773,(주)씨젠,096530,K,2130,1101112070334,1108147859,20000918,12,서울특별시 송파구 오금로 91(방이동) 7층,2025,20260319000422,,False,False,중견,"3년 평균 매출 3,056억 > 기준 800억, 자산 10,408억 ≥ 5,000억",별도,800,345322484874.0,305635942050.0,1040842273157.0,474231586051.0,418619456084.0,1235797418831.0,False,,,,,비해당,,,비해당,,비대상,True,0,0,0,0,0,0,24,False,비대상,,,비대상
01553129,주식회사 제이투케이바이오,420570,K,20423,1501110229589,6658600626,20161227,12,충청북도 청주시 청원구  오창읍 두릉유리로 50-3,2025,20260319000464,,False,False,중소,"3년 평균 매출 301억 ≤ 기준 1,200억, 자산 5,000억 미만",별도,1200,31077941562.0,30076755965.0,39017961389.0,32966351938.0,31522603317.0,38064178260.0,False,,,,,비해당,,,비해당,,비대상,,0,0,0,0,0,0,0,False,비대상,,,비대상
00105961,엘지이노텍(주),011070,Y,262,1101110192180,1058174316,19760224,12,서울특별시 강서구 마곡중앙10로 30 LG사이언스파크,2025,20260312001270,엘지,True,False,대기업,상호출자제한기업집단 소속,별도,1000,21596008000000.0,20882352333333.0,10190414000000.0,21896603000000.0,21234216000000.0,11930883000000.0,True,I1100100023,엘지이노텍 주식회사,26299,,비해당,,,비해당,,비대상,,0,0,0,0,0,0,0,False,비대상,,,비대상
00126478,삼성중공업(주),010140,Y,3111,1101110168595,1208152780,19740805,12,경기도 성남시 분당구 판교로227번길 23 삼성중공업 판교R&D센터,2025,20260312001037,삼성,True,False,대기업,상호출자제한기업집단 소속,별도,1200,10634952868811.0,9469876334412.0,14774688371138.0,10650010702818.0,9520839511463.0,14948871093928.0,True,I1300100002,삼성중공업 주식회사,31111,,비해당,,,비해당,,비대상,,0,0,0,0,0,0,0,False,비대상,,,비대상
00166519,화천기공(주),000850,Y,29223,2001110001704,4108100996,19771011,12,광주광역시 광산구 하남산단4번로 123-17 (장덕동) 화천기공(주),2025,20260318000857,,False,False,중견,"3년 평균 매출 1,921억 > 기준 1,200억",별도,1200,194713374468.0,192129191234.0,365991872642.0,221755533963.0,223225560745.0,420411492511.0,False,,,,,비해당,,,일부해당,석재 가공기(일부),2차 후보(확인 필요),True,0,0,0,0,0,0,19,False,2차 후보(확인 필요),,,2차 후보-약
01663116,㈜에어레인,163280,K,29175,1101112183963,2068155816,20010303,12,충청북도 청주시 흥덕구 옥산면 과학산업4로 151-5,2025,20260318000364,,False,False,중소,"3년 평균 매출 230억 ≤ 기준 1,200억, 자산 5,000억 미만",별도,1200,28075652732.0,22973162597.0,111357455381.0,,,,False,,,,,비해당,,,일부해당,냉동장비 부품·냉각탑(일부),2차 후보(확인 필요),,0,0,0,0,0,0,0,False,2차 후보(확인 필요),,,2차 후보(확인 필요)
00400121,(주)유아이디,069330,K,26211,1647110001608,3078102854,19900518,12,충청북도 청주시 흥덕구 대신로146번길 174 (송정동),2025,20260323001026,,False,False,중소,"3년 평균 매출 316억 ≤ 기준 1,000억, 자산 5,000억 미만",별도,1000,31005524689.0,31609836247.0,30301177263.0,49690517314.0,52072532354.0,45806496740.0,False,,,,,비해당,,,비해당,,비대상,,0,0,0,0,0,0,0,False,비대상,,,비대상
00819374,(주)나무가,190510,K,262,1311110126192,1298177736,20041014,12,경기도 성남시 분당구 대왕판교로 670 유스페이스2 B동 7층,2025,20260318000744,,False,False,중견,"3년 평균 매출 3,063억 > 기준 1,000억",별도,1000,345652437683.0,306291564573.0,212197559415.0,459879687266.0,425283974294.0,257388437426.0,False,,,,,비해당,,,비해당,,비대상,True,0,0,0,0,0,0,0,False,비대상,,,비대상
01109070,주식회사 비피도,238200,K,108,1101111787378,1198132746,19991012,12,강원도 홍천군 홍천읍 농공단지길 23-16,2025,20260311003760,,False,False,중소,"3년 평균 매출 160억 ≤ 기준 1,200억, 자산 5,000억 미만",별도,1200,18757505839.0,15994515795.0,62808434832.0,19678962044.0,16887773501.0,61302323713.0,False,,,,,비해당,,,비해당,,비대상,,0,0,0,0,0,0,0,False,비대상,,,비대상
00148470,제일일렉트릭(주),199820,K,28123,1801110037887,6038103203,19800822,12,부산광역시 사하구 을숙도대로 555,2025,20260323000869,,False,False,중소,"3년 평균 매출 1,549억 ≤ 기준 1,800억, 자산 5,000억 미만",별도,1800,154958390334.0,154855538869.0,215606571667.0,196035438223.0,175436077477.0,226556731052.0,False,,,,,비해당,,,비해당,,비대상,,0,0,0,0,0,0,0,False,비대상,,,비대상
00103006,고려제강(주),002240,Y,2411,1801110001220,6178100049,19450922,12,부산광역시 수영구 구락로 150,2025,20260319001226,,False,False,중견,"3년 평균 매출 5,398억 > 기준 1,800억, 자산 14,317억 ≥ 5,000억",별도,1800,562153886362.0,539806086905.0,1431709437643.0,1809183329321.0,1779223393860.0,2660051901199.0,True,I0800100004,고려제강(주),24122,,해당,철강,원재료,비해당,,1차(2027),True,1,0,0,0,0,0,7,False,1차(2027),,,1차(2027)
00113614,(주)대현,016090,Y,14112,1101110319320,2118119302,19820525,12,"서울특별시 강남구 언주로 619 (논현동, 대현그린타워)",2025,20260319001075,,False,False,중견,"3년 평균 매출 2,650억 > 기준 1,500억",별도,1500,240544349714.0,265044197624.0,314893056359.0,,,,False,,,,,비해당,,,비해당,,비대상,True,0,0,0,0,0,0,0,False,비대상,,,비대상
00525934,(주)엘엑스세미콘,108320,Y,2612,1601110089395,3148129147,19991111,12,대전광역시 유성구 테크노2로 222,2025,20260318001308,엘엑스,True,False,대기업,상호출자제한기업집단 소속,별도,1000,1639070665791.0,1802045726440.0,1386272395730.0,1639070665791.0,1802045726440.0,1399843476485.0,False,,,,,비해당,,,비해당,,비대상,,0,0,0,0,0,0,0,False,비대상,,,비대상
00146861,자화전자(주),033240,Y,26292,1501110005955,3018105474,19870201,12,충청북도 청원군  북이면 충청대로 1217,2025,20260318000870,,False,False,중견,"3년 평균 매출 6,306억 > 기준 1,000억, 자산 6,782억 ≥ 5,000억",별도,1000,791892619718.0,630612771687.0,678193152664.0,848919780257.0,677798204398.0,777823953224.0,False,,,,,비해당,,,비해당,,비대상,True,0,0,0,0,0,0,4,False,비대상,,,비대상
00317104,(주)라이온켐텍,171120,K,2049,1601110004947,3068104257,19821124,12,대전 대덕구 문평동 41-5,2025,20260313001028,,False,False,중소,"3년 평균 매출 987억 ≤ 기준 1,200억, 자산 5,000억 미만",별도,1200,90609765598.0,98722845311.0,151074695963.0,130272114072.0,134289063113.0,167114092836.0,False,,,,,비해당,,,비해당,,비대상,,0,0,0,0,0,0,0,False,비대상,,,비대상
00346610,(주)시지메드텍,056090,K,27192,1101111453648,2178113679,19970821,12,경기도 의정부시 산단로76번길 20 &nbsp,2025,20260320001211,,False,False,중소,"3년 평균 매출 255억 ≤ 기준 800억, 자산 5,000억 미만",별도,800,30054617452.0,25497692104.0,109213484029.0,47234945024.0,38942080819.0,114921636923.0,False,,,,,비해당,,,일부해당,의료기기(일부),2차 후보(확인 필요),,0,0,0,0,0,0,0,False,2차 후보(확인 필요),,,2차 후보-약
00372226,(주)티에스이,131290,K,27212,1615110017818,3128121630,19950831,12,충청남도 천안시 서북구 직산읍 군수1길 189 -,2025,20260318000738,,False,False,중견,"3년 평균 매출 2,228억 > 기준 800억",별도,800,311150388580.0,222841488906.0,440157071312.0,428900789083.0,342033895631.0,608025581215.0,False,,,,,비해당,,,일부해당,가스 분석기(일부),2차 후보(확인 필요),True,0,0,0,0,0,0,2,False,2차 후보(확인 필요),,,2차 후보-약
00852087,(주)시디즈,134790,Y,32029,1101114493344,2158748121,20101216,12,경기도 평택시 세교산단로 67-20 (주)시디즈,2025,20260319001086,,False,False,중견,"3년 평균 매출 1,995억 > 기준 1,500억",별도,1500,193979490389.0,199521887813.0,98505943319.0,195719724417.0,201421246926.0,97876438949.0,False,,,,,비해당,,,비해당,,비대상,True,0,0,0,0,0,0,17,False,비대상,,,비대상
00494476,(주)이녹스,088390,K,319,1346110018221,1258140130,20011108,12,충청남도 아산시 둔포면 아산밸리로 171,2025,20260318001598,,False,False,중소,"3년 평균 매출 196억 ≤ 기준 1,200억, 자산 5,000억 미만",별도,1200,22879032512.0,19583002465.0,268002949790.0,59112838075.0,58991673095.0,324060170859.0,False,,,,,비해당,,,비해당,,비대상,,0,0,0,0,0,0,0,False,비대상,,,비대상
00535481,에스와이(주),109610,K,25112,1301110064351,1248177032,20000929,12,"경기도 수원시 권선구 정조로 340-2 (권선동, 에스와이빌딩)",2025,20260722000434,,False,False,중견,"3년 평균 매출 3,721억 > 기준 1,200억",별도,1200,342919596684.0,372146814676.0,322274284422.0,501552720795.0,538743868754.0,477069152693.0,False,,,,,해당,구조물,가공품,비해당,,1차(2027),True,0,0,0,0,0,0,1,False,1차(2027),,,1차(2027)
00540447,(주)유니테스트,086390,K,29271,1311110047356,1298133266,20000321,12,경기도 용인시 기흥구  기곡로 27 (주)유니테스트,2025,20260319001022,,False,False,중소,"3년 평균 매출 1,106억 ≤ 기준 1,200억, 자산 5,000억 미만",별도,1200,100675688116.0,110568967385.0,146907265384.0,110195025305.0,123466176179.0,171297105950.0,False,,,,,비해당,,,비해당,,비대상,,0,0,0,0,0,0,0,False,비대상,,,비대상
01493793,주식회사 코셈,360350,K,27219,1601110226195,3148190680,20070613,12,대전광역시 유성구 테크노2로 199,2025,20260320001122,,False,False,중소,"3년 평균 매출 134억 ≤ 기준 800억, 자산 5,000억 미만",별도,800,12373709224.0,13402555785.0,21705286101.0,13390488732.0,13950050663.0,23140165226.0,False,,,,,비해당,,,일부해당,가스 분석기(일부),2차 후보(확인 필요),,0,0,0,0,0,0,0,False,2차 후보(확인 필요),,,2차 후보-약
01448544,(주)셀로맥스사이언스,471820,K,10897,1313110142300,1258627262,20141022,12,"경기도 용인시 기흥구 구성로 357 D동 710호 (청덕동, 용인테크노밸리)",2025,20260629000325,,False,False,중소,"3년 평균 매출 209억 ≤ 기준 1,200억, 자산 5,000억 미만",별도,1200,21670230136.0,20870029788.0,51004300119.0,22183949136.0,21041269454.0,50907958361.0,False,,,,,비해당,,,비해당,,비대상,,0,0,0,0,0,0,0,False,비대상,,,비대상
00169215,(주)에너토크,019990,K,29133,1101110530687,1288105641,19870516,12,경기도 여주군  능서면 능여로 344,2025,20260318000417,,False,False,중소,"3년 평균 매출 252억 ≤ 기준 1,200억, 자산 5,000억 미만",별도,1200,23521549768.0,25193989982.0,46089488553.0,23532183911.0,25212391306.0,45757894526.0,False,,,,,비해당,,,일부해당,엔진용·소형 펌프(일부),2차 후보(확인 필요),,0,0,0,0,0,0,0,False,2차 후보(확인 필요),,,2차 후보(확인 필요)
00187725,(주)코콤,015710,K,26410,1243110005359,1308105192,19800115,12,서울 강서구 염창동 260-7,2025,20260318001121,,False,False,중견,"3년 평균 매출 1,004억 > 기준 1,000억",별도,1000,95770916172.0,100417484157.0,150877041280.0,,,,False,,,,,비해당,,,비해당,,비대상,True,0,0,0,0,6,0,6,True,비대상,,,비대상
00131939,선도전기(주),007610,Y,28123,1301110007989,1348102431,19720122,12,경기도 안산시 단원구 시화벤처로 444 (성곡동),2025,20260319000984,,False,False,중소,"3년 평균 매출 332억 ≤ 기준 1,800억, 자산 5,000억 미만",별도,1800,38076480483.0,33158479681.0,71379922374.0,38170718483.0,34598875797.0,73687545160.0,False,,,,,비해당,,,비해당,,비대상,,0,0,0,0,0,0,0,False,비대상,,,비대상
00159573,한국주철관공업(주),000970,Y,24131,1801110000587,6038104347,19530427,12,부산광역시 사하구  을숙도대로 525,2025,20260814000666,,False,False,중소,"3년 평균 매출 1,269억 ≤ 기준 1,800억, 자산 5,000억 미만",별도,1800,119570203864.0,126935026136.0,331554763948.0,406620008497.0,427454201771.0,435616657290.0,True,I0800100027,한국주철관공업(주),24131,,해당,철강,원재료,비해당,,1차(2027),,0,0,0,0,0,0,0,False,1차(2027),,,1차(2027)
00129642,상신브레이크(주),041650,Y,303,1741110000527,5148103617,19750813,12,대구광역시 달성군 논공읍 논공중앙로33길 10,2025,20260318001187,,False,False,중견,"3년 평균 매출 3,959억 > 기준 1,200억",별도,1200,389018846221.0,395912562144.0,416173869843.0,542260553063.0,565435599686.0,557807152421.0,False,,,,,비해당,,,일부해당,기어박스(일부)/자동차 엔진 부품(일부)/자동차 차체 부품(일부)/휠·현가장치·라디에이터(일부),2차 후보(확인 필요),True,0,0,0,5,1,0,4,True,"2차(2028, 제품명 확인)",제외,"연구과제 문구, 주력은 제동장치 (목록 외)",2차 후보(확인 필요)
00573269,주식회사에스코넥,096630,K,26422,1311110045540,1298132103,20000111,12,경기도 광주시  오포읍 마루들길172번길 30,2025,20260625000380,,False,False,중소,"3년 평균 매출 578억 ≤ 기준 1,000억, 자산 5,000억 미만",별도,1000,45794250346.0,57843438902.0,97966805169.0,278688408641.0,279494755852.0,170621596074.0,False,,,,,비해당,,,비해당,,비대상,,0,0,0,0,0,0,0,False,비대상,,,비대상
01217795,엠에프씨(주),432980,K,21100,1314110209249,1348646389,20080307,12,경기도 화성시 마도면 청원산단7길 35(청원리 1453),2025,20260323000972,,False,False,중소,"3년 평균 매출 196억 ≤ 기준 800억, 자산 5,000억 미만",별도,800,20799543231.0,19571126966.0,35676109721.0,,,,False,,,,,비해당,,,비해당,,비대상,,0,0,0,0,0,0,0,False,비대상,,,비대상
01237540,(주)이녹스첨단소재,272290,K,2629,1648110105010,5018600680,20170601,12,충청남도 아산시 둔포면 아산밸리로 171,2025,20260318001197,,False,False,중견,"3년 평균 매출 3,855억 > 기준 1,000억, 자산 8,800억 ≥ 5,000억",별도,1000,397080900924.0,385488347934.0,880004632245.0,439633940622.0,416481947395.0,1087951647205.0,True,I1100180103,(주)이녹스첨단소재,26299,,비해당,,,비해당,,비대상,True,0,0,0,0,0,0,0,False,비대상,,,비대상
00367604,(주)에스엠라이프디자인그룹,063440,K,182,1101111626063,1138150713,19981229,12,경기도 파주시 직지길 376,2025,20260316000473,카카오,True,False,대기업,상호출자제한기업집단 소속,별도,800,52655408110.0,47944245980.0,71728024271.0,53324973138.0,48474620707.0,73466958918.0,False,,,,,비해당,,,비해당,,비대상,,0,0,0,0,0,0,0,False,비대상,,,비대상
00125743,현대비앤지스틸(주),004560,Y,24122,1101110065395,1208128432,19660407,12,경상남도 창원시 성산구  적현로 124,2025,20260316001374,현대자동차,True,False,대기업,상호출자제한기업집단 소속,별도,1800,739197686220.0,859029495667.0,710994994030.0,741250134001.0,860643939106.0,713203530639.0,True,I0800100012,현대비앤지스틸(주),24122,,해당,철강,원재료,비해당,,1차(2027),,0,0,0,0,0,0,0,False,1차(2027),,,1차(2027)
01027828,(주)퓨릿,445180,K,20119,1101114253681,1208749365,20100104,12,경상북도 경주시 안강읍 사박길 21 주식회사 퓨릿,2025,20260312000650,,False,False,중견,"3년 평균 매출 1,285억 > 기준 1,200억",별도,1200,142546874717.0,128514311391.0,122751699678.0,,,,False,,,,,비해당,,,비해당,,비대상,True,0,0,0,0,0,0,0,False,비대상,,,비대상
01025644,주식회사 강스템바이오텍,217730,K,211,1101114461002,1198634832,20101029,12,서울특별시 강남구 테헤란로 522 홍우빌딩 9층,2025,20260320001396,,False,False,중소,"3년 평균 매출 57억 ≤ 기준 800억, 자산 5,000억 미만",별도,800,3572463936.0,5743651584.0,70557922327.0,3572463936.0,8007462919.0,81493316993.0,False,,,,,비해당,,,비해당,,비대상,,0,0,0,0,0,0,0,False,비대상,,,비대상
00475985,(주)시너지이노베이션,048870,K,271,1101111530959,1208179246,19980402,12,"경기도 성남시 중원구 사기막골로 52 5층(상대원동, 선텍시티2)",2025,20260319001269,,False,False,중소,"3년 평균 매출 201억 ≤ 기준 800억, 자산 5,000억 미만",별도,800,21276161561.0,20072663293.0,188287008618.0,113050025181.0,95623342732.0,336885342158.0,False,,,,,비해당,,,일부해당,의료기기(일부),2차 후보(확인 필요),,0,0,0,0,0,0,0,False,2차 후보(확인 필요),,,2차 후보-약
00138598,아비코전자(주),036010,K,26293,1311110000718,1298100692,19731019,12,경기도 성남시 중원구  둔촌대로388번길 31,2025,20260316000805,,False,False,중소,"3년 평균 매출 564억 ≤ 기준 1,000억, 자산 5,000억 미만",별도,1000,62015136717.0,56381885738.0,128856833672.0,133852502966.0,126604108732.0,152985921922.0,False,,,,,비해당,,,비해당,,비대상,,0,0,0,0,0,0,0,False,비대상,,,비대상
01118281,(주)피플바이오,304840,K,213,1101112606171,2148718925,20020909,12,"경기도 성남시 분당구 판교로 242, 판교디지털센터 C동 7층",2025,20260407003703,,False,False,중소,"3년 평균 매출 32억 ≤ 기준 800억, 자산 5,000억 미만",별도,800,2850535918.0,3206894026.0,43582547811.0,2850535918.0,3278006270.0,44571639934.0,False,,,,,비해당,,,비해당,,비대상,,0,0,0,0,0,0,0,False,비대상,,,비대상
01071944,(주)미래생명자원,218150,K,109,1101115687615,4928800056,20150406,12,"서울특별시 송파구 법원로9길 26 D동 506 ~ 512호(문정동, H business PARK)",2025,20260318001301,,False,False,중소,"3년 평균 매출 472억 ≤ 기준 1,200억, 자산 5,000억 미만",별도,1200,48788596806.0,47242802170.0,46556249658.0,67554559835.0,63341247108.0,58963721591.0,False,,,,,비해당,,,비해당,,비대상,,0,0,0,0,0,0,0,False,비대상,,,비대상
01335143,주식회사 로킷헬스케어,376900,K,21309,1101114780072,1198651995,20120120,12,"서울특별시 금천구 디지털로10길 9, 12층",2025,20260731000634,,False,False,중소,"3년 평균 매출 89억 ≤ 기준 800억, 자산 5,000억 미만",별도,800,13386314102.0,8865512686.0,47220954238.0,26247011691.0,17258605054.0,55028692350.0,False,,,,,비해당,,,비해당,,비대상,,0,0,0,0,0,0,0,False,비대상,,,비대상
00814582,(주)탑런토탈솔루션,336680,K,262,1760110037504,5138133516,20040524,12,경상북도 구미시 옥계2공단로 46-14,2025,20260421000082,,False,False,중견,"3년 평균 매출 1,306억 > 기준 1,000억",별도,1000,150689233913.0,130553262405.0,306633357098.0,550111118017.0,527880894888.0,557067806637.0,False,,,,,비해당,,,비해당,,비대상,True,0,0,0,0,0,0,1,False,비대상,,,비대상
01760738,OCI(주),456040,Y,20129,1101118626793,3288802675,20230502,12,서울특별시 중구 소공로 94 OCI빌딩,2025,20260313000943,오씨아이,True,False,대기업,상호출자제한기업집단 소속,별도,1200,1794178493000.0,1690907279000.0,2114755969000.0,2009429144000.0,1837846811667.0,2275774798000.0,True,E2011230001,오씨아이주식회사,20119,,비해당,,,비해당,,비대상,,0,0,0,0,0,0,0,False,비대상,,,비대상
00148461,제일연마공업(주),001560,Y,23992,1801110021806,5068107010,19741227,12,경상북도 포항시 남구 대송로101번길 34(장흥동),2025,20260318000296,,False,False,중소,"3년 평균 매출 715억 ≤ 기준 800억, 자산 5,000억 미만",별도,800,68573237569.0,71462700830.0,96109353294.0,78898942508.0,82037484252.0,121234213232.0,False,,,,,비해당,,,비해당,,비대상,,0,0,0,0,0,0,0,False,비대상,,,비대상
00385363,(주)빅텍,065450,K,27211,1341110048674,1238139826,19960109,12,인천광역시 연수구 연구단지로55번길 25 -,2025,20260318000629,,False,False,중소,"3년 평균 매출 698억 ≤ 기준 800억, 자산 5,000억 미만",별도,800,82947173421.0,69788106560.0,126531007748.0,82956728421.0,69791291560.0,126231673412.0,False,,,,,비해당,,,일부해당,가스 분석기(일부),2차 후보(확인 필요),,0,0,0,0,0,0,0,False,2차 후보(확인 필요),,,2차 후보-약
00119195,동화약품(주),000020,Y,212,1101110043870,1108100102,18970925,12,서울특별시 중구 서소문로9길 20 -,2025,20260318001027,,False,False,중견,"3년 평균 매출 3,625억 > 기준 800억, 자산 5,738억 ≥ 5,000억",별도,800,388660153296.0,362530839441.0,573789971875.0,496394309778.0,440792535677.0,642168098413.0,False,,,,,비해당,,,비해당,,비대상,True,0,0,0,0,0,0,0,False,비대상,,,비대상
00914341,(주)아이티켐,309710,K,21100,1801110520973,6178156392,20050526,12,충청북도 청주시 청원구 오창읍 양청송대길 231,2025,20260407003281,,False,False,중소,"3년 평균 매출 499억 ≤ 기준 800억, 자산 5,000억 미만",별도,800,57152225641.0,49938588767.0,158787763585.0,61966968775.0,52009430907.0,181019209024.0,False,,,,,비해당,,,비해당,,비대상,,0,0,0,0,0,0,0,False,비대상,,,비대상
00106623,현대위아(주),011210,Y,303,1942110000125,6098101770,19760329,12,경상남도 창원시 성산구  정동로 153,2025,20260317000785,현대자동차,True,False,대기업,상호출자제한기업집단 소속,별도,1200,7278797000000.0,7031296333333.0,5575653000000.0,8481561000000.0,8276009333333.0,7025106000000.0,True,I1200120031,현대위아 주식회사,30399,,비해당,,,일부해당,휠·현가장치·라디에이터(일부),2차 후보(확인 필요),,0,0,0,0,0,0,0,False,2차 후보(확인 필요),,,2차 후보(확인 필요)
00172228,(주)엔케이,085310,Y,2512,1801110054641,6038106888,19840801,12,부산광역시 강서구 과학산단로 194-11 (주)엔케이,2025,20260323001528,,False,False,중소,"3년 평균 매출 784억 ≤ 기준 1,200억, 자산 5,000억 미만",별도,1200,93350073189.0,78423252281.0,179559889545.0,130102265815.0,110858023820.0,230547230245.0,False,,,,,일부해당,탱크·용기,,비해당,,2차 후보(확인 필요),,0,0,0,0,0,0,0,False,2차 후보(확인 필요),,,2차 후보(확인 필요)
00416414,(주)넥스턴앤롤코리아,089140,K,292,1345110042264,1358139760,20000718,12,경기도 용인시 기흥구 기흥단지로121번길 35 (고매동),2025,20260323001746,,False,False,중소,"3년 평균 매출 150억 ≤ 기준 1,200억, 자산 5,000억 미만",별도,1200,11808637507.0,14964478808.0,209953687251.0,70440930511.0,47779667161.0,340909640792.0,False,,,,,비해당,,,일부해당,건설·광업 기계/농기계/산업용 로봇/석재 가공기(일부)/주조·야금 기계,2차 후보(확인 필요),,0,0,0,0,0,0,0,False,2차 후보(확인 필요),,,2차 후보(확인 필요)
00659161,(주)싸이맥스,160980,K,29271,1311110153525,1298191801,20051202,12,경기도 화성시 동탄면 동탄산단2길 47 (주)싸이맥스,2025,20260323001377,,False,False,중견,"3년 평균 매출 1,523억 > 기준 1,200억",별도,1200,164244630048.0,152301138778.0,227644860245.0,164404533950.0,162029844459.0,224003645356.0,False,,,,,비해당,,,비해당,,비대상,True,0,0,1,0,0,0,7,True,비대상,,,비대상
00631518,SK이노베이션(주),096770,Y,192,1101113710385,1018632319,20070703,12,서울특별시 종로구  종로 26,2025,20260316000827,에스케이,True,False,대기업,상호출자제한기업집단 소속,별도,1000,4850904693000.0,3071742811667.0,39714545542000.0,80296054243000.0,77107146540000.0,105608481396000.0,True,I1100140061,SK이노베이션(주),35113,업종 대분류 불일치(확인 필요),비해당,,,비해당,,비대상,,0,0,0,0,0,0,0,False,비대상,,,비대상
01596221,주식회사 세미티에스,0017J0,K,29299,1348110292970,1358640618,20140217,12,경기도 용인시 기흥구 용구대로2211번길 7,,,,False,False,판정불가,매출 또는 업종 기준 없음,,1200,,,,,,,False,,,,,비해당,,,비해당,,비대상,,0,0,0,0,0,0,0,False,비대상,,,비대상
01466373,(주)알트,459550,K,264,1311110492543,6888701019,20170901,12,"경기도 성남시 분당구 성남대로331번길 8, 1201호(정자동, 킨스타워)",2025,20260323000960,,False,False,중견,"3년 평균 매출 1,082억 > 기준 1,000억",별도,1000,111835396314.0,108230538574.0,63277559650.0,112948434552.0,108601551320.0,62417435028.0,False,,,,,비해당,,,비해당,,비대상,True,0,0,0,0,0,0,0,False,비대상,,,비대상
00568461,(주)에이치씨보광산업,225530,K,239,1743110003882,5088116437,20040827,12,대구광역시 북구 유통단지로3길 40 &nbsp,2025,20260323001053,,False,False,중소,"3년 평균 매출 626억 ≤ 기준 800억, 자산 5,000억 미만",별도,800,38493462752.0,62610260476.0,173489883117.0,38493462752.0,62610260476.0,175263808874.0,False,,,,,비해당,,,비해당,,비대상,,0,0,0,0,0,0,0,False,비대상,,,비대상
00203847,국일신동(주),060480,K,24221,1201110082793,1398102120,19930226,12,경기도 안산시 단원구 번영2로 58 &nbsp,2025,20260316000972,,False,False,중소,"3년 평균 매출 291억 ≤ 기준 1,800억, 자산 5,000억 미만",별도,1800,36286194700.0,29107898656.0,46633517222.0,,,,False,,,,,비해당,,,비해당,,비대상,,0,0,0,0,0,0,0,False,비대상,,,비대상
00885906,(주)에이치와이티씨,148930,K,25924,1101113364372,1138602327,20051221,12,경기도 군포시 산본로101번길 9-14,2025,20260319000343,,False,False,중소,"3년 평균 매출 264억 ≤ 기준 1,200억, 자산 5,000억 미만",별도,1200,22153064500.0,26402934612.0,71333035918.0,30085095751.0,34345009744.0,75519376109.0,False,,,,,비해당,,,비해당,,비대상,,0,0,0,0,0,0,0,False,비대상,,,비대상
00145914,(주)인터엠,017250,K,265,1101110357403,1278158989,19831005,09,경기도 양주시 화합로1402번길 73 (덕정동),2025,20251217000580,,False,False,중소,"3년 평균 매출 571억 ≤ 기준 1,000억, 자산 5,000억 미만",별도,1000,60053752284.0,57118697515.0,88028246923.0,60053752284.0,57118697515.0,89210589811.0,False,,,,,비해당,,,비해당,,비대상,,0,0,0,0,0,0,0,False,비대상,,,비대상
01099667,(주)에스디생명공학,217480,K,20423,1101113971466,2118818506,20080919,12,서울특별시 강서구 마곡중앙8로1길 66 -,2025,20260316001636,,False,False,중소,"3년 평균 매출 284억 ≤ 기준 1,200억, 자산 5,000억 미만",별도,1200,26082959873.0,28399619697.0,44713626290.0,30069469569.0,37161165123.0,48001780862.0,False,,,,,비해당,,,비해당,,비대상,,0,0,0,0,0,0,0,False,비대상,,,비대상
00667425,(주)에이팩트,200470,K,261,1344110035203,1268603851,20070620,12,경기도 안성시 일죽면 서동대로 7280-26 &nbsp,2025,20260323001417,,False,False,중소,"3년 평균 매출 972억 ≤ 기준 1,000억, 자산 5,000억 미만",별도,1000,110999185614.0,97154688010.0,181859657148.0,,,,False,,,,,비해당,,,비해당,,비대상,,0,0,0,0,0,0,0,False,비대상,,,비대상
00977650,(주)엔케이젠바이오텍코리아,182400,K,211,1101112421157,2068166254,20020114,12,경기도 수원시 영통구 창룡대로 440 -,2025,20260324000530,,False,False,중소,"3년 평균 매출 90억 ≤ 기준 800억, 자산 5,000억 미만",별도,800,7859202055.0,9018316758.0,14240111014.0,7862515138.0,8870145282.0,14294115172.0,False,,,,,비해당,,,비해당,,비대상,,0,0,0,0,0,0,0,False,비대상,,,비대상
00440712,(주)리튬포어스,073570,K,339,1101111549108,1138148008,19980523,12,서울특별시 성동구 아차산로17길 48 1120호,2025,20260323001735,,False,False,중소,"3년 평균 매출 138억 ≤ 기준 1,000억, 자산 5,000억 미만",별도,1000,10653571827.0,13817077116.0,59125143536.0,,,,False,,,,,비해당,,,비해당,,비대상,,0,0,0,0,0,0,0,False,비대상,,,비대상
00159616,두산에너빌리티(주),034020,Y,29119,1942110000943,6098104684,19620920,12,경상남도 창원시 성산구  두산볼보로 22 두산중공업 주식회사,2025,20260320001246,두산,True,False,대기업,상호출자제한기업집단 소속,별도,1200,7117023000000.0,6696396333333.0,14866375000000.0,17057876000000.0,16960273000000.0,27513223000000.0,True,I1000100007,두산에너빌리티(주),24119,업종 대분류 불일치(확인 필요),해당,철강,원재료,일부해당,디젤 엔진(일부),1차(2027),,0,0,0,0,0,0,0,False,1차(2027),,,1차(2027)
00164742,현대자동차(주),005380,Y,30121,1101110085450,1018109147,19671229,12,서울특별시 서초구  헌릉로 12,2025,20260318001394,현대자동차,True,False,대기업,상호출자제한기업집단 소속,별도,1200,78766791000000.0,78620442000000.0,98580388000000.0,186254472000000.0,174716401333333.0,368844849000000.0,True,I1200100020,현대자동차 주식회사,30121,,비해당,,,비해당,,비대상,,0,0,0,0,0,0,0,False,비대상,,,비대상
00524421,(주)테스,095610,K,29271,1345110064482,1358157375,20020919,12,경기도 용인시 처인구 양지면 중부대로 2374-36,2025,20260313000585,,False,False,중견,"3년 평균 매출 2,430억 > 기준 1,200억",별도,1200,347392290853.0,243023391733.0,490722529366.0,351115732341.0,246043877008.0,487468886334.0,False,,,,,비해당,,,비해당,,비대상,True,0,0,0,0,0,0,6,False,비대상,,,비대상
00966168,(주)디알젬,263690,K,27111,1101112863789,2208671516,20030925,12,경기도 광명시 하안로 60 광명테크노파크 E동 7층,2025,20260312000972,,False,False,중견,"3년 평균 매출 1,039억 > 기준 800억",별도,800,99665641313.0,103882403921.0,122608366116.0,102746224632.0,106556250581.0,121965831481.0,False,,,,,비해당,,,비해당,,비대상,True,0,0,0,0,0,0,2,False,비대상,,,비대상
00683061,(주)한라캐스트,125490,K,303,1201110371576,1318190799,20050501,12,인천광역시 남동구 은봉로105번길 59,2025,20260319000665,,False,False,중소,"3년 평균 매출 483억 ≤ 기준 1,200억, 자산 5,000억 미만",별도,1200,52627004528.0,48272360816.0,120849357896.0,155882334021.0,140767835682.0,193037330869.0,False,,,,,비해당,,,일부해당,기어박스(일부)/자동차 엔진 부품(일부)/자동차 차체 부품(일부)/휠·현가장치·라디에이터(일부),2차 후보(확인 필요),,0,0,0,0,0,0,0,False,2차 후보(확인 필요),,,2차 후보(확인 필요)
01259418,대보마그네틱(주),290670,K,28909,1101111114589,1308150004,19941229,12,경기도 화성시 팔탄면 현대기아로 25-13,2025,20260630001121,,False,False,중소,"3년 평균 매출 311억 ≤ 기준 1,800억, 자산 5,000억 미만",별도,1800,25011777955.0,31135053672.0,46789089750.0,26147290618.0,31513557893.0,47498260722.0,False,,,,,비해당,,,비해당,,비대상,,0,0,0,0,0,0,0,False,비대상,,,비대상
00486875,(주)우양,103840,K,103,1644110000820,3098101598,19920401,12,충청남도 서천군 장항읍 장산로 357,2025,20260323001414,,False,False,중견,"3년 평균 매출 1,838억 > 기준 1,200억",별도,1200,183775849010.0,183777021334.0,153372644843.0,,,,False,,,,,비해당,,,비해당,,비대상,True,0,0,0,0,0,0,1,False,비대상,,,비대상
00356370,(주)LG생활건강,051900,Y,20422,1101112208000,1078198143,20010403,12,서울특별시 중구 후암로 98 LG서울역빌딩,2025,20260316000985,엘지,True,False,대기업,상호출자제한기업집단 소속,별도,1200,3040730093373.0,3358597900647.0,4931297372939.0,6355489977342.0,6657416034737.0,6869383558281.0,False,,,,,비해당,,,비해당,,비대상,,0,0,0,0,0,0,0,False,비대상,,,비대상
00220109,(주)알파에이아이,043100,K,27192,1347110014590,1258115723,19950712,12,경기 평택시 서탄면 금암리 34-6,2025,20260721000833,,False,False,중소,"3년 평균 매출 112억 ≤ 기준 800억, 자산 5,000억 미만",별도,800,12440049700.0,11165515519.0,64424520952.0,16834272765.0,19432462164.0,72724392380.0,False,,,,,비해당,,,일부해당,의료기기(일부),2차 후보(확인 필요),,0,0,0,0,0,0,0,False,2차 후보(확인 필요),,,2차 후보-약
00560982,주식회사 바이오솔루션,086820,K,211,1301110057421,1248169186,20000114,12,"서울특별시 노원구 공릉로 232 5층 (공릉동, 서울테크노파크)",2025,20260319001181,,False,False,중소,"3년 평균 매출 135억 ≤ 기준 800억, 자산 5,000억 미만",별도,800,15209634550.0,13519958613.0,68472430209.0,15199886701.0,13516709330.0,68480637029.0,False,,,,,비해당,,,비해당,,비대상,,0,0,0,0,0,0,0,False,비대상,,,비대상
01267967,(주)마이크로디지탈,305090,K,271,1348110073536,1248199109,20020802,12,경기도 성남시 분당구 판교역로 225-15 업무B동 6층,2025,20260323001576,,False,False,중소,"3년 평균 매출 117억 ≤ 기준 800억, 자산 5,000억 미만",별도,800,12842770689.0,11738632644.0,65200642119.0,,,,False,,,,,비해당,,,일부해당,의료기기(일부),2차 후보(확인 필요),,0,0,0,0,0,0,0,False,2차 후보(확인 필요),,,2차 후보-약
01867758,한화비전(주),489790,Y,264,1311110745562,6808603414,20240902,12,경기도 성남시 분당구 판교로319번길 6,2025,20260316001204,한화,True,False,대기업,상호출자제한기업집단 소속,별도,1000,821603769063.0,410801884532.0,1233667898265.0,1790921869125.0,1142122116030.0,1809393507006.0,False,,,,,비해당,,,비해당,,비대상,,0,0,0,0,0,0,0,False,비대상,,,비대상
00693554,(주)티케이케미칼,104480,K,20501,1101113783457,1078701960,20071109,12,대구광역시 북구  원대로 128 연우빌딩 3층,2025,20260323001373,SM,True,False,대기업,상호출자제한기업집단 소속,별도,1200,345756223802.0,354827547239.0,1475543333684.0,,,,True,I0200100011,티케이케미칼,20501,,비해당,,,비해당,,비대상,,0,0,0,0,0,0,0,False,비대상,,,비대상
00537832,(주)푸른로보틱스,094940,K,263,1101111444241,2298128699,19970724,12,서울특별시 서초구 효령로60길 23-10 (주)푸른빌딩 2층,2025,20260318001682,,False,False,중소,"3년 평균 매출 300억 ≤ 기준 1,000억, 자산 5,000억 미만",별도,1000,23347881590.0,30021610613.0,45054690564.0,23475613984.0,30178719685.0,45208269381.0,False,,,,,비해당,,,비해당,,비대상,,0,0,0,0,0,0,0,False,비대상,,,비대상
00571483,(주)오이솔루션,138080,K,26410,2001110180384,4098176875,20030807,12,광주광역시 북구 첨단연신로30번길 53 -,2025,20260319001159,,False,False,중소,"3년 평균 매출 451억 ≤ 기준 1,000억, 자산 5,000억 미만",별도,1000,57358717233.0,45129144888.0,120624448606.0,57377286181.0,45135547656.0,119613175533.0,False,,,,,비해당,,,비해당,,비대상,,0,0,0,0,0,0,0,False,비대상,,,비대상
00100939,강남제비스코(주),000860,Y,20411,1801110003391,6058103330,19520716,12,"부산광역시 부산진구 중앙대로 639 18층(범천동, 엠디엠타워)",2025,20260318001400,,False,False,중견,"3년 평균 매출 3,018억 > 기준 1,200억",별도,1200,272938057132.0,301753979097.0,432520213400.0,598552862276.0,626826378610.0,974015674336.0,False,,,,,비해당,,,비해당,,비대상,True,0,0,0,0,0,0,0,False,비대상,,,비대상
00135777,신대양제지(주),016590,Y,172,1301110008789,1348102858,19821217,12,경기도 안산시 단원구 별망로 129 -,2025,20260319001044,,False,False,중견,"3년 평균 매출 2,104억 > 기준 1,800억",별도,1800,195697398764.0,210442669070.0,439506502370.0,639529019559.0,647797091909.0,922899070325.0,True,I0300100028,신대양제지(주),17129,,비해당,,,비해당,,비대상,True,0,0,0,0,0,0,0,False,비대상,,,비대상
00562360,에코볼트(주),097780,K,303,1358110109364,1248626275,20041118,12,충청남도 아산시 음봉면 산동로 433-31 -,2025,20260318000446,,False,False,중견,"3년 평균 매출 1,248억 > 기준 1,200억",별도,1200,186521190772.0,124817857330.0,237548985876.0,217426570735.0,200169580994.0,253843277165.0,False,,,,,비해당,,,일부해당,기어박스(일부)/자동차 엔진 부품(일부)/자동차 차체 부품(일부)/휠·현가장치·라디에이터(일부),2차 후보(확인 필요),True,0,0,0,0,0,0,0,False,2차 후보(확인 필요),,,2차 후보(확인 필요)
01219155,(주)네오크레마,311390,K,108,1101113594763,2158693463,20070108,12,"서울특별시 강남구 언주로93길 27 12층(역삼동, 아시아미디어센터)",2025,20260318001614,,False,False,중소,"3년 평균 매출 261억 ≤ 기준 1,200억, 자산 5,000억 미만",별도,1200,29630046588.0,26101193642.0,95550693575.0,81943689101.0,49041353610.0,181836812241.0,False,,,,,비해당,,,비해당,,비대상,,0,0,0,0,0,0,0,False,비대상,,,비대상
01326279,(주)아이엘,307180,K,284,1101116859099,8818801236,20180831,12,충청남도 천안시 동남구 수신면 장산동길 32 아이엘사이언스 천안공장,2025,20260324000015,,False,False,중소,"3년 평균 매출 229억 ≤ 기준 1,800억, 자산 5,000억 미만",별도,1800,20525710193.0,22875868047.0,100391090700.0,102864055822.0,75052610332.0,154697625359.0,False,,,,,비해당,,,비해당,,비대상,,0,0,0,0,0,0,0,False,비대상,,,비대상
00114154,디와이덕양(주),024900,Y,303,1812110000922,6208101234,19770711,12,울산광역시 북구  효암로 366,2025,20260317000660,,False,False,중견,"3년 평균 매출 18,142억 > 기준 1,200억, 자산 5,788억 ≥ 5,000억",별도,1200,1723701715475.0,1814166995979.0,578835929350.0,1738072339439.0,1832416252003.0,590839092949.0,False,,,,,비해당,,,일부해당,기어박스(일부)/자동차 엔진 부품(일부)/자동차 차체 부품(일부)/휠·현가장치·라디에이터(일부),2차 후보(확인 필요),True,0,0,0,0,0,0,1,False,2차 후보(확인 필요),,,2차 후보(확인 필요)
00137207,(주)유니켐,011330,Y,303,1301110011807,1348103920,19760427,12,경기도 안산시 단원구 해봉로 38,2025,20260325000515,,False,False,중소,"3년 평균 매출 941억 ≤ 기준 1,200억, 자산 5,000억 미만",별도,1200,105735908458.0,94080038202.0,225026387967.0,106243075628.0,94249093925.0,226738055850.0,False,,,,,비해당,,,일부해당,기어박스(일부)/자동차 엔진 부품(일부)/자동차 차체 부품(일부)/휠·현가장치·라디에이터(일부),2차 후보(확인 필요),,0,0,0,0,0,0,0,False,2차 후보(확인 필요),,,2차 후보(확인 필요)
00426086,티케이지휴켐스(주),069260,Y,2049,1101112611906,2018176228,20020915,12,서울특별시 중구 마른내로 27 타워107 15층,2025,20260402002347,,False,False,중견,"3년 평균 매출 11,045억 > 기준 1,200억, 자산 10,694억 ≥ 5,000억",별도,1200,1082236125709.0,1104476274947.0,1069435393535.0,1127691137096.0,1122873041086.0,1168210236084.0,True,I0500100072,티케이지휴켐스 주식회사,20499,,비해당,,,비해당,,비대상,True,0,0,0,0,0,0,0,False,비대상,,,비대상
00303703,(주)씨에스,065770,K,2642,1101111644809,2158174874,19990203,12,경기도 성남시 분당구 판교로228번길 15 윈스동 8층(삼평동 판교세븐벤처밸리1),2025,20260319001412,,False,False,중소,"3년 평균 매출 315억 ≤ 기준 1,000억, 자산 5,000억 미만",별도,1000,22614036334.0,31465976360.0,18608262873.0,23640234124.0,31491377472.0,19055924565.0,False,,,,,비해당,,,비해당,,비대상,,0,0,0,0,0,0,0,False,비대상,,,비대상
00899459,(주)레이언스,228850,K,27111,1348110216516,1248713025,20110502,12,경기도 화성시 삼성1로1길 14 &nbsp,2025,20260316001022,,False,False,중견,3년 평균 매출 959억 > 기준 800억,별도,800,78784852539.0,95915828884.0,252121593537.0,114722998848.0,127757564826.0,261215994854.0,False,,,,,비해당,,,비해당,,비대상,True,0,0,0,0,0,0,5,False,비대상,,,비대상
00522007,(주)크리스에프앤씨,110790,K,1419,1101111572612,2078152490,19980806,12,서울특별시 강남구 도곡로 176,2025,20260331003421,,False,False,중견,"3년 평균 매출 3,366억 > 기준 1,500억, 자산 6,864억 ≥ 5,000억",별도,1500,314218387790.0,336570635856.0,686373671406.0,311944979108.0,336756100318.0,845864908512.0,False,,,,,비해당,,,비해당,,비대상,True,0,0,0,0,0,0,6,False,비대상,,,비대상
00108649,(주)티피씨로보틱스,048770,K,29142,1101110245575,1098114912,19790123,12,인천광역시 서구 갑문2로 39 (오류동) 단해창도클러스터,2025,20260319000001,,False,False,중소,"3년 평균 매출 747억 ≤ 기준 1,200억, 자산 5,000억 미만",별도,1200,73109666559.0,74692501770.0,95684589274.0,86327967145.0,86316449707.0,106726399881.0,False,,,,,비해당,,,비해당,,비대상,,0,0,0,0,0,0,0,False,비대상,,,비대상
00526951,(주)신화프리텍,095190,K,259,1943110012186,6088151660,20030320,12,경상남도 창원시 성산구 웅남로 767 (남산동),2025,20260316000795,,False,False,중소,"3년 평균 매출 931억 ≤ 기준 1,200억, 자산 5,000억 미만",별도,1200,92505989386.0,93134774528.0,233775888973.0,,,,False,,,,,일부해당,기타 파스너(일부)/단조·압형(일부)/볼트·너트/탱크·용기,,일부해당,금속 주방용기(일부)/단조·압형 제품/못·기타 파스너/스프링(일부)/와이어로프·철망/일반철물(일부),2차 후보(확인 필요),,0,0,0,0,0,0,0,False,2차 후보(확인 필요),,,2차 후보(확인 필요)
01157846,(주)바이오포트코리아,188040,K,108,1801110500991,6068189006,20041111,12,부산광역시 기장군 장안읍 반룡산단1로 36,2025,20260318001675,,False,False,중소,"3년 평균 매출 702억 ≤ 기준 1,200억, 자산 5,000억 미만",별도,1200,69164437799.0,70173918716.0,56841766458.0,70879747598.0,70975030856.0,57284115425.0,False,,,,,비해당,,,비해당,,비대상,,0,0,0,0,0,0,0,False,비대상,,,비대상
00197759,미래산업(주),025560,Y,27219,1243110030413,3128115889,19901226,12,충청남도 천안시 서북구 백석공단7로 65 (백석동),2025,20260319001166,,False,False,중소,"3년 평균 매출 322억 ≤ 기준 800억, 자산 5,000억 미만",별도,800,48895818237.0,32190167374.0,148562773455.0,50777866585.0,33186387730.0,152351412994.0,False,,,,,비해당,,,일부해당,가스 분석기(일부),2차 후보(확인 필요),,0,0,0,0,0,0,0,False,2차 후보(확인 필요),,,2차 후보-약
00962922,(주)팬젠,222110,K,212,1311110248194,1298642227,20100129,12,"경기도 수원시 영통구 신원로 306, 2동 4층(원천동 영통이노플렉스) &nbsp",2025,20260422000484,,False,False,중소,"3년 평균 매출 118억 ≤ 기준 800억, 자산 5,000억 미만",별도,800,13416632780.0,11801481653.0,32700285210.0,,,,False,,,,,비해당,,,비해당,,비대상,,0,0,0,0,0,0,0,False,비대상,,,비대상
00298377,(주)아이씨디,040910,K,29271,1301110058560,1248170233,20000226,12,경기도 안성시  대덕면 만세로 274,2025,20260320000723,,False,False,중소,"3년 평균 매출 1,166억 ≤ 기준 1,200억, 자산 5,000억 미만",별도,1200,172867810330.0,116620779683.0,131430000803.0,197041477697.0,135643633214.0,144397432698.0,False,,,,,비해당,,,비해당,,비대상,,0,0,0,0,0,0,0,False,비대상,,,비대상
00809429,(주)뉴온,123840,K,108,1101114305614,1078733496,20100323,12,경기도 성남시 중원구 갈마치로 302 907호,2025,20260320001292,,False,False,중소,"3년 평균 매출 195억 ≤ 기준 1,200억, 자산 5,000억 미만",별도,1200,48154988467.0,19502255861.0,116551845215.0,48163918636.0,19546012251.0,118735536277.0,False,,,,,비해당,,,비해당,,비대상,,0,0,0,0,0,0,0,False,비대상,,,비대상
00958451,한선엔지니어링(주),452280,K,259,1801110796665,6038179945,20120222,12,부산광역시 강서구 녹산산단381로 80 -,2025,20260319000779,,False,False,중소,"3년 평균 매출 532억 ≤ 기준 1,200억, 자산 5,000억 미만",별도,1200,63216280322.0,53169982569.0,140596237213.0,,,,False,,,,,일부해당,기타 파스너(일부)/단조·압형(일부)/볼트·너트/탱크·용기,,일부해당,금속 주방용기(일부)/단조·압형 제품/못·기타 파스너/스프링(일부)/와이어로프·철망/일반철물(일부),2차 후보(확인 필요),,0,0,0,0,0,0,0,False,2차 후보(확인 필요),,,2차 후보(확인 필요)
00153524,태림포장(주),011280,Y,1721,1301110010015,1338122623,19760412,12,경기도 시흥시 공단1대로379번안길 74,2025,20260319001237,글로벌세아,False,False,중견,공시대상기업집단 소속(중소 제외),별도,1800,713412669000.0,690537627333.0,633056172000.0,753896340000.0,729623057667.0,685971528000.0,False,,,,,비해당,,,비해당,,비대상,True,0,0,0,0,0,0,0,False,비대상,,,비대상
01294110,에스엔시스(주),0008Z0,K,28123,1348110412990,2258127780,20170622,12,"경기도 화성시 동탄순환대로 830 (영천동, 동탄SKV1center) 7층",2025,20260320000971,,False,False,중소,"3년 평균 매출 1,297억 ≤ 기준 1,800억, 자산 5,000억 미만",별도,1800,144724047894.0,129706703491.0,232856184365.0,144425340172.0,129607134250.0,232525687221.0,False,,,,,비해당,,,비해당,,비대상,,0,0,0,0,0,0,0,False,비대상,,,비대상
00111704,한화오션(주),042660,Y,3111,1101112095837,1048157667,20001023,12,경상남도 거제시 거제대로 3370 (아주동),2025,20260317000644,한화,True,False,대기업,상호출자제한기업집단 소속,별도,1200,12903594354486.0,10364776718874.0,19724646034029.0,12783512278323.0,10322609825864.0,20140914014349.0,True,I1300100001,한화오션(주),31111,,비해당,,,비해당,,비대상,,0,0,0,0,0,0,0,False,비대상,,,비대상
01549472,대진첨단소재(주),393970,K,22213,1358110358846,2068801153,20190116,12,서울특별시 송파구 올림픽로 342,2025,20260407003630,,False,False,중소,"3년 평균 매출 117억 ≤ 기준 1,200억, 자산 5,000억 미만",별도,1200,7743409976.0,11723718892.0,86086566063.0,84513320058.0,79383989394.0,151918119774.0,False,,,,,비해당,,,비해당,,비대상,,0,0,0,0,0,0,0,False,비대상,,,비대상
00351375,(주)뉴보텍,060260,K,22211,1412110004279,2248104616,19901101,12,강원도 원주시 태장공단길 42-6 -,2025,20260323001632,,False,False,중소,"3년 평균 매출 452억 ≤ 기준 1,200억, 자산 5,000억 미만",별도,1200,43479893003.0,45213003513.0,55638476714.0,,,,False,,,,,비해당,,,비해당,,비대상,,0,0,0,0,0,0,0,False,비대상,,,비대상
00627029,(주)디지아이티엑스,099520,K,26519,1101111517709,1208178820,19980227,12,서울특별시 금천구  가산디지털1로 212 코오롱디지털타워애스턴 906호,2025,20260319000358,,False,False,중소,"3년 평균 매출 198억 ≤ 기준 1,000억, 자산 5,000억 미만",별도,1000,25080258475.0,19824906492.0,29597787174.0,25172528475.0,19975161826.0,29371778873.0,False,,,,,비해당,,,비해당,,비대상,,0,0,0,0,0,0,0,False,비대상,,,비대상
00580065,(주)월덱스,101160,K,262,1760110020723,5138117137,20000117,12,경상북도 구미시  4공단로7길 53-77,2025,20260318001643,,False,False,중견,"3년 평균 매출 2,631억 > 기준 1,000억",별도,1000,249341711418.0,263143682537.0,393253831959.0,291764969976.0,295547842844.0,429672762944.0,False,,,,,비해당,,,비해당,,비대상,True,0,0,0,0,0,0,2,False,비대상,,,비대상
00231044,(주)우리기술,032820,K,281,1101111118656,1128138619,19950112,12,"서울특별시 마포구 월드컵북로56길 9 4층(상암동, 우리기술빌딩)",2025,20260323001668,,False,False,중소,"3년 평균 매출 419억 ≤ 기준 1,800억, 자산 5,000억 미만",별도,1800,46363304055.0,41918950134.0,253986018033.0,87135395389.0,73850569295.0,338455308703.0,False,,,,,비해당,,,일부해당,전동기·변압기,2차 후보(확인 필요),,0,0,0,0,0,0,0,False,2차 후보(확인 필요),,,2차 후보(확인 필요)
00113544,대한화섬(주),003830,Y,20501,1101110012437,2038143612,19631022,12,서울특별시 중구  동호로 310,2025,20260318001465,태광,False,False,중견,공시대상기업집단 소속(중소 제외),별도,1200,108225676813.0,122139574179.0,837279572052.0,,,,True,I0200100002,대한화섬(주),20501,,비해당,,,비해당,,비대상,True,0,0,0,0,0,0,3,False,비대상,,,비대상
00624998,(주)제닉,123330,K,204,1345110052677,1358149079,20010927,12,경기도 성남시 수정구 금토로 52 에프동 8층,2025,20260316001140,,False,False,중소,"3년 평균 매출 521억 ≤ 기준 1,200억, 자산 5,000억 미만",별도,1200,78198461125.0,52058848124.0,56523448307.0,78198461125.0,52058848124.0,56533469721.0,False,,,,,비해당,,,비해당,,비대상,,0,0,0,0,0,0,0,False,비대상,,,비대상
00206039,경남스틸(주),039240,K,24199,1942110006090,6098111206,19901115,12,경남 창원시 웅남동 61-46번지,2025,20260309001568,,False,False,중견,"3년 평균 매출 3,810억 > 기준 1,800억",별도,1800,357139177502.0,380978518501.0,159149627172.0,,,,False,,,,,해당,철강,원재료,비해당,,1차(2027),True,0,0,0,0,0,0,0,False,1차(2027),,,1차(2027)
01136977,(주)마녀공장,439090,K,204,1101114810308,1088600365,20120302,12,서울특별시 강남구 테헤란로 124 삼원타워 4층,2025,20260323001497,,False,False,중소,"3년 평균 매출 1,130억 ≤ 기준 1,200억, 자산 5,000억 미만",별도,1200,109998123244.0,113021176963.0,132305596334.0,113016260841.0,115312076079.0,132697063242.0,False,,,,,비해당,,,비해당,,비대상,,0,0,0,0,0,0,0,False,비대상,,,비대상
01412822,솔루스첨단소재 주식회사,336370,Y,26299,2149110058927,6688101406,20191001,12,전북특별자치도 익산시 용안면 동지산안대길 46 -,2025,20260319000659,,False,False,중견,"3년 평균 매출 1,204억 > 기준 1,000억, 자산 8,755억 ≥ 5,000억",별도,1000,124091735705.0,120435462205.0,875496148242.0,616083220023.0,538818270522.0,2160516819035.0,False,,,,,비해당,,,비해당,,비대상,True,0,0,0,0,0,0,30,False,비대상,,,비대상
00232821,(주)에이치엠넥스,036170,K,2612,1301110023349,1248122158,19931202,12,경기도 수원시 영통구 신원로 170 (신동),2025,20260319000253,,False,False,중소,"3년 평균 매출 158억 ≤ 기준 1,000억, 자산 5,000억 미만",별도,1000,17708295355.0,15798314821.0,157506782827.0,31707375183.0,20464674763.0,162859122159.0,False,,,,,비해당,,,비해당,,비대상,,0,0,0,0,0,0,0,False,비대상,,,비대상
00110431,제이더블유신약(주),067290,K,212,1615110001291,3128102332,19810813,12,경기도 과천시 과천대로7길 38 -,2025,20260318001271,,False,False,중견,3년 평균 매출 912억 > 기준 800억,별도,800,81043717132.0,91205121915.0,58238905649.0,81043717132.0,92764138659.0,58241070091.0,False,,,,,비해당,,,비해당,,비대상,True,0,0,0,0,0,0,1,False,비대상,,,비대상
01513440,(주)파이버프로,368770,K,27219,1101117648186,3368601784,20201013,12,대전광역시 유성구 가정북로 26-55 주식회사 파이버프로,2025,20260318000249,,False,False,중소,"3년 평균 매출 318억 ≤ 기준 800억, 자산 5,000억 미만",별도,800,43396320128.0,31794574408.0,60449598981.0,43472321309.0,31934140739.0,60717374739.0,False,,,,,비해당,,,일부해당,가스 분석기(일부),2차 후보(확인 필요),,0,0,0,0,0,0,0,False,2차 후보(확인 필요),,,2차 후보-약
00977641,(주)하이로닉,149980,K,27199,1101113802992,2068621359,20071211,12,"경기도 용인시 수지구 신수로 767 19층(동천동, 분당수지U-TOWER)",2025,20260716000527,,False,False,중소,"3년 평균 매출 266억 ≤ 기준 800억, 자산 5,000억 미만",별도,800,26856561511.0,26569738199.0,77434925384.0,32086031399.0,32482262567.0,71242246309.0,False,,,,,비해당,,,일부해당,의료기기(일부),2차 후보(확인 필요),,0,0,0,0,0,0,0,False,2차 후보(확인 필요),,,2차 후보-약
00127200,삼영전자공업(주),005680,Y,26291,1311110000205,1298100372,19680820,12,경기도 성남시 중원구  사기막골로 47 (상대원동),2025,20260319001319,,False,False,중견,"3년 평균 매출 1,457억 > 기준 1,000억",별도,1000,134344765096.0,145662635113.0,494249220960.0,149728576895.0,163332053432.0,563753404670.0,True,I1100110039,삼영전자공업(주),25929,업종 대분류 불일치(확인 필요),비해당,,,비해당,,비대상,True,0,0,0,0,0,0,0,False,비대상,,,비대상
01166109,(주)예선테크,250930,K,22291,1101116122470,5698800415,20160715,12,경기도 군포시 공단로 356-3 (지번 주소: 경기도 군포시 산본1동 1026-2),2025,20260323001486,,False,False,중소,"3년 평균 매출 205억 ≤ 기준 1,200억, 자산 5,000억 미만",별도,1200,17240595951.0,20462314797.0,31999789438.0,37875754485.0,41868372875.0,51086423348.0,False,,,,,비해당,,,비해당,,비대상,,0,0,0,0,0,0,0,False,비대상,,,비대상
00124799,사조산업(주),007160,Y,102,1101110112328,1108109699,19710319,12,서울특별시 서대문구  통일로 107-39 사조산업빌딩 5층,2025,20260318000986,사조,False,False,중견,공시대상기업집단 소속(중소 제외),별도,1200,478608273836.0,478064403728.0,544547934399.0,706210125216.0,657883687095.0,1253228674215.0,False,,,,,비해당,,,비해당,,비대상,True,0,0,0,0,0,0,1,False,비대상,,,비대상
00260657,(주)오상헬스케어,036220,K,271,1101111265697,2298102291,19960426,12,경기도 안양시 동안구 안양천동로 132,2025,20260320000572,,False,False,중견,"3년 평균 매출 1,882억 > 기준 800억",별도,800,128618989127.0,188218459919.0,334796767211.0,128628728661.0,188321325277.0,336205562297.0,False,,,,,비해당,,,일부해당,의료기기(일부),2차 후보(확인 필요),True,0,0,0,0,0,0,16,False,2차 후보(확인 필요),,,2차 후보-약
00264714,(주)에스지엔지,040610,K,303,1101110984199,2208140774,19931108,12,경기도 안산시 단원구 원시로 239-10 (원시동),2025,20260319000627,,False,False,중소,"3년 평균 매출 468억 ≤ 기준 1,200억, 자산 5,000억 미만",별도,1200,47697024082.0,46786060270.0,178799476269.0,47697024082.0,46786060270.0,488759326992.0,False,,,,,비해당,,,일부해당,기어박스(일부)/자동차 엔진 부품(일부)/자동차 차체 부품(일부)/휠·현가장치·라디에이터(일부),2차 후보(확인 필요),,0,0,0,0,0,0,0,False,2차 후보(확인 필요),,,2차 후보(확인 필요)
01217865,주식회사 프롬바이오,377220,K,108,1358110127754,1358186512,20060626,12,경기도 용인시 기흥구 서천로127번길 10 -,2025,20260323001651,,False,False,중소,"3년 평균 매출 515억 ≤ 기준 1,200억, 자산 5,000억 미만",별도,1200,51553954227.0,51522340207.0,67544794228.0,72162174415.0,68689342268.0,65244955356.0,False,,,,,비해당,,,비해당,,비대상,,0,0,0,0,0,0,0,False,비대상,,,비대상
00177320,(주)대성미생물연구소,036480,K,21230,1341110000880,1388102340,19660204,12,경기도 의왕시  덕영대로 103,2025,20260316000567,,False,False,중소,"3년 평균 매출 251억 ≤ 기준 800억, 자산 5,000억 미만",별도,800,25988810012.0,25118354077.0,57979205426.0,,,,False,,,,,비해당,,,비해당,,비대상,,0,0,0,0,0,0,0,False,비대상,,,비대상
00384887,에이테크솔루션(주),071670,K,29293,1345110051645,1358148139,20010820,12,경기도 화성시  정남면 가장로 277,2025,20260602000371,,False,False,중견,"3년 평균 매출 2,361억 > 기준 1,200억",별도,1200,257726734000.0,236146147667.0,276808283000.0,305490060000.0,287840409000.0,323251005000.0,False,,,,,비해당,,,비해당,,비대상,True,0,0,0,0,0,0,1,False,비대상,,,비대상
00549891,(주)케어젠,214370,K,211,1101112310946,2148688555,20010823,12,서울특별시 강남구 역삼로98길 23 (대치동),2025,20260316001449,,False,False,중소,"3년 평균 매출 782억 ≤ 기준 800억, 자산 5,000억 미만",별도,800,72807992793.0,78201150751.0,231273422155.0,72807992793.0,78201150751.0,231273422155.0,False,,,,,비해당,,,비해당,,비대상,,0,0,0,0,0,0,0,False,비대상,,,비대상
00152589,(주)코리아나화장품,027050,K,20423,1101110597166,3128107545,19881115,12,충청남도 천안시 서북구 성거읍 삼곡2길 6,2025,20260515000792,,False,False,중소,"3년 평균 매출 672억 ≤ 기준 1,200억, 자산 5,000억 미만",별도,1200,64694491942.0,67245623209.0,97778946412.0,73677182497.0,80726106198.0,98970738389.0,False,,,,,비해당,,,비해당,,비대상,,0,0,0,0,0,0,0,False,비대상,,,비대상
00405506,주식회사 삼영에스앤씨,361670,K,2629,1311110050086,1298135115,20000612,12,경기도 성남시 중원구 둔촌대로 446,2025,20260629000219,,False,False,중소,"3년 평균 매출 117억 ≤ 기준 1,000억, 자산 5,000억 미만",별도,1000,10975623854.0,11672246302.0,21852730601.0,10975623854.0,11672246302.0,21830678385.0,False,,,,,비해당,,,비해당,,비대상,,0,0,0,0,0,0,0,False,비대상,,,비대상
00579980,(주)아이티엠반도체,084850,K,2629,1311110046639,1298132781,20000223,12,충청북도 청주시 청원구 오창읍 양청3길 60,2025,20260320001343,,False,False,중견,"3년 평균 매출 5,465억 > 기준 1,000억",별도,1000,512406126111.0,546462899875.0,462112259131.0,603110608556.0,610518478422.0,489837304987.0,False,,,,,비해당,,,비해당,,비대상,True,0,0,0,0,0,0,1,False,비대상,,,비대상
00497631,(주)티플랙스,081150,K,242,1101110822159,1078134004,19911213,12,"경기도 안산시 단원구 엠티브이1로 75 (목내동, (주)티플랙스)",2025,20260413001727,,False,False,중견,"3년 평균 매출 2,226억 > 기준 1,800억",별도,1800,209235195605.0,222598101938.0,235117561913.0,,,,False,,,,,일부해당,알루미늄,,비해당,,2차 후보(확인 필요),True,0,0,0,0,0,0,0,False,2차 후보(확인 필요),,,2차 후보(확인 필요)
00874803,에이피위성(주),211270,K,264,1101114531045,1198638269,20110210,12,서울특별시 금천구 가산디지털2로 98 IT캐슬 2동 9층 &nbsp,2025,20260312000696,,False,False,중소,"3년 평균 매출 520억 ≤ 기준 1,000억, 자산 5,000억 미만",별도,1000,47812373057.0,51959427312.0,126277188188.0,,,,False,,,,,비해당,,,비해당,,비대상,,0,0,0,0,0,0,0,False,비대상,,,비대상
00875237,주식회사 씨앤투스,352700,K,205,2301110096064,6108166526,20030527,12,부산광역시 강서구 녹산산업중로192번길 24,2025,20260318000989,,False,False,중소,"3년 평균 매출 604억 ≤ 기준 1,200억, 자산 5,000억 미만",별도,1200,54680940759.0,60431861466.0,156670957570.0,67177456978.0,72733762349.0,161504559526.0,False,,,,,비해당,,,비해당,,비대상,,0,0,0,0,0,0,0,False,비대상,,,비대상
01325979,(주)세아제강,306200,Y,2413,1101116860640,5688601173,20180903,12,서울특별시 마포구 양화로 45,2025,20260312000989,세아,True,False,대기업,상호출자제한기업집단 소속,별도,1800,1372127828938.0,1673076584004.0,1779216820266.0,1484796736010.0,1718378223168.0,1828293597693.0,True,IB002170002,(주)세아제강,24132,,해당,철강,원재료,비해당,,1차(2027),,0,0,0,0,0,0,0,False,1차(2027),,,1차(2027)
00115676,KG스틸(주),016380,Y,24122,1101110393308,1208142676,19821027,12,"서울특별시 중구 통일로 92 케이지타워 서울 중구 순화동 1-170, 케이지타워, 5층",2025,20260316001588,KG,False,False,중견,공시대상기업집단 소속(중소 제외),별도,1800,2926388205392.0,3142967511925.0,2974649142876.0,3193444424500.0,3308091548446.0,3100740293377.0,True,I0800100009,케이지스틸 주식회사,24122,,해당,철강,원재료,비해당,,1차(2027),True,0,0,0,0,0,0,6,False,1차(2027),,,1차(2027)
00255275,(주)에이치비테크놀러지,078150,K,29272,1311110030335,1298123356,19970902,12,세종특별자치시  소정면 소정산단6로 20 -,2025,20260316001660,,False,False,중견,"3년 평균 매출 1,448억 > 기준 1,200억",별도,1200,160310839339.0,144775641083.0,348766973674.0,160310839339.0,144775641083.0,382256656958.0,False,,,,,비해당,,,비해당,,비대상,True,0,0,0,0,0,0,3,False,비대상,,,비대상
00134510,에스제이지세종(주),033530,Y,303,1812110000758,6208100119,19760610,12,울산광역시 북구 공단길 4 (효문동),2025,20260316000994,,False,False,중견,"3년 평균 매출 5,557억 > 기준 1,200억, 자산 7,259억 ≥ 5,000억",별도,1200,562029556108.0,555705817183.0,725945525346.0,1896882583006.0,1835267270184.0,1326283584898.0,False,,,,,비해당,,,일부해당,기어박스(일부)/자동차 엔진 부품(일부)/자동차 차체 부품(일부)/휠·현가장치·라디에이터(일부),2차 후보(확인 필요),True,0,0,0,0,0,0,18,False,2차 후보(확인 필요),,,2차 후보(확인 필요)
00166315,(주)화신,010690,Y,30391,1701110014936,5058120965,19740701,12,경상북도 영천시  도남공단길 94-2,2025,20260316000461,,False,False,중견,"3년 평균 매출 10,042억 > 기준 1,200억, 자산 11,293억 ≥ 5,000억",별도,1200,1114907012807.0,1004211985803.0,1129304059733.0,1962483716837.0,1825853122333.0,1559099212744.0,False,,,,,비해당,,,일부해당,휠·현가장치·라디에이터(일부),2차 후보(확인 필요),True,0,0,0,0,0,0,0,False,2차 후보(확인 필요),,,2차 후보(확인 필요)
00415327,(주)중앙백신연구소,072020,K,211,1601110042533,3058119849,19941004,12,대전광역시 유성구 유성대로 1476-37 (주)중앙백신연구소,2025,20260316001508,,False,False,중소,"3년 평균 매출 455억 ≤ 기준 800억, 자산 5,000억 미만",별도,800,49068711762.0,45509730472.0,122815695040.0,,,,False,,,,,비해당,,,비해당,,비대상,,0,0,0,0,0,0,0,False,비대상,,,비대상
00191588,(주)삼원강재,023000,Y,303,1746110014924,5068112319,19920721,12,경상북도 포항시 남구  대송면 철강산단로66번길 40,2025,20260316001210,현대백화점,True,False,대기업,상호출자제한기업집단 소속,별도,1200,359287042852.0,353968039478.0,307639962327.0,,,,True,I1200100010,(주)삼원강재,30320,,비해당,,,일부해당,자동차 차체 부품(일부),2차 후보(확인 필요),,0,0,0,0,0,0,0,False,2차 후보(확인 필요),,,2차 후보(확인 필요)
00453442,해성에어로보틱스(주),059270,K,259,1201110148800,1398130494,19970303,12,인천광역시 남동구 능허대로 551,2025,20260313000915,,False,False,중소,"3년 평균 매출 146억 ≤ 기준 1,200억, 자산 5,000억 미만",별도,1200,15077935821.0,14566358605.0,43062407333.0,,,,False,,,,,일부해당,기타 파스너(일부)/단조·압형(일부)/볼트·너트/탱크·용기,,일부해당,금속 주방용기(일부)/단조·압형 제품/못·기타 파스너/스프링(일부)/와이어로프·철망/일반철물(일부),2차 후보(확인 필요),,0,0,0,0,0,0,0,False,2차 후보(확인 필요),,,2차 후보(확인 필요)
00524786,(주)비엠티,086670,K,29133,1801110331502,6068128130,20000726,12,부산광역시 기장군 장안읍 신소재산단2로 17 -,2025,20260320000579,,False,False,중견,"3년 평균 매출 1,424억 > 기준 1,200억",별도,1200,146079952274.0,142357787761.0,263651188513.0,146991337484.0,143135521799.0,262640351911.0,False,,,,,비해당,,,일부해당,엔진용·소형 펌프(일부),2차 후보(확인 필요),True,0,0,0,0,0,0,0,False,2차 후보(확인 필요),,,2차 후보(확인 필요)
00300548,(주)현대리바트,079430,Y,32029,1345110034097,1358132239,19990610,12,경기도 용인시 처인구  남사면 경기동로 316 리바트,2025,20260316001287,현대백화점,True,False,대기업,상호출자제한기업집단 소속,별도,1500,1477292211832.0,1616959789324.0,763012768837.0,1546206037790.0,1667522660390.0,773256191482.0,False,,,,,비해당,,,비해당,,비대상,,0,0,0,0,0,0,0,False,비대상,,,비대상
00406046,에이치디현대마린엔진(주),071970,Y,29119,1942110048381,6098148213,20010615,12,경상남도 창원시 성산구 적현로 222 STX중공업,2025,20260316001327,HD현대,True,False,대기업,상호출자제한기업집단 소속,별도,1200,379847863143.0,303802238052.0,783343999995.0,402396221904.0,320852863122.0,814697175815.0,False,,,,,비해당,,,일부해당,디젤 엔진(일부),2차 후보(확인 필요),,0,0,0,0,0,0,0,False,2차 후보(확인 필요),,,2차 후보(확인 필요)
00530185,(주)이엔에프테크놀로지,102710,K,2049,1101111957195,2118697360,20000501,12,경기도 용인시 기흥구 탑실로35번길 14 한국알콜산업그룹빌딩,2025,20260316000534,,False,False,중견,"3년 평균 매출 5,360억 > 기준 1,200억, 자산 5,914억 ≥ 5,000억",별도,1200,598981663495.0,535981819114.0,591387263398.0,670896289801.0,594811092925.0,749300530429.0,False,,,,,비해당,,,비해당,,비대상,True,0,0,0,0,0,0,3,False,비대상,,,비대상
00366438,산일전기(주),062040,Y,28112,1101111020728,1398125410,19940326,12,경기도 안산시 단원구 시화벤처로 481,2025,20260403003697,,False,False,중견,"3년 평균 매출 3,502억 > 기준 1,800억, 자산 6,811억 ≥ 5,000억",별도,1800,501946220880.0,350160200472.0,681100631423.0,501946220880.0,350160200472.0,681958856706.0,False,,,,,비해당,,,해당,전동기·변압기,2차(2028),True,0,0,0,0,0,0,16,False,2차(2028),,,2차(2028)
01015160,(주)피에스일렉트로닉스,332570,K,26299,1717110071503,5068159541,20061201,12,"경기도 성남시 분당구 황새울로319번길 8-4 (서현동, 삼헌빌딩)",2025,20260701000606,,False,False,중소,"3년 평균 매출 705억 ≤ 기준 1,000억, 자산 5,000억 미만",별도,1000,64270783899.0,70484608763.0,197626834992.0,125476577087.0,105251851519.0,231884645633.0,False,,,,,비해당,,,비해당,,비대상,,0,0,0,0,0,0,0,False,비대상,,,비대상
01292291,(주)파두,440110,K,26112,1101115767269,3908700132,20150630,12,"서울특별시 강남구 학동로 343 16층, 17층(논현동, 더피나클강남)",2025,20260318001002,,False,False,중소,"3년 평균 매출 527억 ≤ 기준 1,000억, 자산 5,000억 미만",별도,1000,92385149457.0,52735201323.0,122226334967.0,92419333233.0,52797661307.0,122427167093.0,False,,,,,비해당,,,비해당,,비대상,,0,0,0,0,0,0,0,False,비대상,,,비대상
00377018,(주)기가레인,049080,K,262,1101111867831,1078177264,20000131,12,경기도 화성시 동탄산단10길 61 -,2025,20260319000752,,False,False,중소,"3년 평균 매출 428억 ≤ 기준 1,000억, 자산 5,000억 미만",별도,1000,45214569978.0,42838226703.0,88871289968.0,40331425989.0,42105215261.0,95950653324.0,False,,,,,비해당,,,비해당,,비대상,,0,0,0,0,0,0,0,False,비대상,,,비대상
01565364,(주)폴레드,487580,K,28519,1342110213952,2478601655,20190304,12,충청남도 서산시 운산면 장생동로 523,,,,False,False,판정불가,매출 또는 업종 기준 없음,,1800,,,,,,,False,,,,,비해당,,,해당,냉장고·세탁기 등,2차(2028),,0,0,0,0,0,0,0,False,2차(2028),,,2차(2028)
01671285,주식회사 쿼드메디슨,464490,K,211,1311110468544,3138133819,20161223,12,"경기도 성남시 중원구 사기막골로45번길 14, 제6층 제비-605호(상대원동, 성남우림라이온스밸리2차) &nbsp",2025,20260706000055,,False,False,중소,"3년 평균 매출 70억 ≤ 기준 800억, 자산 5,000억 미만",별도,800,10698152626.0,7004495493.0,50286913431.0,10698152626.0,7004495493.0,51179024993.0,False,,,,,비해당,,,비해당,,비대상,,0,0,0,0,0,0,0,False,비대상,,,비대상
01455410,주식회사 파인메딕스,387570,K,27199,1701110383357,5028601324,20090727,12,대구광역시 동구 율암로 140-9 &nbsp,2025,20260626000596,,False,False,중소,"3년 평균 매출 99억 ≤ 기준 800억, 자산 5,000억 미만",별도,800,9522704304.0,9879053278.0,27069799030.0,9522704304.0,9879053278.0,25521054978.0,False,,,,,비해당,,,일부해당,의료기기(일부),2차 후보(확인 필요),,0,0,0,0,0,0,0,False,2차 후보(확인 필요),,,2차 후보-약
01016309,(주)한켐,457370,K,20119,1350110097060,1348147326,19991015,12,대전광역시 유성구 테크노11로 55-11,2025,20260318001493,,False,False,중소,"3년 평균 매출 325억 ≤ 기준 1,200억, 자산 5,000억 미만",별도,1200,33895952208.0,32511409051.0,65692894554.0,,,,False,,,,,비해당,,,비해당,,비대상,,0,0,0,0,0,0,0,False,비대상,,,비대상
01214248,(주)뉴트리,270870,K,108,1101112214429,2148680043,20010412,12,서울시 송파구 백제고분로 27길 6-14 (삼전동 101-3) -,2025,20260320001416,,False,False,중소,"3년 평균 매출 1,118억 ≤ 기준 1,200억, 자산 5,000억 미만",별도,1200,91385125530.0,111838393677.0,108790205302.0,101087982676.0,124812709538.0,136682989095.0,False,,,,,비해당,,,비해당,,비대상,,0,0,0,0,0,0,0,False,비대상,,,비대상
00359261,빛샘전자(주),072950,K,262,1301110049246,1248158831,19981103,12,경기도 용인시 기흥구  언동로 53-11 빛샘전자 (청덕동),2025,20260316001265,,False,False,중소,"3년 평균 매출 311억 ≤ 기준 1,000억, 자산 5,000억 미만",별도,1000,39156621416.0,31120183035.0,103547145082.0,120858537424.0,93361312113.0,117144598604.0,False,,,,,비해당,,,비해당,,비대상,,0,0,0,0,0,0,0,False,비대상,,,비대상
00178790,동양이엔피(주),079960,K,2811,1348110004870,1248134668,19870327,12,경기도 평택시 진위면 진위산단로 76,2025,20260320001266,,False,False,중견,"3년 평균 매출 5,066억 > 기준 1,800억",별도,1800,540648656071.0,506584773598.0,491084917711.0,596475211237.0,560594056011.0,536293012645.0,False,,,,,비해당,,,해당,전동기·변압기,2차(2028),True,0,0,0,0,0,0,4,False,2차(2028),,,2차(2028)
00308896,(주)셀피글로벌,068940,K,26293,1701110141812,5018123451,19981110,12,대구광역시 달서구  호산동로7길 17,2025,20260323001695,,False,False,중소,"3년 평균 매출 319억 ≤ 기준 1,000억, 자산 5,000억 미만",별도,1000,33009160482.0,31853546044.0,26721119815.0,35505883136.0,34588821217.0,25777691812.0,False,,,,,비해당,,,비해당,,비대상,,0,0,0,0,0,0,0,False,비대상,,,비대상
01012987,주식회사 아모센스,357580,K,262,1244110093120,1378191480,20081101,12,충청남도 천안시 서북구 직산읍 모시리 308 천안 제4지방산업단지 19-1블럭,2025,20260316001301,,False,False,중견,"3년 평균 매출 1,145억 > 기준 1,000억",별도,1000,122012294899.0,114540281758.0,136371090797.0,122140313384.0,114582954586.0,137129203630.0,False,,,,,비해당,,,비해당,,비대상,True,0,0,0,0,0,0,9,False,비대상,,,비대상
00635134,CJ제일제당(주),097950,Y,108,1101113748253,1048609535,20070904,12,서울특별시 중구  동호로 330,2025,20260316001116,씨제이,True,False,대기업,상호출자제한기업집단 소속,별도,1200,7281140720000.0,7475496807333.0,10612774732000.0,27342589100000.0,27134920972000.0,29744790534000.0,True,F0010100005,CJ제일제당(주),10620,,비해당,,,비해당,,비대상,,0,0,0,0,0,0,0,False,비대상,,,비대상
01113754,티이엠씨씨엔에스(주),241790,K,292,1101114809963,1198653348,20120302,12,충청북도 보은군 삼승면 남부로 3790-52 -,2025,20260316001631,,False,False,중소,"3년 평균 매출 1,086억 ≤ 기준 1,200억, 자산 5,000억 미만",별도,1200,127724280030.0,108570194156.0,131542418965.0,168040555596.0,167303006299.0,168074903539.0,False,,,,,비해당,,,일부해당,건설·광업 기계/농기계/산업용 로봇/석재 가공기(일부)/주조·야금 기계,2차 후보(확인 필요),,0,0,0,0,0,0,0,False,2차 후보(확인 필요),,,2차 후보(확인 필요)
00759513,(주)엘엑스하우시스,108670,Y,2222,1101114071207,1078718122,20090402,12,서울특별시 종로구 새문안로 58 LX광화문빌딩,2025,20260316001555,엘엑스,True,False,대기업,상호출자제한기업집단 소속,별도,1200,2642115000000.0,2930029666667.0,1723432000000.0,3178689000000.0,3425510666667.0,2169997000000.0,True,I0500100036,주식회사 엘엑스하우시스,22229,,비해당,,,비해당,,비대상,,0,0,0,0,0,0,0,False,비대상,,,비대상
01144569,(주)피엔티 엠에스,257370,K,292,1701110207177,5148142148,20011015,12,대구광역시 달서구 성서공단로25길 16 &nbsp,2025,20260316000348,,False,False,중소,"3년 평균 매출 208억 ≤ 기준 1,200억, 자산 5,000억 미만",별도,1200,11082330000.0,20776548139.0,52886257303.0,,,,False,,,,,비해당,,,일부해당,건설·광업 기계/농기계/산업용 로봇/석재 가공기(일부)/주조·야금 기계,2차 후보(확인 필요),,0,0,0,0,0,0,0,False,2차 후보(확인 필요),,,2차 후보(확인 필요)
01267170,에스케이케미칼(주),285130,Y,20202,1311110501021,8468100915,20171201,12,경기도 성남시 분당구 판교로 310,2025,20260319000495,에스케이,True,False,대기업,상호출자제한기업집단 소속,별도,1200,1440380625560.0,1337944553134.0,2323251553433.0,2365164441719.0,1950240361372.0,6087624380520.0,True,I0500140180,에스케이케미칼(주),20202,,비해당,,,비해당,,비대상,,0,0,0,0,0,0,0,False,비대상,,,비대상
00127042,에스와이티에스(주),002170,Y,15110,1101110033433,2208130276,19571012,12,서울특별시 강남구 테헤란로 301(역삼동) 삼정개발빌딩 6층,2025,20260319000873,지에스,True,False,대기업,상호출자제한기업집단 소속,별도,1500,172604744075.0,180832127767.0,455144317738.0,174685073701.0,181751310959.0,474241122433.0,False,,,,,비해당,,,비해당,,비대상,,0,0,0,0,0,0,0,False,비대상,,,비대상
00137915,(주)엠엑스로보틱스,007820,K,29169,1101110128680,1138117320,19720413,12,서울특별시 중구 후암로 110 서울시티타워 20층(회현동),2025,20260319001365,,False,False,중견,"3년 평균 매출 1,546억 > 기준 1,200억",별도,1200,133715138065.0,154590374307.0,116252941511.0,149093596003.0,162032054363.0,116625243450.0,False,,,,,비해당,,,해당,크레인·컨베이어 등,2차(2028),True,0,0,0,1,0,0,0,True,2차(2028),,,2차(2028)
00670766,(주)엠엑스온,347890,K,27216,1351110048798,1238148572,19990408,12,경기도 안양시 동안구 시민대로327번길 11-35 엠투아이빌딩,2025,20260320001321,,False,False,중소,"3년 평균 매출 341억 ≤ 기준 800억, 자산 5,000억 미만",별도,800,32545055465.0,34119815101.0,84669812414.0,62254825120.0,44023071653.0,195729169133.0,False,,,,,비해당,,,일부해당,가스 분석기(일부),2차 후보(확인 필요),,0,0,0,0,0,0,0,False,2차 후보(확인 필요),,,2차 후보-약
01588189,씨메스로보틱스(주),475400,K,29299,1101115501550,2208886560,20140828,12,서울특별시 강남구 도산대로 318 &nbsp,2025,20260617000463,,False,False,중소,"3년 평균 매출 85억 ≤ 기준 1,200억, 자산 5,000억 미만",별도,1200,11205778842.0,8515303045.0,72116627937.0,13056154094.0,9194625094.0,68932584827.0,False,,,,,비해당,,,비해당,,비대상,,0,0,0,0,0,0,0,False,비대상,,,비대상
00255044,현대에이치티(주),039010,K,26410,1101111539597,2208151999,19980425,12,"서울특별시 영등포구  여의대방로 107 (신길동,현대통신빌딩)",2025,20260323001354,,False,False,중견,"3년 평균 매출 1,512억 > 기준 1,000억",별도,1000,153299471798.0,151207516666.0,141747005945.0,153333115485.0,151218731228.0,141946537572.0,False,,,,,비해당,,,비해당,,비대상,True,0,0,0,0,0,0,1,False,비대상,,,비대상
00869272,(주)서전기전,189860,K,28123,1101110816938,1348121423,19911118,12,경기도 이천시 대월면 대월로 667번길 38-19 (주)서전기전 (이천대월 일반산업단지 내),2025,20260604000502,,False,False,중소,"3년 평균 매출 582억 ≤ 기준 1,800억, 자산 5,000억 미만",별도,1800,68106757182.0,58237142793.0,68881898419.0,,,,False,,,,,비해당,,,비해당,,비대상,,0,0,0,0,0,0,0,False,비대상,,,비대상
01293485,제닉스로보틱스(주),381620,K,29299,1313110097737,1258187907,20100423,12,충청남도 천안시 서북구 직산읍 부송로 165-33,2025,20260313000454,,False,False,중소,"3년 평균 매출 491억 ≤ 기준 1,200억, 자산 5,000억 미만",별도,1200,22665261675.0,49145085920.0,73159799486.0,22665261675.0,49145085920.0,73116924408.0,False,,,,,비해당,,,비해당,,비대상,,0,0,0,0,0,0,0,False,비대상,,,비대상
00217743,화성밸브(주),039610,K,29133,1701110030958,5038108664,19870427,12,대구광역시 서구  팔달로2길 29 화성,2025,20260320000173,,False,False,중소,"3년 평균 매출 800억 ≤ 기준 1,200억, 자산 5,000억 미만",별도,1200,71404321523.0,79979570258.0,123946129250.0,81448684458.0,88087724653.0,128787513223.0,False,,,,,비해당,,,일부해당,엔진용·소형 펌프(일부),2차 후보(확인 필요),,0,0,0,0,0,0,0,False,2차 후보(확인 필요),,,2차 후보(확인 필요)
00454946,그린케미칼(주),083420,Y,20421,1614110012349,3168103672,20030101,12,충남 서산시 대산읍 독곳리 411-13,2025,20260317000822,,False,False,중견,"3년 평균 매출 3,056억 > 기준 1,200억",별도,1200,304057102221.0,305580743316.0,205355110485.0,,,,True,I0500110087,그린케미칼 주식회사,20111,,비해당,,,비해당,,비대상,True,0,0,0,0,0,0,0,False,비대상,,,비대상
00123143,(주)보령,003850,Y,212,1101110012560,2088100281,19631111,12,서울 종로구 원남동 보령빌딩 66-21,2025,20260709000536,,False,False,중견,"3년 평균 매출 9,161억 > 기준 800억, 자산 13,738억 ≥ 5,000억",별도,800,967810858971.0,916123478552.0,1373800087537.0,1017427357548.0,964719871252.0,1387880345936.0,False,,,,,비해당,,,비해당,,비대상,True,0,0,0,0,0,0,6,False,비대상,,,비대상
00156150,(주)엑시큐어하이트론,019490,Y,265,1243110017841,3128106094,19861110,12,경기도 안성시 서운면 안성맞춤대로 16 나동 2층 202호,2025,20260323000002,,False,False,중소,"3년 평균 매출 58억 ≤ 기준 1,000억, 자산 5,000억 미만",별도,1000,5299944408.0,5794851095.0,29085834687.0,5299944408.0,5794851095.0,42294849877.0,False,,,,,비해당,,,비해당,,비대상,,0,0,0,0,0,0,0,False,비대상,,,비대상
00144252,(주)유니온,000910,Y,23311,1101110200579,1048124962,19521206,12,서울특별시 중구  소공로 94 OCI빌딩 13층,2025,20260319000893,,False,False,중견,"3년 평균 매출 1,056억 > 기준 800억",별도,800,100286221018.0,105582942773.0,206440199705.0,202400732520.0,215069965334.0,333392379451.0,True,I0700100013,(주)유니온,23311,,해당,시멘트,원재료,비해당,,1차(2027),True,0,0,0,0,1,0,3,True,1차(2027),,,1차(2027)
00156600,한주라이트메탈(주),198940,K,24212,1812110008538,6108106722,19871208,12,울산광역시 울주군 온산읍 화산2길 34-5,2025,20260317000438,,False,False,중견,"3년 평균 매출 2,321억 > 기준 1,800억",별도,1800,247871094128.0,232149200470.0,200349108772.0,259464652455.0,243736960488.0,213313634975.0,False,,,,,해당,알루미늄,원재료,비해당,,1차(2027),True,0,0,5,2,4,0,11,True,1차(2027),,,1차(2027)
00160843,주식회사 DB하이텍,000990,Y,2611,1101110026206,2118110771,19530428,12,경기도 부천시 수도로 90 (주)DB하이텍,2025,20260601001661,DB,True,False,대기업,상호출자제한기업집단 소속,별도,1000,1213775673521.0,1089541152580.0,2514222338447.0,1397233307039.0,1227541551928.0,2992581747645.0,True,I1100100003,주식회사 디비하이텍 ,26112,,비해당,,,비해당,,비대상,,0,0,0,0,0,0,0,False,비대상,,,비대상
00626464,(주)지엔씨에너지,119850,K,28111,1101110952055,1078142450,19930623,12,서울특별시 강서구 마곡중앙2로 49 -,2025,20260331003325,,False,False,중소,"3년 평균 매출 1,769억 ≤ 기준 1,800억, 자산 5,000억 미만",별도,1800,202858568877.0,176884019425.0,342482111480.0,262633597538.0,218455740348.0,370790899923.0,False,,,,,비해당,,,해당,전동기·변압기,2차(2028),,0,0,0,0,0,0,0,False,2차(2028),,,2차(2028)
00687711,한국철강(주),104700,Y,2411,1942110094318,6098184470,20080903,12,경상남도 창원시 성산구  공단로103번길 12 한국철강(주),2025,20260319001021,,False,False,중견,"3년 평균 매출 6,639억 > 기준 1,800억, 자산 8,668억 ≥ 5,000억",별도,1800,486605490510.0,663901740120.0,866783355876.0,,,,True,I0800100028,한국철강,24112,,해당,철강,원재료,비해당,,1차(2027),True,0,0,0,0,0,0,1,False,1차(2027),,,1차(2027)
01214743,(주)더네이쳐홀딩스,298540,K,144,1101112958259,1068626388,20040220,12,서울특별시 용산구 새창로44길 10 -,2025,20260317000817,,False,True,중견,"3년 평균 매출 4,275억 > 기준 1,500억, 자산 5,796억 ≥ 5,000억",별도,1500,384562437416.0,427454341031.0,579645081518.0,477521854058.0,514287495733.0,675904004288.0,False,,,,,비해당,,,비해당,,비대상,,0,0,0,0,0,0,0,False,비대상,,,비대상
00624518,(주)다산솔루에타,154040,K,2629,1351110065750,1238189952,20030627,12,경기도 화성시 마도면 해운로 498-42 -,2025,20260324000018,,False,False,중소,"3년 평균 매출 327억 ≤ 기준 1,000억, 자산 5,000억 미만",별도,1000,31399403970.0,32714880958.0,82300080932.0,,,,False,,,,,비해당,,,비해당,,비대상,,0,0,0,0,0,0,0,False,비대상,,,비대상
00493185,(주)제이스로보틱스,090470,K,29271,1243110046030,1308148610,19950309,12,충청남도 아산시 음봉면 산동로 433-15 -,2025,20260318001365,,False,False,중소,"3년 평균 매출 527억 ≤ 기준 1,200억, 자산 5,000억 미만",별도,1200,28687230801.0,52684035116.0,176634833172.0,30661005588.0,55460439969.0,177177604418.0,False,,,,,비해당,,,비해당,,비대상,,0,0,0,0,0,0,0,False,비대상,,,비대상
01065679,(주)이노인스트루먼트,215790,K,264,1101115658640,4478700025,20150306,12,인천광역시 연수구 송도미래로 30 송도스마트밸리 이동 1507호,2025,20260323001699,,False,False,중소,"3년 평균 매출 203억 ≤ 기준 1,000억, 자산 5,000억 미만",별도,1000,19312927747.0,20270964096.0,38262951725.0,43686995895.0,42911186303.0,65158147611.0,False,,,,,비해당,,,비해당,,비대상,,0,0,0,0,0,0,0,False,비대상,,,비대상
01329957,(주)국전,307750,K,212,1101116868529,1168701173,20180911,12,"경기도 안양시 동안구 학의로 282 B동 1516호 (관양동,금강펜테리움)",2025,20260323001002,,False,False,중견,"3년 평균 매출 1,292억 > 기준 800억",별도,800,130232188700.0,129209392540.0,180160093611.0,131039398700.0,129834977329.0,179207011973.0,False,,,,,비해당,,,비해당,,비대상,True,0,0,0,0,0,0,3,False,비대상,,,비대상
00911955,(주)잇츠한불,226320,Y,20423,1101113394048,2208723971,20060207,12,서울특별시 강남구 학동로 311 주식회사 잇츠한불,2025,20260814002486,,False,False,중소,"3년 평균 매출 297억 ≤ 기준 1,200억, 자산 5,000억 미만",별도,1200,23826806118.0,29691812243.0,418088331460.0,153387097887.0,143755846377.0,535717320063.0,False,,,,,비해당,,,비해당,,비대상,,0,0,0,0,0,0,0,False,비대상,,,비대상
00160302,코스모화학(주),005420,Y,2049,1101110152738,1058133052,19680212,12,서울특별시 서초구  반포대로 43 코스모빌딩 5층,2025,20260602000269,,False,False,중견,"3년 평균 매출 1,776억 > 기준 1,200억, 자산 5,237억 ≥ 5,000억",별도,1200,200539350166.0,177598010332.0,523743675091.0,664155164378.0,737473404119.0,1168366014277.0,True,I0500100054,코스모화학,20129,,비해당,,,비해당,,비대상,True,0,0,0,0,0,0,4,False,비대상,,,비대상
01594791,(주)나우로보틱스,459510,K,29280,1201110845638,4398800375,20161027,12,인천광역시 남동구 앵고개로449번길 42,2025,20260323000990,,False,False,중소,"3년 평균 매출 117억 ≤ 기준 1,200억, 자산 5,000억 미만",별도,1200,12526033167.0,11663964802.0,32002827967.0,,,,False,,,,,비해당,,,해당,산업용 로봇,2차(2028),,0,0,0,0,0,0,0,False,2차(2028),,,2차(2028)
00158015,한국선재(주),025550,K,24123,1801110102359,6068138360,19740705,12,부산광역시 사하구 하신번영로 27 (신평동),2025,20260319001245,,False,False,중소,"3년 평균 매출 1,632억 ≤ 기준 1,800억, 자산 5,000억 미만",별도,1800,147230381552.0,163218368661.0,222282212833.0,219400375461.0,230432160984.0,335340383966.0,False,,,,,해당,철강,원재료,비해당,,1차(2027),,0,0,0,0,0,0,0,False,1차(2027),,,1차(2027)
00117726,디와이피(주),092780,Y,301,1243110003379,1348101198,19770701,12,경기도 안산시 단원구 해봉로255번길 16,2025,20260323001599,,False,False,중견,"3년 평균 매출 3,638억 > 기준 1,200억",별도,1200,374959053687.0,363786198100.0,337933806678.0,459333394568.0,437363516076.0,463394842463.0,True,I1200120027,디와이피(주),30310,,비해당,,,일부해당,자동차 엔진 부품(일부),2차 후보(확인 필요),True,0,0,1,0,0,0,2,True,"2차(2028, 제품명 확인)",제외,업계 일반 설명,2차 후보(확인 필요)
01762569,주식회사 이수스페셜티케미컬,457190,Y,20111,1101118626561,6318103101,20230502,12,서울특별시 서초구 사평대로 84,2025,20260319001027,,False,False,중견,"3년 평균 매출 2,870억 > 기준 1,200억",별도,1200,411470361000.0,287022946333.0,366405689000.0,411470361000.0,287022946333.0,366409360000.0,False,,,,,비해당,,,비해당,,비대상,True,0,0,0,0,0,0,8,False,비대상,,,비대상
00122472,피케이씨(주),001340,Y,20131,1101110003709,1138101094,19541125,12,전라북도 군산시  임해로 494-16,2025,20260318001618,,False,False,중견,"3년 평균 매출 2,464억 > 기준 1,200억, 자산 6,042억 ≥ 5,000억",별도,1200,269125018001.0,246393406663.0,604211980102.0,272137469082.0,250295827182.0,606449785297.0,True,I0500100019,피케이씨 주식회사,20129,,비해당,,,비해당,,비대상,True,0,0,0,0,0,0,2,False,비대상,,,비대상
00606886,(주)엔지켐생명과학,183490,K,211,1601110084890,3148127038,19990720,12,충청북도 제천시 바이오밸리로 59,2025,20260324000019,,False,False,중소,"3년 평균 매출 307억 ≤ 기준 800억, 자산 5,000억 미만",별도,800,22904481202.0,30729337577.0,144681796760.0,67750824736.0,73722469168.0,148592462348.0,False,,,,,비해당,,,비해당,,비대상,,0,0,0,0,0,0,0,False,비대상,,,비대상
00154329,티피(주),007980,Y,141,1301110010031,1348105011,19720630,12,서울특별시 구로구 디지털로31길 12 태평양물산,2025,20260318001472,,False,False,중견,"3년 평균 매출 7,154억 > 기준 1,500억, 자산 6,977억 ≥ 5,000억",별도,1500,763138039835.0,715384450405.0,697666908994.0,1028988630596.0,1004438362883.0,766760563279.0,False,,,,,비해당,,,비해당,,비대상,True,0,0,0,0,0,0,5,False,비대상,,,비대상
00401731,LG전자(주),066570,Y,264,1101112487050,1078614075,20020401,12,서울특별시 영등포구  여의대로 128 LG트윈타워,2025,20260706000276,엘지,True,False,대기업,상호출자제한기업집단 소속,별도,1000,29554826000000.0,29728517666667.0,35091143000000.0,89200882000000.0,86397242666667.0,68620167000000.0,True,I1100100034,엘지전자 주식회사,26129,,비해당,,,비해당,,비대상,,0,0,0,0,0,0,0,False,비대상,,,비대상
00189538,(주)피델릭스,032580,K,2611,1101110717441,1058152326,19900820,12,"경기도 성남시 분당구 백현로 93(수내동, 후너스빌딩 6층)",2025,20260313000041,,False,False,중소,"3년 평균 매출 504억 ≤ 기준 1,000억, 자산 5,000억 미만",별도,1000,53615518212.0,50403276003.0,57422108295.0,,,,False,,,,,비해당,,,비해당,,비대상,,0,0,0,0,0,0,0,False,비대상,,,비대상
01060744,한솔제지(주),213500,Y,171,1101115604700,1048658322,20150102,12,"서울특별시 중구 을지로 100 비동 (을지로2가, 파인애비뉴)",2025,20260313001328,한솔,False,False,중견,공시대상기업집단 소속(중소 제외),별도,1800,2169056497597.0,2120791063613.0,1919584873146.0,2290040442405.0,2233311806252.0,1993741068936.0,True,I0300100053,한솔제지,17123,,비해당,,,비해당,,비대상,True,0,0,0,0,0,0,14,False,비대상,,,비대상
00463342,(주)폴라리스에이아이파마,041910,K,212,1351110047782,1238147345,19981217,12,경기도 화성시 향남읍 발안공단로 25,2025,20260313001345,,False,False,중소,"3년 평균 매출 598억 ≤ 기준 800억, 자산 5,000억 미만",별도,800,55543076772.0,59786759815.0,195928871523.0,,,,False,,,,,비해당,,,비해당,,비대상,,0,0,0,0,0,0,0,False,비대상,,,비대상
01060814,주식회사 삼양패키징,272550,Y,22232,1101115554418,1018693655,20141101,12,서울특별시 종로구 종로33길 31,2025,20260313001090,삼양,False,False,중견,공시대상기업집단 소속(중소 제외),별도,1200,418914127885.0,422033731083.0,647610266622.0,420217993585.0,429999447060.0,649275550491.0,True,I0500140157,주식회사 삼양패키징,22232,,비해당,,,비해당,,비대상,True,0,0,0,0,0,0,1,False,비대상,,,비대상
01316227,효성티앤씨(주),298020,Y,2050,1101116770138,8808701070,20180604,12,서울특별시 마포구 마포대로 119,2025,20260311004548,효성,True,False,대기업,상호출자제한기업집단 소속,별도,1200,4325171696629.0,4480672844117.0,2296979932705.0,7694843720869.0,7665942540643.0,5739089251365.0,True,I0200170045,효성티앤씨 주식회사,20501,,비해당,,,비해당,,비대상,,0,0,0,0,0,0,0,False,비대상,,,비대상
01506848,주식회사 비스토스,419540,K,27199,1101112317653,1208625954,20010827,12,경기도 성남시 중원구 갈마치로 302 우림라이온스빌딩5차 A동 7층,2025,20260323001578,,False,False,중소,"3년 평균 매출 196억 ≤ 기준 800억, 자산 5,000억 미만",별도,800,17099549571.0,19553054915.0,20710724404.0,,,,False,,,,,비해당,,,일부해당,의료기기(일부),2차 후보(확인 필요),,0,0,0,0,0,0,0,False,2차 후보(확인 필요),,,2차 후보-약
01063884,(주)솔디펜스,215090,K,272,1101115642726,1078841260,20150212,12,경기도 안양시 동안구 학의로 268 410호 (관양동),2025,20260323001185,,False,False,중소,"3년 평균 매출 213억 ≤ 기준 800억, 자산 5,000억 미만",별도,800,25822925100.0,21277831398.0,59199068369.0,26761166493.0,21590578529.0,60029463229.0,False,,,,,비해당,,,일부해당,가스 분석기(일부),2차 후보(확인 필요),,0,0,0,0,0,0,0,False,2차 후보(확인 필요),,,2차 후보-약
00648721,SNT에너지(주),100840,Y,29176,1942110090598,6098181774,20080205,12,경상남도 창원시 성산구  완암로 12,2025,20260220002472,,False,False,중견,"3년 평균 매출 3,383억 > 기준 1,200억, 자산 5,261억 ≥ 5,000억",별도,1200,499146460507.0,338271961404.0,526140424065.0,606119987434.0,407446631971.0,589839322838.0,False,,,,,비해당,,,일부해당,냉동장비 부품·냉각탑(일부),2차 후보(확인 필요),True,0,0,0,0,0,0,12,False,2차 후보(확인 필요),,,2차 후보(확인 필요)
00493510,(주)뉴프렉스,085670,K,2622,1350110103601,1348156859,20000622,12,경기 안산시 단원구 신길동 1055603-4호,2025,20260319000036,,False,False,중견,"3년 평균 매출 1,176억 > 기준 1,000억",별도,1000,89425751059.0,117586014989.0,109774752201.0,154135605019.0,175061408314.0,164466388543.0,False,,,,,비해당,,,비해당,,비대상,True,0,0,0,0,0,0,0,False,비대상,,,비대상
00109514,(주)티웨이홀딩스,004870,Y,23325,1101110073413,2078100110,19661206,12,"서울특별시 송파구 법원로 135 202호(문정동, 소노타워)",2025,20260323001343,소노인터내셔널,False,True,중견,공시대상기업집단 소속(중소 제외),별도,800,5034977500.0,6017315000.0,119172275420.0,,,,False,,,,,비해당,,,비해당,,비대상,,0,0,0,0,0,0,0,False,비대상,,,비대상
01238169,(주)오리온,271560,Y,108,1101116417805,7098100727,20170601,12,서울특별시 강남구 남부순환로 2745 -,2025,20260318001320,오리온,False,False,중견,공시대상기업집단 소속(중소 제외),별도,1200,1145838309534.0,1104481704594.0,1945313729634.0,3332442536373.0,3116379721326.0,4598663246300.0,True,F2800150019,(주)오리온,10713,,비해당,,,비해당,,비대상,True,0,0,0,0,0,0,0,False,비대상,,,비대상
00113225,대한제강(주),084010,Y,2411,1801110003268,6038113259,19540610,12,부산광역시 사하구 하신번영로 69,2025,20260318000780,,False,False,중견,"3년 평균 매출 8,277억 > 기준 1,800억, 자산 9,370억 ≥ 5,000억",별도,1800,731269024453.0,827706176123.0,936952439735.0,1247058624052.0,1306475053478.0,1249954072860.0,True,I0800100006,대한제강(주),24112,,해당,철강,원재료,비해당,,1차(2027),True,0,0,0,0,0,0,0,False,1차(2027),,,1차(2027)
00129989,코스모신소재(주),005070,Y,204,1201110018251,1378101917,19730628,12,충청북도 충주시 충주호수로 36 (목행동) 코스모신소재 주식회사,2025,20260602000342,,False,False,중견,"3년 평균 매출 5,519억 > 기준 1,200억, 자산 7,211억 ≥ 5,000억",별도,1200,456295847107.0,551867736423.0,721100349936.0,,,,True,I0500100027,코스모신소재(주),20499,,비해당,,,비해당,,비대상,True,0,0,0,0,0,0,3,False,비대상,,,비대상
01109937,(주)티앤알바이오팹,246710,K,21100,1355110249041,1408173187,20130311,12,경기도 시흥시 마유로 96 -,2025,20260825000373,,False,False,중소,"3년 평균 매출 59억 ≤ 기준 800억, 자산 5,000억 미만",별도,800,7579626819.0,5884183256.0,72013248613.0,26967256198.0,12346726383.0,92713948686.0,False,,,,,비해당,,,비해당,,비대상,,0,0,0,0,0,0,0,False,비대상,,,비대상
00411048,(주)에스앤에스텍,101490,K,2629,1311110057925,1298140113,20010222,12,대구광역시 달서구  호산동로 42,2025,20260316000487,,False,False,중견,"3년 평균 매출 1,815억 > 기준 1,000억",별도,1000,234810218725.0,181481614773.0,391086531120.0,243733252593.0,190022517395.0,393041682256.0,False,,,,,비해당,,,비해당,,비대상,True,0,0,0,0,0,0,1,False,비대상,,,비대상
00319272,(주)성우,458650,K,282,1760110007078,5138106381,19920901,12,경상북도 구미시 3공단2로 107,2025,20260319000953,,False,False,중소,"3년 평균 매출 950억 ≤ 기준 1,800억, 자산 5,000억 미만",별도,1800,71526839454.0,94950548037.0,207329656448.0,85550263958.0,121040849081.0,246593655310.0,False,,,,,비해당,,,비해당,,비대상,,0,0,0,0,0,0,0,False,비대상,,,비대상
01101254,케이피항공산업(주),288180,K,31322,1801110100551,6228106875,19900604,12,경상남도 김해시 진례면 테크노밸리로 12,2025,20260330000218,,False,False,중소,"3년 평균 매출 462억 ≤ 기준 1,200억, 자산 5,000억 미만",별도,1200,53922869222.0,46202544824.0,77822438379.0,53907682893.0,46042444016.0,81957466870.0,False,,,,,비해당,,,비해당,,비대상,,0,0,0,0,0,0,0,False,비대상,,,비대상
00128315,삼지전자(주),037460,K,2642,1101110300303,1198101883,19810724,12,경기도 화성시 금곡로 63-27 삼지전자,2025,20260317000862,,False,False,중소,"3년 평균 매출 562억 ≤ 기준 1,000억, 자산 5,000억 미만",별도,1000,63405540702.0,56207062108.0,264365690835.0,4291096557599.0,3392328568818.0,1825577701009.0,False,,,,,비해당,,,비해당,,비대상,,0,0,0,0,0,0,0,False,비대상,,,비대상
00146560,(주)일지테크,019540,K,303,1701110029802,5048106257,19861124,12,경상북도 경산시  진량읍 공단4로 50 주일지테크,2025,20260319000717,,False,False,중견,"3년 평균 매출 3,751억 > 기준 1,200억",별도,1200,443620147723.0,375065708159.0,450106409754.0,855062638987.0,746947810308.0,646416055882.0,False,,,,,비해당,,,일부해당,기어박스(일부)/자동차 엔진 부품(일부)/자동차 차체 부품(일부)/휠·현가장치·라디에이터(일부),2차 후보(확인 필요),True,0,0,0,0,0,0,0,False,2차 후보(확인 필요),,,2차 후보(확인 필요)
00101752,(주)케이씨피드,025880,K,109,1747110000187,5058100799,19700506,12,경상북도 영천시 금호읍 금호로 320,2025,20260814003179,,False,False,중소,"3년 평균 매출 1,054억 ≤ 기준 1,200억, 자산 5,000억 미만",별도,1200,120446800699.0,105409594056.0,90768870802.0,121771141803.0,105768964562.0,100350220320.0,False,,,,,비해당,,,비해당,,비대상,,0,0,0,0,0,0,0,False,비대상,,,비대상
00309503,한국항공우주산업(주),047810,Y,31311,1101111827570,1108142397,19991001,12,경상남도 사천시  사남면 공단1로 78 한국항공우주산업,2025,20260318001461,한국항공우주산업,False,False,중견,공시대상기업집단 소속(중소 제외),별도,1200,3625239285458.0,3673988878367.0,10197273764281.0,3696379351601.0,3716488613296.0,10370256890187.0,True,I1000110027,한국항공우주산업(주),31311,,비해당,,,비해당,,비대상,True,0,0,2,0,0,0,26,True,비대상,,,비대상
00245472,(주)티씨케이,064760,K,23999,1346110007844,1258119772,19960807,12,경기도 안성시 미양면 개정산업단지로 71-,2025,20260310002891,,False,False,중견,"3년 평균 매출 2,679억 > 기준 800억, 자산 5,676억 ≥ 5,000억",별도,800,301334302844.0,267904009273.0,567616557963.0,,,,True,I1100190105,(주)티씨케이,23999,,비해당,,,비해당,,비대상,True,0,0,0,0,0,0,0,False,비대상,,,비대상
01210677,(주)씨케이솔루션,480370,Y,29172,1345110077964,1358168571,20040223,12,"경기도 용인시 기흥구 신구로12번길 32, 씨케이빌딩",2025,20260320001407,,False,False,중견,"3년 평균 매출 1,383억 > 기준 1,200억",별도,1200,91082251728.0,138296322663.0,125007061549.0,291009514864.0,267360162079.0,211303631821.0,False,,,,,비해당,,,일부해당,냉동장비 부품·냉각탑(일부),2차 후보(확인 필요),True,0,0,0,0,0,0,6,False,2차 후보(확인 필요),,,2차 후보(확인 필요)
01380578,(주)도우인시스,484120,K,26211,1501110134952,3018606430,20100325,12,충청북도 청주시 흥덕구 옥산면 옥산산단로 42,2025,20260312001439,,False,False,중소,"3년 평균 매출 667억 ≤ 기준 1,000억, 자산 5,000억 미만",별도,1000,47281418381.0,66680586812.0,235753078295.0,139791218651.0,125520601706.0,228430085122.0,False,,,,,비해당,,,비해당,,비대상,,0,0,0,0,0,0,0,False,비대상,,,비대상
01182240,(주)배럴,267790,K,1419,1101114256924,1058739951,20100107,12,서울특별시 용산구 새창로44길 10 2층,2025,20260316001357,,False,False,중소,"3년 평균 매출 606억 ≤ 기준 1,500억, 자산 5,000억 미만",별도,1500,59141353424.0,60571805877.0,80939721995.0,59192865808.0,60600669917.0,80992727341.0,False,,,,,비해당,,,비해당,,비대상,,0,0,0,0,0,0,0,False,비대상,,,비대상
00162461,한화솔루션(주),009830,Y,20111,1101110360935,2028116577,19740427,12,서울특별시 중구 청계천로 86 한화빌딩,2025,20260325001401,한화,True,False,대기업,상호출자제한기업집단 소속,별도,1200,5739541000000.0,6420843333333.0,19609395000000.0,13333055000000.0,12935205000000.0,33144011000000.0,True,I0500100068,한화솔루션 주식회사,20111,,비해당,,,비해당,,비대상,,0,0,0,0,0,0,0,False,비대상,,,비대상
01135057,(주)녹십자웰빙,234690,K,212,1345110083218,1358172584,20040902,12,서울특별시 성동구 왕십리로 241 4층,2025,20260316001685,,False,False,중견,"3년 평균 매출 1,334억 > 기준 800억",별도,800,151875934232.0,133446430025.0,225873041756.0,164680042293.0,149242307338.0,222249644479.0,False,,,,,비해당,,,비해당,,비대상,True,0,0,0,0,0,0,1,False,비대상,,,비대상
01246034,(주)다이나믹솔루션,290660,K,27199,1101114362531,1198629663,20100603,12,경기도 성남시 수정구 창업로 42 판교제2테크노밸리 경기기업성장센터 801호,2025,20260317000506,,False,False,중소,"3년 평균 매출 38억 ≤ 기준 800억, 자산 5,000억 미만",별도,800,3893949767.0,3771901187.0,74466137253.0,16052919041.0,19980472595.0,77791245730.0,False,,,,,비해당,,,일부해당,의료기기(일부),2차 후보(확인 필요),,0,0,0,0,0,0,0,False,2차 후보(확인 필요),,,2차 후보-약
01419205,(주)피앤에스로보틱스,460940,K,27199,1101112922478,1078643925,20031226,12,"서울특별시 영등포구 선유로 70, 509호(문래동 3가, 우리벤처타운2)",2025,20260312000752,,False,False,중소,"3년 평균 매출 69억 ≤ 기준 800억, 자산 5,000억 미만",별도,800,7639478060.0,6918041865.0,45112376222.0,7639478060.0,6918041865.0,45090169479.0,False,,,,,비해당,,,일부해당,의료기기(일부),2차 후보(확인 필요),,0,0,0,0,0,0,0,False,2차 후보(확인 필요),,,2차 후보-약
01279698,채비(주),0011T0,K,28119,1701110604795,6708800336,20160526,12,대구광역시 수성구 알파시티1로31길 9,,,,False,False,판정불가,매출 또는 업종 기준 없음,,1800,,,,,,,False,,,,,비해당,,,해당,전동기·변압기,2차(2028),,0,0,0,0,0,0,0,False,2차(2028),,,2차(2028)
00831428,(주)옵투스제약,131030,K,212,1101114399906,1078738943,20100727,12,충청북도 청주시 흥덕구 오송읍 오송생명6로 50 .,2025,20260317000678,,False,False,중견,3년 평균 매출 805억 > 기준 800억,별도,800,87161378628.0,80497553243.0,191056547070.0,,,,False,,,,,비해당,,,비해당,,비대상,True,0,0,0,0,0,0,8,False,비대상,,,비대상
01649204,(주)달바글로벌,483650,Y,20423,1101115995993,8408800333,20160309,12,"서울특별시 마포구 마포대로 78 (도화동, 자람빌딩), 12층",2025,20260407001978,,False,False,중견,"3년 평균 매출 3,352억 > 기준 1,200억",별도,1200,502589078688.0,335213480202.0,253523715358.0,519735447906.0,343200178074.0,255334642397.0,False,,,,,비해당,,,비해당,,비대상,True,0,0,0,0,0,0,4,False,비대상,,,비대상
00137289,(주)이엘씨,041520,K,272,1301110004620,1248132073,19840423,12,충청남도 아산시 음봉면 스마트산단1로 20 -,2025,20260317000600,,False,False,중소,"3년 평균 매출 111억 ≤ 기준 800억, 자산 5,000억 미만",별도,800,17884503846.0,11093885042.0,159736774799.0,37888100006.0,27747276629.0,182458043820.0,False,,,,,비해당,,,일부해당,가스 분석기(일부),2차 후보(확인 필요),,0,0,0,0,0,0,0,False,2차 후보(확인 필요),,,2차 후보-약
00302582,(주)캐스텍코리아,071850,K,303,1801110273986,6068120370,19981223,12,부산광역시 강서구 미음산단4로 55 (미음동) 캐스텍코리아,2025,20260319000858,,False,False,중소,"3년 평균 매출 837억 ≤ 기준 1,200억, 자산 5,000억 미만",별도,1200,83227733259.0,83727217907.0,172791290750.0,155324721018.0,162246211686.0,183718362055.0,False,,,,,비해당,,,일부해당,기어박스(일부)/자동차 엔진 부품(일부)/자동차 차체 부품(일부)/휠·현가장치·라디에이터(일부),2차 후보(확인 필요),,0,0,0,0,0,0,0,False,2차 후보(확인 필요),,,2차 후보(확인 필요)
00159786,(주)유니드,014830,Y,20129,1101110275069,1048124846,19800510,12,서울특별시 중구  을지로5길 19,2025,20260310002923,오씨아이,True,False,대기업,상호출자제한기업집단 소속,별도,1200,601750378042.0,618949591175.0,894387573681.0,1338757918765.0,1194701368969.0,1523789829869.0,True,I0500100041,주식회사 유니드,20129,,비해당,,,비해당,,비대상,,0,0,0,0,0,0,0,False,비대상,,,비대상
00508274,일진다이아몬드(주),081000,Y,204,1545110029242,3038140972,20041202,12,충청북도 음성군  대소면 대금로 157,2025,20260311004300,,False,False,중소,"3년 평균 매출 624억 ≤ 기준 1,200억, 자산 5,000억 미만",별도,1200,63423472712.0,62406907285.0,263509788060.0,162400019578.0,157969481883.0,611980241027.0,False,,,,,비해당,,,비해당,,비대상,,0,0,0,0,0,0,0,False,비대상,,,비대상
00683469,일진전기(주),103590,Y,2830,1348110159279,1248667922,20080702,12,경기도 화성시  만년로 905-17,2025,20260311004216,,False,False,중견,"3년 평균 매출 15,991억 > 기준 1,800억, 자산 14,785억 ≥ 5,000억",별도,1800,2018227476000.0,1599149443667.0,1478489554000.0,2044552052000.0,1622843690000.0,1525996520000.0,False,,,,,비해당,,,해당,전선·케이블,2차(2028),True,0,0,0,0,0,0,13,False,2차(2028),,,2차(2028)
00972503,일진하이솔루스(주),271940,Y,319,2101110086548,4028198956,20121102,12,전라북도 완주군 봉동읍 완주산단5로 97-46,2025,20260311004292,,False,False,중소,"3년 평균 매출 799억 ≤ 기준 1,200억, 자산 5,000억 미만",별도,1200,81586396146.0,79874742604.0,347971568167.0,81586396146.0,79874742604.0,347965356897.0,False,,,,,비해당,,,비해당,,비대상,,0,0,0,0,0,0,0,False,비대상,,,비대상
01234297,미원스페셜티케미칼(주),268280,Y,201,2101110123944,7788700797,20170501,12,전라북도 완주군 봉동읍 완주산단1로 167,2025,20260311003661,,False,False,중견,"3년 평균 매출 4,725억 > 기준 1,200억, 자산 5,195억 ≥ 5,000억",별도,1200,506002585210.0,472505818105.0,519546599135.0,532122514140.0,493020884317.0,549237107801.0,True,I0500180183,미원스페셜티케미칼(주),20119,,비해당,,,비해당,,비대상,True,0,0,0,0,0,0,1,False,비대상,,,비대상
01708163,(주)엔알비,475230,K,259,1101117269370,4338701796,20191024,12,전북특별자치도 군산시 군산산단로 96,2025,20260318001166,,False,False,중소,"3년 평균 매출 546억 ≤ 기준 1,200억, 자산 5,000억 미만",별도,1200,59481544678.0,54605073829.0,175316276741.0,59481544678.0,54605154738.0,175264801480.0,False,,,,,일부해당,기타 파스너(일부)/단조·압형(일부)/볼트·너트/탱크·용기,,일부해당,금속 주방용기(일부)/단조·압형 제품/못·기타 파스너/스프링(일부)/와이어로프·철망/일반철물(일부),2차 후보(확인 필요),,0,0,0,0,0,0,0,False,2차 후보(확인 필요),,,2차 후보(확인 필요)
00381756,티씨머티리얼즈(주),125020,K,283,1812110031589,6108121529,19950401,12,울산광역시 울주군 온산읍 산남길 64,2025,20260316001647,,False,False,중견,"3년 평균 매출 2,850억 > 기준 1,800억",별도,1800,299118621385.0,285024544397.0,121022389643.0,,,,False,,,,,비해당,,,일부해당,전선·케이블,2차 후보(확인 필요),True,0,0,0,0,0,0,0,False,2차 후보(확인 필요),,,2차 후보(확인 필요)
01049167,롤링스톤(주),214610,K,27199,1501110123252,3178112475,20090306,12,"경기도 성남시 수정구 창업로 54 가동 3층, 4층",2025,20260325000345,,False,False,중소,"3년 평균 매출 70억 ≤ 기준 800억, 자산 5,000억 미만",별도,800,10884865055.0,6964130695.0,25363452677.0,,,,False,,,,,비해당,,,일부해당,의료기기(일부),2차 후보(확인 필요),,0,0,0,0,0,0,0,False,2차 후보(확인 필요),,,2차 후보-약
00413046,(주)셀트리온,068270,Y,21100,1350110034038,1338123603,19910227,12,인천광역시 연수구 아카데미로 23,2025,20260316001415,셀트리온,True,False,대기업,상호출자제한기업집단 소속,별도,800,2928637506047.0,2837093771050.0,21813010247799.0,4162495108881.0,3298743398211.0,22334900189800.0,True,I0500120095,셀트리온,21102,,비해당,,,비해당,,비대상,,0,0,0,0,0,0,0,False,비대상,,,비대상
00228536,(주)현대에버다임,041440,K,29241,1101111042574,1078145758,19940601,12,충청북도 진천군  진천읍 부영길 49,2025,20260608000442,현대백화점,True,False,대기업,상호출자제한기업집단 소속,별도,1200,272553841786.0,313008128343.0,283370783526.0,289586707208.0,334252474629.0,295123017390.0,False,,,,,비해당,,,해당,건설·광업 기계,2차(2028),,0,0,0,0,0,0,0,False,2차(2028),,,2차(2028)
00144720,(주)와이투솔루션,011690,Y,2611,1101110204498,2208121836,19761104,12,경기도 화성시 팔탄면 시청로 971 212호,2025,20260320000895,,False,False,중견,"3년 평균 매출 1,508억 > 기준 1,000억",별도,1000,161450311375.0,150842180864.0,140003036330.0,165064566493.0,152172094448.0,148390498414.0,False,,,,,비해당,,,비해당,,비대상,True,0,0,0,0,0,0,11,False,비대상,,,비대상
00161709,(주)퍼시스,016800,Y,32029,1101110345630,2158120534,19830311,12,서울특별시 송파구 오금로 311 오금동,2025,20260407003277,,False,False,중견,"3년 평균 매출 3,251억 > 기준 1,500억, 자산 6,710억 ≥ 5,000억",별도,1500,308596578959.0,325145055673.0,671005232076.0,358199545192.0,368936848573.0,670149044709.0,False,,,,,비해당,,,비해당,,비대상,True,0,0,0,0,0,0,0,False,비대상,,,비대상
00304076,케이엔솔(주),053080,K,291,1101110645353,3038111045,19890825,12,충청북도 음성군 금왕읍 금율로30번길 32-10,2025,20260616000254,,False,False,중견,"3년 평균 매출 2,331억 > 기준 1,200억",별도,1200,255447285143.0,233138959812.0,273851624287.0,463537032859.0,486725293579.0,387675478988.0,False,,,,,비해당,,,일부해당,냉동장비 부품·냉각탑(일부)/디젤 엔진(일부)/버너(일부)/분사기(일부)/엔진용·소형 펌프(일부)/크레인·컨베이어 등,2차 후보(확인 필요),True,0,0,0,0,0,0,3,False,2차 후보(확인 필요),,,2차 후보(확인 필요)
00309831,(주)알에프텍,061040,K,2642,1350110045639,1358119560,19950222,12,경기도 용인시 처인구  원삼면 죽양대로1763번길 60 알에프텍,2025,20260319001003,,False,False,중소,"3년 평균 매출 992억 ≤ 기준 1,000억, 자산 5,000억 미만",별도,1000,73325108296.0,99183253172.0,195470329318.0,266007649510.0,312903088046.0,407430424081.0,False,,,,,비해당,,,비해당,,비대상,,0,0,0,0,0,0,0,False,비대상,,,비대상
00486370,(주)성창오토텍,080470,K,303,1313110020308,1258120828,19961018,12,경기도 안성시  원곡면 청원로 1785-14,2025,20260319001158,,False,False,중소,"3년 평균 매출 1,104억 ≤ 기준 1,200억, 자산 5,000억 미만",별도,1200,138711086442.0,110427884973.0,136847795698.0,243521604086.0,202385414098.0,204691591318.0,False,,,,,비해당,,,일부해당,기어박스(일부)/자동차 엔진 부품(일부)/자동차 차체 부품(일부)/휠·현가장치·라디에이터(일부),2차 후보(확인 필요),,0,0,0,0,0,0,0,False,2차 후보(확인 필요),,,2차 후보(확인 필요)
00523936,에이치비솔루션(주),297890,K,29272,1311110065514,1298144690,20010906,12,세종특별자치시  소정면 소정산단6로 48 에이치비솔루션 주식회사,2025,20260318001457,,False,False,중소,"3년 평균 매출 964억 ≤ 기준 1,200억, 자산 5,000억 미만",별도,1200,61627839070.0,96366071482.0,304410425552.0,62848643582.0,96850001296.0,308900006194.0,False,,,,,비해당,,,비해당,,비대상,,0,0,0,0,0,0,0,False,비대상,,,비대상
00970453,(주)파마리서치,214450,K,213,1101112183749,2208607450,20010303,12,강원도 강릉시  과학단지로 77-19 &nbsp,2025,20260319001417,,False,False,중견,"3년 평균 매출 3,407억 > 기준 800억, 자산 9,896억 ≥ 5,000억",별도,800,473789922204.0,340673785384.0,989620033035.0,536289118812.0,382471699339.0,1043888016418.0,False,,,,,비해당,,,비해당,,비대상,True,0,0,0,0,0,0,6,False,비대상,,,비대상
01311408,주식회사 에코프로머티리얼즈,450080,Y,28202,1717110132339,8108800647,20170426,12,경상북도 포항시 북구 흥해읍 영일만산단남로75번길 15,2025,20260320000475,에코프로,False,False,중견,공시대상기업집단 소속(중소 제외),별도,1800,392506172705.0,548291991065.0,1729095169605.0,,,,True,IA016210012,(주)에코프로머티리얼즈,28202,,비해당,,,비해당,,비대상,True,0,0,0,0,0,0,4,False,비대상,,,비대상
01185566,(주)휴엠앤씨,263920,K,33999,1201110290289,1378146699,20020625,12,인천광역시 서구 원적로7번길 29 (주)에스엔피월드,2025,20260323001218,,False,False,중소,"3년 평균 매출 493억 ≤ 기준 1,000억, 자산 5,000억 미만",별도,1000,52307212214.0,49320414431.0,62685003756.0,52307212214.0,49320414431.0,61798161465.0,False,,,,,비해당,,,비해당,,비대상,,0,0,0,0,0,0,0,False,비대상,,,비대상
00924931,(주)엔비알모션,0004V0,K,259,1913110017692,6158181731,20110111,12,경상남도 밀양시 부북면 사포산단1길 35,2025,20260514001027,,False,False,중소,"3년 평균 매출 650억 ≤ 기준 1,200억, 자산 5,000억 미만",별도,1200,63094455574.0,65006976826.0,85547354432.0,63094455574.0,65006976826.0,86307585555.0,False,,,,,일부해당,기타 파스너(일부)/단조·압형(일부)/볼트·너트/탱크·용기,,일부해당,금속 주방용기(일부)/단조·압형 제품/못·기타 파스너/스프링(일부)/와이어로프·철망/일반철물(일부),2차 후보(확인 필요),,0,0,0,0,0,0,0,False,2차 후보(확인 필요),,,2차 후보(확인 필요)
01584183,(주)퀄리타스반도체,432720,K,26112,1101116743763,7948100574,20170201,12,"경기도 성남시 분당구 성남대로331번길 8, 609호 &nbsp",2025,20260319000931,,False,False,중소,"3년 평균 매출 74억 ≤ 기준 1,000억, 자산 5,000억 미만",별도,1000,5350047190.0,7399757414.0,83037319427.0,,,,False,,,,,비해당,,,비해당,,비대상,,0,0,0,0,0,0,0,False,비대상,,,비대상
00180263,(주)리더스코스메틱,016100,K,172,1341110021539,1348112735,19861224,12,서울특별시 광진구 능동로 90 더클래식 500 씨 404호,2025,20260323001234,,False,False,중소,"3년 평균 매출 692억 ≤ 기준 1,800억, 자산 5,000억 미만",별도,1800,66063165904.0,69233663544.0,68399257815.0,68313820168.0,70363779515.0,69627860016.0,False,,,,,비해당,,,비해당,,비대상,,0,0,0,0,0,0,0,False,비대상,,,비대상
00888347,휴젤(주),145020,K,211,1101112380890,2118704515,20011122,12,강원특별자치도 춘천시 동내면 거두단지1길 23 -,2025,20260320000349,지에스,True,False,대기업,상호출자제한기업집단 소속,별도,800,292849776347.0,267753371860.0,756797066121.0,425109983561.0,372618936903.0,1076837920124.0,False,,,,,비해당,,,비해당,,비대상,,0,0,0,0,0,0,0,False,비대상,,,비대상
00136165,(주)스페코,013810,K,29229,1348110001545,1248106497,19790207,12,서울특별시 강남구 학동로 171 삼익빌딩 7층,2025,20260318001092,,False,False,중소,"3년 평균 매출 289억 ≤ 기준 1,200억, 자산 5,000억 미만",별도,1200,37646349936.0,28913053111.0,73166385857.0,37964956719.0,29381446269.0,72291118364.0,False,,,,,비해당,,,일부해당,석재 가공기(일부),2차 후보(확인 필요),,0,0,0,0,0,0,0,False,2차 후보(확인 필요),,,2차 후보-약
01555215,(주)스마트레이더시스템,424960,K,272,1311110496206,4368700817,20171016,12,서울특별시 강남구 봉은사로81길 7 -,2025,20260319000672,,False,False,중소,"3년 평균 매출 61억 ≤ 기준 800억, 자산 5,000억 미만",별도,800,9350422602.0,6054350655.0,33707017987.0,9397297026.0,6069975463.0,33682536200.0,False,,,,,비해당,,,일부해당,가스 분석기(일부),2차 후보(확인 필요),,0,0,0,0,0,0,0,False,2차 후보(확인 필요),,,2차 후보-약
01575839,주식회사 플라즈맵,405000,K,27199,1601110395297,7708600063,20150331,12,"경기도 성남시 분당구 대왕판교로 670 에이동 10층 1005호(삼평동, 판교테크노밸리 유스페이스2)",2025,20260319000954,,False,False,중소,"3년 평균 매출 105억 ≤ 기준 800억, 자산 5,000억 미만",별도,800,8433356969.0,10491771065.0,20447736320.0,8482954613.0,10513218355.0,20553334641.0,False,,,,,비해당,,,일부해당,의료기기(일부),2차 후보(확인 필요),,0,0,0,0,0,0,0,False,2차 후보(확인 필요),,,2차 후보-약
00141626,(주)오리엔트바이오,002630,Y,212,1101110030116,2188101142,19590416,03,경기 성남시 중원구 상대원동 143-1,2025,20250619000265,,False,False,중소,"3년 평균 매출 287억 ≤ 기준 800억, 자산 5,000억 미만",별도,800,29397883042.0,28740679503.0,84781838689.0,,,,False,,,,,비해당,,,비해당,,비대상,,0,0,0,0,0,0,0,False,비대상,,,비대상
00113207,대한전선(주),001440,Y,28302,1101110035835,1198110062,19550221,12,경기도 안양시 동안구 관양동 1746-2 대한스마트타워,2025,20260318001418,호반,True,False,대기업,상호출자제한기업집단 소속,별도,1800,3118222633643.0,2915941826615.0,3230289150992.0,3636018215712.0,3257099200837.0,3493282185409.0,True,I1000100003,대한전선 주식회사,28302,,비해당,,,해당,전선·케이블,2차(2028),,0,0,0,0,0,0,0,False,2차(2028),,,2차(2028)
00896753,(주)에코글로우,159910,K,204,1311110165843,1298198293,20060619,12,경기도 파주시 문산읍 돈유2로 14-1 씨동,2025,20260319000929,,False,False,중소,"3년 평균 매출 99억 ≤ 기준 1,200억, 자산 5,000억 미만",별도,1200,9958771103.0,9876140517.0,35273697653.0,9924758012.0,10614130174.0,36772737960.0,False,,,,,비해당,,,비해당,,비대상,,0,0,0,0,0,0,0,False,비대상,,,비대상
01201970,주식회사 셀레스트라,352770,K,213,1358110198797,1358616587,20110621,12,"경기도 수원시 영통구 대학4로 17 제 4층 416호(이의동, 에이스광교타워 1차)",2025,20260407002850,,False,False,중소,"3년 평균 매출 28억 ≤ 기준 800억, 자산 5,000억 미만",별도,800,1677857589.0,2757201732.0,19565501480.0,2007745450.0,7305748409.0,18402094385.0,False,,,,,비해당,,,비해당,,비대상,,0,0,0,0,0,0,0,False,비대상,,,비대상
01316236,효성화학(주),298000,Y,201,1101116770188,1758801164,20180604,12,서울특별시 서초구 반포대로 235,2025,20260311004423,효성,True,False,대기업,상호출자제한기업집단 소속,별도,1200,1271649340387.0,1350391140136.0,1604972491992.0,2340718244068.0,2328848092054.0,2594091115287.0,True,I0020170002,효성화학 주식회사,20111,,비해당,,,비해당,,비대상,,0,0,0,0,0,0,0,False,비대상,,,비대상
00580667,에스엔케이폴리텍(주),091340,K,2629,1355110101465,1348147990,19991108,12,경기도 화성시 마도면 청원산단1길 69 -,2025,20260814002955,,False,False,중소,"3년 평균 매출 122억 ≤ 기준 1,000억, 자산 5,000억 미만",별도,1000,9795832228.0,12235989001.0,68054865530.0,310237496597.0,297130873292.0,254764600039.0,False,,,,,비해당,,,비해당,,비대상,,0,0,0,0,0,0,0,False,비대상,,,비대상
01706794,(주)아이언디바이스,464500,K,26112,1101113892513,2118812569,20080501,12,"서울시 강남구 강남대로 636 7층 (신사동, 두원빌딩)",2025,20260319000120,,False,False,중소,"3년 평균 매출 82억 ≤ 기준 1,000억, 자산 5,000억 미만",별도,1000,10127280088.0,8243742195.0,34158373119.0,10127280088.0,8243742195.0,34205754406.0,False,,,,,비해당,,,비해당,,비대상,,0,0,0,0,0,0,0,False,비대상,,,비대상
00146454,일양약품(주),007570,Y,212,1101110124802,2098100872,19460701,12,경기도 용인시 기흥구  하갈로 110,2025,20260318000595,,False,False,중견,"3년 평균 매출 2,621억 > 기준 800억",별도,800,265790148698.0,262059049295.0,415081995842.0,272422211708.0,269256249266.0,457330667955.0,False,,,,,비해당,,,비해당,,비대상,True,0,0,0,0,0,0,4,False,비대상,,,비대상
00302926,현대로템(주),064350,Y,31910,1942110036336,6098137486,19990701,12,경상남도 창원시 의창구  창원대로 488,2025,20260319001275,현대자동차,True,False,대기업,상호출자제한기업집단 소속,별도,1200,5694994720000.0,4505746790333.0,9051011501000.0,5839031553000.0,4601003954333.0,9318033774000.0,False,,,,,비해당,,,비해당,,비대상,,0,0,0,0,0,0,0,False,비대상,,,비대상
00605124,(주)알파칩스,117670,K,2611,1345110066131,1358158772,20021101,12,"경기도 성남시 분당구 판교역로 225-12 2층, 3층, 4층 (삼평동 671, 제테마)",2025,20260316001038,,False,False,중소,"3년 평균 매출 825억 ≤ 기준 1,000억, 자산 5,000억 미만",별도,1000,82279635343.0,82474876133.0,59836855590.0,,,,False,,,,,비해당,,,비해당,,비대상,,0,0,0,0,0,0,0,False,비대상,,,비대상
00144012,(주)원풍,008370,K,22212,1101110138382,1098104258,19730106,12,서울특별시 강서구 공항대로 343 원풍빌딩 9층,2025,20260320001082,,False,False,중소,"3년 평균 매출 803억 ≤ 기준 1,200억, 자산 5,000억 미만",별도,1200,87635177741.0,80343232346.0,98559108690.0,,,,False,,,,,비해당,,,비해당,,비대상,,0,0,0,0,0,0,0,False,비대상,,,비대상
01786958,주식회사 큐리오시스,494120,K,273,1101115622801,2648148780,20150122,12,"서울특별시 강남구 테헤란로38길 10, 4층",2025,20260316000751,,False,False,중소,"3년 평균 매출 47억 ≤ 기준 800억, 자산 5,000억 미만",별도,800,6817768297.0,4730571670.0,34021168454.0,7302782626.0,5310759882.0,34228606164.0,False,,,,,비해당,,,비해당,,비대상,,0,0,0,0,0,0,0,False,비대상,,,비대상
00117230,주식회사 티와이엠,002900,Y,29210,1101110032899,1068128552,19600201,12,서울특별시 용산구 장문로 52 동빙고동,2025,20260318001226,,False,False,중견,"3년 평균 매출 6,974억 > 기준 1,200억, 자산 7,991억 ≥ 5,000억",별도,1200,741394134704.0,697387307038.0,799132690759.0,929360802636.0,851541993361.0,852366217524.0,False,,,,,비해당,,,해당,농기계,2차(2028),True,0,0,0,0,0,0,15,False,2차(2028),,,2차(2028)
00147152,(주)유니크,011320,K,303,1801110024496,6038103047,19760421,12,경상남도 김해시  진영읍 서부로179번길 90 (주)유니크,2025,20260320001049,,False,False,중견,"3년 평균 매출 3,739억 > 기준 1,200억",별도,1200,424528575466.0,373885233395.0,289957926070.0,430183306362.0,377978341269.0,299697155212.0,False,,,,,비해당,,,일부해당,기어박스(일부)/자동차 엔진 부품(일부)/자동차 차체 부품(일부)/휠·현가장치·라디에이터(일부),2차 후보(확인 필요),True,0,0,4,0,0,0,1,True,"2차(2028, 제품명 확인)",보류,변속기 제어 솔레노이드 밸브 (밸브류),2차 후보(확인 필요)
00153393,태광산업(주),003240,Y,20501,1101110185276,2038143626,19610915,12,서울특별시 중구  동호로 310 (장충동2가),2025,20260323001584,태광,False,False,중견,공시대상기업집단 소속(중소 제외),별도,1200,1711255928719.0,1877066620552.0,3836925763375.0,1827439561466.0,1993769677044.0,4498283132949.0,True,I0200100010,태광산업 주식회사,20111,,비해당,,,비해당,,비대상,True,2,0,0,0,0,0,2,False,비대상,,,비대상
00366942,(주)미코,059090,K,261,1346110012744,1258129377,19990716,12,경기도 안성시 대덕면 모산로 53 -,2025,20260323001611,,False,False,중견,"자산 6,144억 ≥ 5,000억",별도,1000,61105182172.0,47033556464.0,614361956971.0,977036793661.0,633065524982.0,2264573968886.0,False,,,,,비해당,,,비해당,,비대상,True,0,0,0,0,0,0,5,False,비대상,,,비대상
00681249,(주)씨유메디칼시스템,115480,K,27112,1412110022619,2248124096,20011213,12,강원도 원주시  문막읍 동화공단로 130-1,2025,20260724000403,,False,False,중소,"3년 평균 매출 389억 ≤ 기준 800억, 자산 5,000억 미만",별도,800,44150938464.0,38882191365.0,93729169906.0,48222586383.0,43551659644.0,99662942214.0,False,,,,,비해당,,,비해당,,비대상,,0,0,0,0,0,0,0,False,비대상,,,비대상
00493325,(주)에이엘티,172670,K,2612,1501110075164,3018170596,20030723,12,충청북도 청주시 흥덕구 옥산면 과학산업1로 82-19 &nbsp,2025,20260323000831,,False,False,중소,"3년 평균 매출 393억 ≤ 기준 1,000억, 자산 5,000억 미만",별도,1000,42813533802.0,39312555178.0,204176897884.0,48358194953.0,44237720753.0,205375473006.0,False,,,,,비해당,,,비해당,,비대상,,0,0,0,0,0,0,0,False,비대상,,,비대상
00261054,(주)이지,037370,K,201,1615110003619,3058108153,19870515,12,전라남도 광양시 명당3길 118 -,2025,20260316001628,,False,False,중소,"3년 평균 매출 295억 ≤ 기준 1,200억, 자산 5,000억 미만",별도,1200,23856336338.0,29526461088.0,90576197272.0,62750627943.0,63253978059.0,151597052789.0,False,,,,,비해당,,,비해당,,비대상,,0,0,0,0,0,0,0,False,비대상,,,비대상
00400857,(주)에이블씨엔씨,078520,Y,20423,1101111846174,1198134685,20000107,12,"서울특별시 중구 남대문로 78 7층(명동1가, 타임워크명동빌딩)",2025,20260320000406,,False,False,중견,"3년 평균 매출 1,819억 > 기준 1,200억",별도,1200,179925708861.0,181921897864.0,155966719013.0,242001742092.0,236596630899.0,163761224039.0,False,,,,,비해당,,,비해당,,비대상,True,0,0,0,0,0,0,11,False,비대상,,,비대상
00127802,삼익THK(주),004380,Y,29141,1701110000935,5038110869,19651005,12,대구광역시 달서구  성서동로 163,2025,20260319001288,,False,False,중견,"3년 평균 매출 2,793억 > 기준 1,200억",별도,1200,218571446719.0,279260397692.0,388375624532.0,222175005872.0,280747179987.0,392780111552.0,False,,,,,비해당,,,비해당,,비대상,True,0,0,1,0,0,0,6,True,비대상,,,비대상
00149947,JW중외제약(주),001060,Y,212,1101110019342,1188102477,19450808,12,경기도 과천시 과천대로7길 38 -,2025,20260318001544,,False,False,중견,"3년 평균 매출 7,396억 > 기준 800억, 자산 5,959억 ≥ 5,000억",별도,800,767150151569.0,739603905924.0,595935478279.0,775298057923.0,747733507360.0,605273167595.0,False,,,,,비해당,,,비해당,,비대상,True,0,0,0,0,0,0,0,False,비대상,,,비대상
01194607,주식회사 비츠로넥스텍,488900,K,31322,1314110373599,8708100451,20160830,12,경기도 안산시 단원구 장자골로 11,2025,20260714000375,,False,False,중소,"3년 평균 매출 376억 ≤ 기준 1,200억, 자산 5,000억 미만",별도,1200,36790989927.0,37563341610.0,113784541586.0,,,,False,,,,,비해당,,,비해당,,비대상,,0,0,0,0,0,0,0,False,비대상,,,비대상
00158024,케이비아이메탈(주),024840,K,242,1741110001294,5148105779,19870225,12,대구광역시 달성군 논공읍 논공로87길 88 갑을메탈 대구공장,2025,20260319000983,,False,False,중견,"3년 평균 매출 6,870억 > 기준 1,800억",별도,1800,729896666423.0,687043514719.0,280324187205.0,758566539460.0,715431245153.0,389288152677.0,False,,,,,일부해당,알루미늄,,비해당,,2차 후보(확인 필요),True,0,0,0,0,0,0,1,False,2차 후보(확인 필요),,,2차 후보(확인 필요)
00256502,(주)에이텍,045660,K,291,1101110954374,2148156422,19930630,12,"경기도 성남시 분당구 판교로 289 (삼평동, 에이텍빌딩)",2025,20260619000542,,False,False,중소,"3년 평균 매출 630억 ≤ 기준 1,200억, 자산 5,000억 미만",별도,1200,140163135010.0,63029743257.0,147713351817.0,160212667134.0,69814468591.0,172312823912.0,False,,,,,비해당,,,일부해당,냉동장비 부품·냉각탑(일부)/디젤 엔진(일부)/버너(일부)/분사기(일부)/엔진용·소형 펌프(일부)/크레인·컨베이어 등,2차 후보(확인 필요),,0,0,0,0,0,0,0,False,2차 후보(확인 필요),,,2차 후보(확인 필요)
00271501,(주)코아시아,045970,K,262,1101110944622,2148155613,19930525,12,인천광역시 남동구  남동서로 193 (주)비에스이홀딩스,2025,20260319001354,,False,False,중소,"3년 평균 매출 585억 ≤ 기준 1,000억, 자산 5,000억 미만",별도,1000,60842534744.0,58546324741.0,218645492027.0,375129006470.0,370189622056.0,360325583031.0,False,,,,,비해당,,,비해당,,비대상,,0,0,0,0,0,0,0,False,비대상,,,비대상
00145163,파미셀(주),005690,Y,262,1601110005177,3148100664,19680820,12,"서울특별시 강남구 언주로 874 (신사동, 쌍봉빌딩 7층)",2025,20260318000243,,False,False,중소,"3년 평균 매출 784억 ≤ 기준 1,000억, 자산 5,000억 미만",별도,1000,114061538479.0,78380073745.0,157172891322.0,,,,False,,,,,비해당,,,비해당,,비대상,,0,0,0,0,0,0,0,False,비대상,,,비대상
00152385,(주)에이프로젠,007460,Y,212,1101110122731,2198100146,19711115,12,"경기도 성남시 중원구 둔촌대로 545 경기도 성남시 중원구 둔촌대로545, 비1층 (상대원동, 한라시그마밸리)",2025,20260323001476,,False,False,중견,"자산 6,752억 ≥ 5,000억",별도,800,38634626122.0,64715071434.0,675188359999.0,117974152260.0,139555235518.0,717264630402.0,False,,,,,비해당,,,비해당,,비대상,True,0,0,0,0,0,0,58,False,비대상,,,비대상
00404941,(주)한텍,098070,K,251,2301110052355,6108133200,19981009,12,울산광역시 울주군 온산읍 연자로 51,2025,20260318000570,,False,False,중견,"3년 평균 매출 1,688억 > 기준 1,200억",별도,1200,171902906776.0,168787299034.0,229365534402.0,171902906776.0,168800365701.0,229602281586.0,False,,,,,일부해당,구조물/탱크·용기,,비해당,,2차 후보(확인 필요),True,0,0,0,0,0,0,0,False,2차 후보(확인 필요),,,2차 후보(확인 필요)
00409964,(주)하이텍팜,106190,K,211,1545110012907,3038120127,19980901,12,충청북도 충주시 대소원면 첨단산업6로 12 (주)하이텍팜,2025,20260312001020,,False,False,중소,"3년 평균 매출 748억 ≤ 기준 800억, 자산 5,000억 미만",별도,800,70183145366.0,74822801153.0,143696600479.0,,,,False,,,,,비해당,,,비해당,,비대상,,0,0,0,0,0,0,0,False,비대상,,,비대상
00530413,(주)더코디,224060,K,262,1615110031686,3128137108,19990727,12,충청남도 천안시 서북구 백석공단2길 62,2025,20260323001675,,False,False,중소,"3년 평균 매출 134억 ≤ 기준 1,000억, 자산 5,000억 미만",별도,1000,17512528940.0,13445603805.0,51970432124.0,25266240903.0,24204067536.0,72309703321.0,False,,,,,비해당,,,비해당,,비대상,,0,0,0,0,0,0,0,False,비대상,,,비대상
00107224,(주)남선알미늄,008350,Y,24222,1701110005042,5028100107,19730104,12,대구광역시 달성군  논공읍 논공중앙로 288,2025,20260323001569,SM,True,False,대기업,상호출자제한기업집단 소속,별도,1800,257675635632.0,285904616870.0,331823528086.0,258921909120.0,286320041366.0,437277779372.0,False,,,,,해당,알루미늄,원재료,비해당,,1차(2027),,0,0,0,0,0,0,0,False,1차(2027),,,1차(2027)
00117629,케이비아이동양철관(주),008970,Y,2413,1201110002056,1228100857,19730628,12,충청남도 천안시 동남구  풍세면 풍세로 515 동양철관(주),2025,20260318001380,,False,False,중견,"3년 평균 매출 2,018억 > 기준 1,800억",별도,1800,180127244534.0,201840393248.0,212560699210.0,234784294346.0,254460660491.0,239457342235.0,False,,,,,해당,철강,원재료,비해당,,1차(2027),True,0,0,0,0,0,0,7,False,1차(2027),,,1차(2027)
00160010,(주)한국큐빅,021650,K,2229,1350110031042,1348100374,19890513,12,경기도 안산시 단원구 첨단로245번길 58 성곡동 679-1번지,2025,20260313000831,,False,False,중소,"3년 평균 매출 356억 ≤ 기준 1,200억, 자산 5,000억 미만",별도,1200,28753686868.0,35576380033.0,98133532577.0,227225841275.0,243823412248.0,163085716744.0,False,,,,,비해당,,,비해당,,비대상,,0,0,0,0,0,0,0,False,비대상,,,비대상
01221752,(주)지에프씨생명과학,388610,K,20495,1101112548993,2118716248,20020618,12,경기도 화성시 동탄순환대로 823 17층,2025,20260318000998,,False,False,중소,"3년 평균 매출 167억 ≤ 기준 1,200억, 자산 5,000억 미만",별도,1200,17714780998.0,16651167010.0,33833189088.0,,,,False,,,,,비해당,,,비해당,,비대상,,0,0,0,0,0,0,0,False,비대상,,,비대상
01504211,(주)라메디텍,462510,K,2711,1101114778316,1198651786,20120113,12,"서울특별시 금천구 벚꽃로 234 제 10층 제1002호, 제17층 제1701호,1702호, 1704호 (가산동,에이스하이엔드",2025,20260814003320,,False,False,중소,"3년 평균 매출 56억 ≤ 기준 800억, 자산 5,000억 미만",별도,800,7187488048.0,5560865728.0,25199789859.0,,,,False,,,,,비해당,,,비해당,,비대상,,0,0,0,0,0,0,0,False,비대상,,,비대상
00125530,(주)삼립,005610,Y,108,1101110090516,1338122244,19680628,12,경기도 시흥시 공단1대로 101,2025,20260318001066,,False,False,중견,"3년 평균 매출 16,452억 > 기준 1,200억, 자산 8,867억 ≥ 5,000억",별도,1200,1606120134768.0,1645158623441.0,886708271129.0,3370480879745.0,3410574464911.0,1244873302783.0,False,,,,,비해당,,,비해당,,비대상,True,0,0,0,0,0,0,0,False,비대상,,,비대상
00129679,(주)녹십자,006280,Y,212,1101110109854,3038117108,19691101,12,경기도 용인시 기흥구  이현로30번길 107(보정동),2025,20260318001316,,False,False,중견,"3년 평균 매출 13,154억 > 기준 800억, 자산 23,918억 ≥ 5,000억",별도,800,1460353744344.0,1315384916276.0,2391757973580.0,1991279093821.0,1765938283706.0,2971095184896.0,True,I0500130103,녹십자,21210,,비해당,,,비해당,,비대상,True,0,0,0,0,0,0,15,False,비대상,,,비대상
00407036,선바이오(주),067370,K,212,1101111424243,2138632344,19970610,12,인천광역시 남동구 은봉로 129 -,2025,20260316000852,,False,False,중소,"3년 평균 매출 115억 ≤ 기준 800억, 자산 5,000억 미만",별도,800,13672512814.0,11549058464.0,60680113162.0,,,,False,,,,,비해당,,,비해당,,비대상,,0,0,0,0,0,0,0,False,비대상,,,비대상
00541437,(주)코렌텍,104540,K,27112,1101111983653,1078184746,20000530,12,충청남도 천안시 서북구 입장면 영산홍1길 12,2025,20260319001143,,False,False,중소,"3년 평균 매출 704억 ≤ 기준 800억, 자산 5,000억 미만",별도,800,76480454574.0,70355577780.0,121736568098.0,100428537181.0,92689603870.0,171927246497.0,False,,,,,비해당,,,비해당,,비대상,,0,0,0,0,0,0,0,False,비대상,,,비대상
00554352,아이큐어(주),175250,K,204,1101111982720,1148199306,20000529,12,서울특별시 강남구 봉은사로104길 10 7층,2025,20260507000634,,False,False,중소,"3년 평균 매출 560억 ≤ 기준 1,200억, 자산 5,000억 미만",별도,1200,82838066575.0,56005513929.0,89874346646.0,83384563119.0,63589635268.0,90499633547.0,False,,,,,비해당,,,비해당,,비대상,,0,0,0,0,0,0,0,False,비대상,,,비대상
00619640,(주)에코앤드림,101360,K,282,1101113085598,1178151806,20040916,12,충청북도 청주시 흥덕구 직지대로409번길 37,2025,20260403002080,,False,False,중소,"3년 평균 매출 946억 ≤ 기준 1,800억, 자산 5,000억 미만",별도,1800,135550606124.0,94634205690.0,464032131420.0,141958412396.0,99438372845.0,464749775946.0,False,,,,,비해당,,,비해당,,비대상,,0,0,0,0,0,0,0,False,비대상,,,비대상
00813389,(주)베셀,177350,K,222,1358110105388,1248621867,20040617,12,경기도 수원시 권선구 서수원로99번길 20 ㈜베셀,2025,20260323001310,,False,False,중소,"3년 평균 매출 163억 ≤ 기준 1,200억, 자산 5,000억 미만",별도,1200,16551941963.0,16291264426.0,58257178172.0,16571060267.0,22804904293.0,58362007088.0,False,,,,,비해당,,,비해당,,비대상,,0,0,0,0,0,0,0,False,비대상,,,비대상
00138242,케이지모빌리티(주),003620,Y,301,1101110035132,1258114248,19621206,12,경기도 평택시  동삭로 455-12,2025,20260318000964,KG,False,False,중견,공시대상기업집단 소속(중소 제외),별도,1200,4243263756974.0,3935261288155.0,3301456353790.0,4303636808271.0,3981691721546.0,3369204394425.0,True,I1200100012,케이지모빌리티 주식회사,30121,,비해당,,,일부해당,디젤 엔진(일부)/화물자동차,2차 후보(확인 필요),True,0,0,0,0,0,0,16,False,2차 후보(확인 필요),,,2차 후보(확인 필요)
01299106,농업회사법인 우듬지팜 주식회사,403490,K,103,1643110019980,3088208921,20110518,12,충청남도 부여군 규암면 흥수로 698,2025,20260324000162,,False,False,중소,"3년 평균 매출 593억 ≤ 기준 1,200억, 자산 5,000억 미만",별도,1200,59129464070.0,59334802690.0,76706848217.0,63676776798.0,61386386368.0,76258893433.0,False,,,,,비해당,,,비해당,,비대상,,0,0,0,0,0,0,0,False,비대상,,,비대상
00244455,(주)케이티앤지,033780,Y,12000,1601110067804,3068130866,19870401,12,대전광역시 대덕구 벚꽃길 71 주식회사 케이티앤지,2025,20260318001422,케이티앤지,True,False,대기업,상호출자제한기업집단 소속,별도,1000,4145475000000.0,3812239666667.0,11364292000000.0,6579707000000.0,6117035666667.0,14189127000000.0,True,F0012130001,(주)케이티앤지,12000,,비해당,,,비해당,,비대상,,0,0,0,0,0,0,0,False,비대상,,,비대상
00525679,(주)차바이오텍,085660,K,211,1345110065662,1358158340,20021105,12,서울특별시 강남구 도산대로 442 청담동 피엔폴루스 3층,2025,20260609000370,,False,False,중견,"자산 9,293억 ≥ 5,000억",별도,800,62225154102.0,61803835569.0,929274115377.0,1268253668584.0,1089084704280.0,2547575322447.0,False,,,,,비해당,,,비해당,,비대상,True,0,0,0,0,0,0,8,False,비대상,,,비대상
01053540,(주)퓨쳐켐,220100,K,212,1246110260311,1218146715,20010813,12,서울특별시 성동구 성수일로10길 26 하우스디세종타워 1802호 (성수동2가),2025,20260318000404,,False,False,중소,"3년 평균 매출 81억 ≤ 기준 800억, 자산 5,000억 미만",별도,800,8547760075.0,8123206425.0,67077934962.0,18670511678.0,16643931460.0,74530577453.0,False,,,,,비해당,,,비해당,,비대상,,0,0,0,0,0,0,0,False,비대상,,,비대상
01035678,(주)링크드,193250,K,2629,1101113016999,2048185390,20040521,12,"서울특별시 강남구 테헤란로78길 16 1001호(대치동, 노벨빌딩)",2025,20260320000272,,False,False,중소,"3년 평균 매출 41억 ≤ 기준 1,000억, 자산 5,000억 미만",별도,1000,4482620371.0,4070190939.0,60664112716.0,10455279389.0,14901838433.0,71845993900.0,False,,,,,비해당,,,비해당,,비대상,,0,0,0,0,0,0,0,False,비대상,,,비대상
00107598,남양유업(주),003920,Y,104,1101110092976,2028104367,19640313,12,서울특별시 강남구 도산대로 240 1964빌딩,2025,20260319001235,,False,False,중견,"3년 평균 매출 9,295억 > 기준 1,200억, 자산 9,871억 ≥ 5,000억",별도,1200,879032515798.0,929524350447.0,987110261077.0,914148968157.0,954568842168.0,1095486409669.0,False,,,,,비해당,,,비해당,,비대상,True,0,0,0,0,0,0,1,False,비대상,,,비대상
00105873,엘지디스플레이(주),034220,Y,2621,1101110393134,1208155297,19850228,12,서울특별시 영등포구 여의대로 128 LG트윈타워 (동관 12층),2025,20260311003822,엘지,True,False,대기업,상호출자제한기업집단 소속,별도,1000,24115926000000.0,23035209666667.0,24811122000000.0,25810082000000.0,24585416000000.0,26916700000000.0,True,I1100100022,엘지디스플레이(주),26211,,비해당,,,비해당,,비대상,,0,0,0,0,0,0,0,False,비대상,,,비대상
00367482,(주)빛과전자,069540,K,264,1601110075170,3148123352,19981027,12,대전광역시 대덕구 문평동로 68,2025,20260320001115,,False,False,중소,"3년 평균 매출 218억 ≤ 기준 1,000억, 자산 5,000억 미만",별도,1000,30049720940.0,21806228228.0,88489969014.0,31770167371.0,23865892108.0,92614988770.0,False,,,,,비해당,,,비해당,,비대상,,0,0,0,0,0,0,0,False,비대상,,,비대상
00876865,(주)네오오토,212560,K,303,1101114255801,1048625573,20100106,12,"서울특별시 종로구 새문안로5길 19 6층(당주동, 로얄빌딩)",2025,20260319001301,,False,False,중견,"3년 평균 매출 2,163억 > 기준 1,200억",별도,1200,232116353603.0,216303808230.0,224367055315.0,,,,False,,,,,비해당,,,일부해당,기어박스(일부)/자동차 엔진 부품(일부)/자동차 차체 부품(일부)/휠·현가장치·라디에이터(일부),2차 후보(확인 필요),True,0,0,156,1,0,0,0,True,"2차(2028, 제품명 확인)",확인,변속기용 기어류,"2차(2028, 제품명 확인)"
01702017,(주)유니드비티플러스,446070,Y,16102,1101118466280,4848802669,20221102,12,"서울특별시 중구 서소문로 50 6층(중림동, 센트럴플레이스)",2025,20260318001647,오씨아이,True,False,대기업,상호출자제한기업집단 소속,별도,1000,157531389366.0,173737030264.0,220373040343.0,,,,True,I0020200005,주식회사 유니드비티플러스,16212,,비해당,,,비해당,,비대상,,0,0,0,0,0,0,0,False,비대상,,,비대상
00141404,블루산업개발 주식회사,006740,Y,172,1347110000408,1258100424,19700718,12,경기도 평택시 진위면 서탄로 9,2025,20260323001405,,False,False,중소,"3년 평균 매출 817억 ≤ 기준 1,800억, 자산 5,000억 미만",별도,1800,84667014355.0,81701171931.0,154826338867.0,93251674239.0,87977529585.0,165184475641.0,True,I0300100038,블루산업개발 주식회사,17129,,비해당,,,비해당,,비대상,,0,0,0,0,0,0,0,False,비대상,,,비대상
01223219,에이에프더블류(주),312610,K,242,1752110007968,5048127679,19980916,12,대구광역시 달성군 구지면 국가산단대로33길 270 -,2025,20260317000168,,False,False,중소,"3년 평균 매출 121억 ≤ 기준 1,800억, 자산 5,000억 미만",별도,1800,13707979371.0,12091371459.0,67396282298.0,,,,False,,,,,일부해당,알루미늄,,비해당,,2차 후보(확인 필요),,0,0,0,0,0,0,0,False,2차 후보(확인 필요),,,2차 후보(확인 필요)
00479705,(주)케스피온,079190,K,26422,1101111551608,1098154326,19980601,12,"인천광역시 남동구 은봉로 114번길 27 논현동, 52블럭 4로트",2025,20260319000021,,False,False,중소,"3년 평균 매출 52억 ≤ 기준 1,000억, 자산 5,000억 미만",별도,1000,3867320176.0,5187302362.0,27517809891.0,44149955336.0,46462421070.0,24322659443.0,False,,,,,비해당,,,비해당,,비대상,,0,0,0,0,0,0,0,False,비대상,,,비대상
00126362,삼성SDI(주),006400,Y,28202,1101110394174,1248131282,19700120,12,경기도 용인시 기흥구  공세로 150-20,2025,20260310002954,삼성,True,False,대기업,상호출자제한기업집단 소속,별도,1800,11455690694760.0,15553309478031.0,22103874635370.0,13266730679499.0,17098589323779.0,42255338580919.0,True,I1100100010,삼성에스디아이 주식회사,28202,,비해당,,,비해당,,비대상,,0,0,0,0,0,0,0,False,비대상,,,비대상
01573336,(주)토모큐브,475960,K,27309,1601110406466,5148800190,20150824,12,대전광역시 유성구 죽동로 141 2층,2025,20260320000110,,False,False,중소,"3년 평균 매출 65억 ≤ 기준 800억, 자산 5,000억 미만",별도,800,9579343762.0,6453692008.0,41454024513.0,11306726320.0,6997547243.0,41512112634.0,False,,,,,비해당,,,비해당,,비대상,,0,0,0,0,0,0,0,False,비대상,,,비대상
01089350,(주)켐트로스,220260,K,204,1101115723120,8388800039,20150514,12,경기도 안산시 단원구 능안로 7 -,2025,20260323001177,,False,False,중소,"3년 평균 매출 515억 ≤ 기준 1,200억, 자산 5,000억 미만",별도,1200,56809696904.0,51527530339.0,124211924370.0,,,,False,,,,,비해당,,,비해당,,비대상,,0,0,0,0,0,0,0,False,비대상,,,비대상
01359815,(주)한울반도체,320000,K,292,1101117032545,5598601510,20190305,12,경기도 군포시 고산로 166 104동 1001호,2025,20260320001333,,False,False,중소,"3년 평균 매출 123억 ≤ 기준 1,200억, 자산 5,000억 미만",별도,1200,11462850473.0,12294570333.0,69381867814.0,11462850473.0,12294570333.0,130189938220.0,False,,,,,비해당,,,일부해당,건설·광업 기계/농기계/산업용 로봇/석재 가공기(일부)/주조·야금 기계,2차 후보(확인 필요),,0,0,0,0,0,0,0,False,2차 후보(확인 필요),,,2차 후보(확인 필요)
00815369,(주)에스제이엠,123700,Y,303,1314110241465,1348666202,20100504,12,경기도 안산시 단원구  별망로459번길 20 (주)에스제이엠,2025,20260319001071,,False,False,중소,"3년 평균 매출 783억 ≤ 기준 1,200억, 자산 5,000억 미만",별도,1200,77345617220.0,78268815266.0,202738046251.0,201415058405.0,200735881839.0,285846523155.0,False,,,,,비해당,,,일부해당,기어박스(일부)/자동차 엔진 부품(일부)/자동차 차체 부품(일부)/휠·현가장치·라디에이터(일부),2차 후보(확인 필요),,0,0,0,0,0,0,0,False,2차 후보(확인 필요),,,2차 후보(확인 필요)
01020843,(주)원익피앤이,217820,K,292,1348110045535,1248167704,19991110,12,경기도 수원시 권선구 산업로 185 (주)원익피앤이,2025,20260318000720,원익,False,False,중견,공시대상기업집단 소속(중소 제외),별도,1200,373765329207.0,313729544925.0,319663098945.0,390690915662.0,330746338634.0,316302513296.0,False,,,,,비해당,,,일부해당,건설·광업 기계/농기계/산업용 로봇/석재 가공기(일부)/주조·야금 기계,2차 후보(확인 필요),True,0,1,0,0,0,0,21,False,2차 후보(확인 필요),,,2차 후보(확인 필요)
00121543,(주)무학,033920,Y,11122,1901110002721,6088107131,19730919,12,경상남도 창원시 마산회원구  봉암공단2길 6,2025,20260318000658,,False,False,중견,"3년 평균 매출 1,434억 > 기준 800억, 자산 7,139억 ≥ 5,000억",별도,800,139567140470.0,143355223568.0,713897282732.0,143830395069.0,147487782381.0,719917915104.0,False,,,,,비해당,,,비해당,,비대상,True,0,0,0,0,0,0,2,False,비대상,,,비대상
00815095,우리이앤엘하루틴(주),153490,K,2612,1314110212929,1348648994,20080609,12,경기도 안산시 단원구  성곡로 79,2025,20260323000560,,False,False,중견,"3년 평균 매출 1,370억 > 기준 1,000억",별도,1000,119952903890.0,136999958331.0,125289903608.0,121210836014.0,136676035221.0,122006821491.0,False,,,,,비해당,,,비해당,,비대상,True,0,0,0,0,0,0,0,False,비대상,,,비대상
00556712,(주)힘스,238490,K,29272,1101111634272,2298135638,19990115,12,인천광역시 남동구 남동서로 126,2025,20260626000038,,False,False,중소,"3년 평균 매출 569억 ≤ 기준 1,200억, 자산 5,000억 미만",별도,1200,59259188126.0,56874272097.0,89181987012.0,,,,False,,,,,비해당,,,비해당,,비대상,,0,0,0,0,0,0,0,False,비대상,,,비대상
00132211,(주)선앤엘,002820,Y,22232,1101110027593,1098133530,19591017,12,인천광역시 중구 월미로 96,2025,20260323000705,,False,False,중견,"3년 평균 매출 1,631억 > 기준 1,200억",별도,1200,108814425781.0,163094631305.0,427270657813.0,272403719123.0,350935933027.0,473160410615.0,False,,,,,비해당,,,비해당,,비대상,True,0,0,0,0,0,0,2,False,비대상,,,비대상
01514698,(주)엑스플러스,373200,K,339,1101117695210,3488801710,20201125,12,서울특별시 송파구 송파대로 201 A동 13층,2025,20260319000006,,False,False,중소,"3년 평균 매출 87억 ≤ 기준 1,000억, 자산 5,000억 미만",별도,1000,5777698338.0,8660132608.0,57919209254.0,10076623856.0,10093107780.0,57254583469.0,False,,,,,비해당,,,비해당,,비대상,,0,0,0,0,0,0,0,False,비대상,,,비대상
00925374,주식회사 윤성에프앤씨,372170,K,292,1355110102249,1348150350,19991213,12,경기도 안성시  공도읍 문터길 72-23,2025,20260323001135,,False,False,중견,"3년 평균 매출 2,273억 > 기준 1,200억",별도,1200,98684297762.0,227308872253.0,265656079441.0,100175134197.0,228129944304.0,267401786179.0,False,,,,,비해당,,,일부해당,건설·광업 기계/농기계/산업용 로봇/석재 가공기(일부)/주조·야금 기계,2차 후보(확인 필요),True,0,0,0,0,0,0,17,False,2차 후보(확인 필요),,,2차 후보(확인 필요)
00160861,(주)한농화성,011500,Y,20421,2111110001090,4018101273,19760710,12,"전라북도 군산시  외항1길 24 (소룡동,0)",2025,20260319000612,,False,False,중견,"3년 평균 매출 2,248억 > 기준 1,200억",별도,1200,214492954042.0,224787396257.0,238342326227.0,,,,False,,,,,비해당,,,비해당,,비대상,True,0,0,0,0,0,0,0,False,비대상,,,비대상
00660033,(주)씨엔플러스,115530,K,262,1201110330796,1318182038,20031110,12,경기도 시흥시 시화벤처로 305 B동(정왕동),2025,20260821000672,,False,False,중소,"3년 평균 매출 429억 ≤ 기준 1,000억, 자산 5,000억 미만",별도,1000,52161063758.0,42889234938.0,39483037678.0,53617316563.0,45790504545.0,48532145344.0,False,,,,,비해당,,,비해당,,비대상,,0,0,0,0,0,0,0,False,비대상,,,비대상
00141529,(주)오뚜기,007310,Y,108,1341110002258,1388103238,19710603,12,경기도 안양시 동안구  흥안대로 405,2025,20260318000621,,False,False,중견,"3년 평균 매출 29,293억 > 기준 1,200억, 자산 25,945억 ≥ 5,000억",별도,1200,2988655024536.0,2929257730191.0,2594456353175.0,3674545422005.0,3556071594099.0,3641076426477.0,True,F2800140009,(주)오뚜기,10751,,비해당,,,비해당,,비대상,True,0,0,0,0,0,0,3,False,비대상,,,비대상
00445160,APS이노베이션 주식회사,079810,K,289,1615110044697,3128150095,20010801,12,경기도 오산시 가장산업서북로 40-56 -,2025,20260319000618,,False,False,중소,"3년 평균 매출 1,156억 ≤ 기준 1,800억, 자산 5,000억 미만",별도,1800,73668045803.0,115568312375.0,220474056591.0,73985134062.0,115904350343.0,220491796266.0,False,,,,,비해당,,,비해당,,비대상,,0,0,0,0,0,0,0,False,비대상,,,비대상
00503668,엘아이지디펜스앤에어로스페이스(주),079550,Y,25200,1101111516933,2158635051,19980225,12,경기도 용인시 기흥구 마북로 207 엘아이지넥스원(주),2025,20260323001211,엘아이지,False,False,중견,공시대상기업집단 소속(중소 제외),별도,1200,4289984583062.0,3283827314326.0,7832920569033.0,4306936127418.0,3297282242907.0,8064772884180.0,False,,,,,비해당,,,비해당,,비대상,True,0,0,0,0,0,0,5,False,비대상,,,비대상
00462121,(주)엘아이지아큐버,073490,K,2642,1101112078073,1208612537,20000927,12,경기도 성남시 분당구 서현로 190-,2025,20260325001192,엘아이지,False,False,중견,공시대상기업집단 소속(중소 제외),별도,1000,75068036053.0,77804250118.0,163549087111.0,186100825069.0,171063919451.0,228114201717.0,False,,,,,비해당,,,비해당,,비대상,True,0,0,0,0,0,0,5,False,비대상,,,비대상
01307593,(주)에이아이코리아,364950,K,29271,1348110309577,1358646965,20140822,12,경기도 수원시 권선구 산업로 94 -,2025,20260313001213,,False,False,중소,"3년 평균 매출 855억 ≤ 기준 1,200억, 자산 5,000억 미만",별도,1200,73644877185.0,85485396234.0,70956463251.0,86949654104.0,92780447703.0,83207949869.0,False,,,,,비해당,,,비해당,,비대상,,0,0,0,0,0,0,0,False,비대상,,,비대상
01110474,풍전약품(주),298060,K,212,1201110715352,1218634816,20140702,12,"인천광역시 연수구 갯벌로145번길 7-7 (송도동, 에스씨엠생명과학(주))",2025,20260316001672,,False,False,중소,"3년 평균 매출 17억 ≤ 기준 800억, 자산 5,000억 미만",별도,800,3630834358.0,1717110967.0,42244841196.0,23839029791.0,8453176112.0,51993772289.0,False,,,,,비해당,,,비해당,,비대상,,0,0,0,0,0,0,0,False,비대상,,,비대상
00151298,DSR제강(주),069730,Y,24123,1801110004753,6178102687,19710901,12,전라남도 순천시  서면 산단1길 15,2025,20260318001149,,False,False,중견,"3년 평균 매출 2,174억 > 기준 1,800억",별도,1800,223570015476.0,217368673734.0,255480907389.0,226550389881.0,218362131869.0,258456517662.0,False,,,,,해당,철강,원재료,비해당,,1차(2027),True,0,0,0,0,0,0,7,False,1차(2027),,,1차(2027)
00378363,(주)삼에스코리아,060310,K,272,1101110746474,1298116215,19910128,03,서울특별시 금천구 가산디지털1로 75-24 1310호,2025,20250618000208,,False,False,중소,"3년 평균 매출 355억 ≤ 기준 800억, 자산 5,000억 미만",별도,800,25949934639.0,35489680538.0,75952058517.0,29022184967.0,38158430528.0,74789041969.0,False,,,,,비해당,,,일부해당,가스 분석기(일부),2차 후보(확인 필요),,0,0,0,0,0,0,0,False,2차 후보(확인 필요),,,2차 후보-약
00761183,신성에스티(주),416180,K,30399,1942110068066,6098163913,20040616,12,경상남도 창원시 마산회원구 3·15대로 711 대아빌딩,2025,20260316001016,,False,False,중소,"3년 평균 매출 479억 ≤ 기준 1,200억, 자산 5,000억 미만",별도,1200,51324086595.0,47882696140.0,151570250380.0,116912967727.0,122871252553.0,245528487436.0,False,,,,,비해당,,,일부해당,휠·현가장치·라디에이터(일부),2차 후보(확인 필요),,0,0,0,0,0,0,0,False,2차 후보(확인 필요),,,2차 후보(확인 필요)
00938721,주식회사 필옵틱스,161580,K,2927,1351110088083,1238613175,20080205,12,경기도 오산시 지곶중앙로 1-19 -,2025,20260324000644,,False,False,중소,"3년 평균 매출 1,006억 ≤ 기준 1,200억, 자산 5,000억 미만",별도,1200,69768889301.0,100552229997.0,184788989039.0,103440867014.0,271445233878.0,383483112083.0,False,,,,,비해당,,,비해당,,비대상,,0,0,0,0,0,0,0,False,비대상,,,비대상
00442570,(주)제우스,079370,K,29271,1101110600430,2298105323,19881212,12,경기도 화성시 안녕남로 132 (주)제우스,2025,20260323001146,,False,False,중견,"3년 평균 매출 2,442억 > 기준 1,200억",별도,1200,229927990719.0,244228250912.0,365744550116.0,383307591232.0,425654868148.0,551531359535.0,False,,,,,비해당,,,비해당,,비대상,True,0,0,1,0,0,0,0,True,비대상,,,비대상
01450938,(주)지에프아이,493330,K,29192,2201110120203,6168624344,20141120,12,경기도 김포시 양촌읍 황금3로39번길 20-42,2025,20260320000164,,False,False,중소,"3년 평균 매출 280억 ≤ 기준 1,200억, 자산 5,000억 미만",별도,1200,42853233181.0,27988108844.0,64358392877.0,44955710087.0,29121953774.0,65128960144.0,False,,,,,비해당,,,일부해당,분사기(일부),2차 후보(확인 필요),,0,0,0,0,0,0,0,False,2차 후보(확인 필요),,,2차 후보(확인 필요)
01565054,주식회사 그래피,318060,K,20202,1101116277580,8488800661,20170102,12,서울특별시 금천구 가산디지털1로 225 6층,2025,20260323001740,,False,False,중소,"3년 평균 매출 155억 ≤ 기준 1,200억, 자산 5,000억 미만",별도,1200,20020566966.0,15547101642.0,39172824347.0,20532799353.0,15701745771.0,39696157690.0,False,,,,,비해당,,,비해당,,비대상,,0,0,0,0,0,0,0,False,비대상,,,비대상
00608802,(주)텔콘알에프제약,200230,K,212,1345110031382,1358129641,19990108,12,경기도 용인시 기흥구 공세로 54 -,2025,20260319001306,,False,False,중소,"3년 평균 매출 376억 ≤ 기준 800억, 자산 5,000억 미만",별도,800,41669762813.0,37605413619.0,163578779234.0,43161795161.0,39111427010.0,156668061672.0,False,,,,,비해당,,,비해당,,비대상,,0,0,0,0,0,0,0,False,비대상,,,비대상
00911229,(주)라온로보틱스,232680,K,29280,1201110216699,1218135936,20000314,12,경기도 수원시 권선구 산업로156번길 88-4 &nbsp,2025,20260318001140,,False,False,중소,"3년 평균 매출 459억 ≤ 기준 1,200억, 자산 5,000억 미만",별도,1200,53936050640.0,45906811345.0,67187859134.0,53842351768.0,45875578388.0,66916034813.0,False,,,,,비해당,,,해당,산업용 로봇,2차(2028),,0,0,0,0,0,0,0,False,2차(2028),,,2차(2028)
00173102,(주)모나리자,012690,Y,17902,1101110220882,1098107177,19771028,12,서울특별시 동작구  보라매로5길 15 전문건설회관빌딩 21층 (주)모나리자,2025,20260515002512,,False,False,중소,"3년 평균 매출 1,267억 ≤ 기준 1,800억, 자산 5,000억 미만",별도,1800,124021215334.0,126706285854.0,100559151752.0,,,,True,I0300100015,(주)모나리자,17125,,비해당,,,비해당,,비대상,,0,0,0,0,0,0,0,False,비대상,,,비대상
01386916,에스케이아이이테크놀로지 주식회사,361610,Y,282,1101117064217,5598601539,20190401,12,서울특별시 종로구 종로 51 종로타워빌딩,2025,20260316001149,에스케이,True,False,대기업,상호출자제한기업집단 소속,별도,1800,175345680000.0,207631847000.0,2591927658000.0,261874278000.0,376020370333.0,4391860994000.0,True,I0026170001,에스케이아이이테크놀로지주식회사,28202,,비해당,,,비해당,,비대상,,0,0,0,0,0,0,0,False,비대상,,,비대상
00268251,(주)다산네트웍스,039560,K,26410,1101110924765,1298116613,19930304,12,경기도 성남시 분당구 대왕판교로644번길 49 DTC타워 11층,2025,20260323001163,,False,False,중소,"3년 평균 매출 447억 ≤ 기준 1,000억, 자산 5,000억 미만",별도,1000,52989475338.0,44703539173.0,330705769708.0,541777680410.0,323888669229.0,615660836728.0,False,,,,,비해당,,,비해당,,비대상,,0,0,0,0,0,0,0,False,비대상,,,비대상
00874168,(주)싸이닉솔루션,234030,K,26112,1311110132107,1298180570,20050117,12,"경기도 성남시 수정구 창업로 43 에이동 707호(시흥동, 판교글로벌비즈센터)",2025,20260320001412,,False,False,중견,"3년 평균 매출 1,482억 > 기준 1,000억",별도,1000,150011381878.0,148206140160.0,54585064190.0,154563595625.0,153406483149.0,63725753621.0,False,,,,,비해당,,,비해당,,비대상,True,0,0,0,0,0,0,5,False,비대상,,,비대상
00770312,(주)마니커에프앤지,195500,K,10121,1345110080529,1358170723,20040522,12,경기도 용인시 처인구 이동면 백옥대로144번길 36-2 &nbsp,2025,20260313000844,,False,False,중소,"3년 평균 매출 1,052억 ≤ 기준 1,200억, 자산 5,000억 미만",별도,1200,106758230980.0,105226202215.0,122674217656.0,,,,False,,,,,비해당,,,비해당,,비대상,,0,0,0,0,0,0,0,False,비대상,,,비대상
01152586,(주)유일로보틱스,388720,K,292,1201110592130,1218613562,20111216,12,인천광역시 서구 첨단기술로 87 (주)유일로보틱스 청라국제도시 사옥,2025,20260318000929,,False,False,중소,"3년 평균 매출 338억 ≤ 기준 1,200억, 자산 5,000억 미만",별도,1200,36917751388.0,33846996069.0,108220768704.0,,,,False,,,,,비해당,,,일부해당,건설·광업 기계/농기계/산업용 로봇/석재 가공기(일부)/주조·야금 기계,2차 후보(확인 필요),,0,0,0,0,0,0,0,False,2차 후보(확인 필요),,,2차 후보(확인 필요)
00610083,(주)비아트론,141000,K,29272,1101112405721,1198152946,20011226,12,경기도 수원시 권선구 산업로155번길 139 (고색동),2025,20260612000582,,False,False,중소,"3년 평균 매출 468억 ≤ 기준 1,200억, 자산 5,000억 미만",별도,1200,61329082884.0,46811713617.0,199838188998.0,65118567077.0,50389095312.0,203945193583.0,False,,,,,비해당,,,비해당,,비대상,,0,0,0,0,0,0,0,False,비대상,,,비대상
00363510,제이케이시냅스(주),060230,K,204,1101111833486,1148193374,19991222,12,충청남도 천안시 서북구 2공단7길 50 (차암동),2025,20260324000021,,False,False,중소,"3년 평균 매출 312억 ≤ 기준 1,200억, 자산 5,000억 미만",별도,1200,20996229071.0,31204097944.0,137706882438.0,61925399597.0,53431996318.0,151376976528.0,False,,,,,비해당,,,비해당,,비대상,,0,0,0,0,0,0,0,False,비대상,,,비대상
00129615,(주)상보,027580,K,222,1243110024177,1368102854,19890401,12,경기도 김포시 통진읍 대서명로 50,2025,20260317000588,,False,False,중소,"3년 평균 매출 558억 ≤ 기준 1,200억, 자산 5,000억 미만",별도,1200,48868771086.0,55762895717.0,93281925530.0,50105278206.0,56696354033.0,94303201747.0,False,,,,,비해당,,,비해당,,비대상,,0,0,0,0,0,0,0,False,비대상,,,비대상
00124726,(주)빙그레,005180,Y,104,1152110000287,1328100631,19670913,12,경기도 남양주시 미금로65번길 45 (도농동) (주)빙그레,2025,20260318001526,,False,False,중견,"3년 평균 매출 12,555억 > 기준 1,200억, 자산 10,157억 ≥ 5,000억",별도,1200,1312434176823.0,1255498629882.0,1015735736621.0,1489587173794.0,1448981604767.0,1068753458746.0,False,,,,,비해당,,,비해당,,비대상,True,0,0,0,0,0,0,1,False,비대상,,,비대상
00101433,(주)경농,002100,Y,2032,1101110089395,2148108779,19570712,12,서울특별시 서초구 효령로77길 28 동오빌딩,2025,20260318001176,,False,False,중견,"3년 평균 매출 2,233억 > 기준 1,200억",별도,1200,232337217913.0,223279020674.0,389737832489.0,339236756604.0,337276766110.0,486456900345.0,False,,,,,비해당,,,비해당,,비대상,True,0,0,0,0,0,0,0,False,비대상,,,비대상
00226352,(주)케이엠더블유,032500,K,2642,1348110020579,1248125403,19880108,12,경기도 화성시 동탄대로25길 21 -,2025,20260319000852,,False,False,중소,"3년 평균 매출 447억 ≤ 기준 1,000억, 자산 5,000억 미만",별도,1000,55936680557.0,44709269750.0,225051432933.0,97518624961.0,94981353276.0,247065548902.0,False,,,,,비해당,,,비해당,,비대상,,0,0,0,0,0,0,0,False,비대상,,,비대상
00270113,(주)멕아이씨에스,058110,K,271,1341110063143,1388118411,19981126,12,경기도 파주시 상지석길 21,2025,20260317000499,,False,False,중소,"3년 평균 매출 110억 ≤ 기준 800억, 자산 5,000억 미만",별도,800,11332852801.0,11021871479.0,57501019450.0,11287751059.0,11972715897.0,56220578392.0,False,,,,,비해당,,,일부해당,의료기기(일부),2차 후보(확인 필요),,0,0,0,0,0,0,0,False,2차 후보(확인 필요),,,2차 후보-약
00112457,대주산업(주),003310,K,109,1101110036148,2078139347,19620116,12,서울특별시 광진구 천호대로 549 20층,2025,20260318001116,,False,False,중소,"3년 평균 매출 1,037억 ≤ 기준 1,200억, 자산 5,000억 미만",별도,1200,100660792440.0,103715130028.0,145075020032.0,100983295727.0,104012169289.0,147121334683.0,False,,,,,비해당,,,비해당,,비대상,,0,0,0,0,0,0,0,False,비대상,,,비대상
01587056,엔젯 주식회사,419080,K,29272,1101114175728,2068636037,20090909,12,경기도 수원시 권선구 산업로92번길 45 &nbsp,2025,20260320000826,,False,False,중소,"3년 평균 매출 79억 ≤ 기준 1,200억, 자산 5,000억 미만",별도,1200,5414590946.0,7915748977.0,43509905831.0,5414590946.0,7915748977.0,43435603051.0,False,,,,,비해당,,,비해당,,비대상,,0,0,0,0,0,0,0,False,비대상,,,비대상
01636565,루미르 주식회사,474170,K,31311,1348110182973,1248685425,20091102,12,경기도 용인시 수지구 신수로 767 A-621,2025,20260323000575,,False,False,중소,"3년 평균 매출 123억 ≤ 기준 1,200억, 자산 5,000억 미만",별도,1200,10568518218.0,12324043924.0,69367511026.0,,,,False,,,,,비해당,,,비해당,,비대상,,0,0,0,0,0,0,0,False,비대상,,,비대상
01023318,주식회사 센코,347000,K,27212,1411110025962,2268132985,20041123,12,경기도 오산시 독산성로 445 (주)센코,2025,20260317000614,,False,False,중소,"3년 평균 매출 320억 ≤ 기준 800억, 자산 5,000억 미만",별도,800,34108770692.0,32020545566.0,71535886366.0,36725295188.0,35513215621.0,71324160320.0,False,,,,,비해당,,,일부해당,가스 분석기(일부),2차 후보(확인 필요),,0,0,0,0,0,0,0,False,2차 후보(확인 필요),,,2차 후보-약
01114586,주식회사 셀레믹스,331920,K,211,1101114481282,1198635850,20101129,12,"서울특별시 금천구 가산디지털1로 131, A동 19층 및 20층 2004호 외 &nbsp",2025,20260323000319,,False,False,중소,"3년 평균 매출 63억 ≤ 기준 800억, 자산 5,000억 미만",별도,800,5718101065.0,6322038233.0,24466144137.0,5767635388.0,6354736258.0,24410576650.0,False,,,,,비해당,,,비해당,,비대상,,0,0,0,0,0,0,0,False,비대상,,,비대상
00199988,SY동아(주),041930,K,2219,1801110021509,6228106443,19741118,12,경상남도 김해시  유하로 154-9,2025,20260320000125,,False,False,중견,"3년 평균 매출 1,205억 > 기준 1,200억",별도,1200,116529990550.0,120510055568.0,175184514520.0,403410122226.0,385113577210.0,307715897465.0,False,,,,,비해당,,,비해당,,비대상,True,0,0,0,0,0,0,1,False,비대상,,,비대상
01160974,주식회사 바이오에프디엔씨,251120,K,2110,1201110388092,1318194024,20051111,12,"인천광역시 연수구 송도미래로 30 A동 509호, 510호, 511호",2025,20260320000265,,False,False,중소,"3년 평균 매출 169억 ≤ 기준 800억, 자산 5,000억 미만",별도,800,19179051492.0,16945857815.0,73449600502.0,,,,False,,,,,비해당,,,비해당,,비대상,,0,0,0,0,0,0,0,False,비대상,,,비대상
01577952,(주)지투지바이오,456160,K,21212,1601110451528,1958800664,20170322,12,충청북도 청주시 흥덕구 오송읍 의료단지길 21,2025,20260318001347,,False,False,중소,"3년 평균 매출 6억 ≤ 기준 800억, 자산 5,000억 미만",별도,800,423070926.0,643941662.0,67749470637.0,,,,False,,,,,비해당,,,비해당,,비대상,,0,0,0,0,0,0,0,False,비대상,,,비대상
01489648,솔브레인 주식회사,357780,K,204,1311110597525,5248601789,20200701,12,"경기도 성남시 수정구 금토로 52 F동 (금토동, 솔브레인)",2025,20260316001567,,False,False,중견,"3년 평균 매출 7,915억 > 기준 1,200억, 자산 11,235억 ≥ 5,000억",별도,1200,780891546823.0,791479243788.0,1123522652928.0,923381966875.0,876922415266.0,1446750282671.0,True,I2049240001,솔브레인 주식회사,20499,,비해당,,,비해당,,비대상,True,0,0,0,0,0,0,4,False,비대상,,,비대상
01573381,레이저쎌 주식회사,412350,K,29271,1311110405091,4168602207,20150406,12,경기도 화성시 동탄면 동탄산단4길 9-9 -,2025,20260324000280,,False,False,중소,"3년 평균 매출 45억 ≤ 기준 1,200억, 자산 5,000억 미만",별도,1200,3920480651.0,4489376853.0,43336567501.0,4684448307.0,4909093401.0,42926540324.0,False,,,,,비해당,,,비해당,,비대상,,0,0,0,0,0,0,0,False,비대상,,,비대상
00102353,경창산업(주),024910,K,30331,1701110007733,5038104241,19770622,12,대구광역시 달서구 성서로35길 6 월암동,2025,20260323000235,,False,False,중견,"3년 평균 매출 6,147억 > 기준 1,200억",별도,1200,661212874788.0,614746917480.0,431218152383.0,705339667803.0,670212888655.0,491427943570.0,False,,,,,비해당,,,일부해당,기어박스(일부),2차 후보(확인 필요),True,0,0,13,0,0,0,0,True,"2차(2028, 제품명 확인)",확인,변속기 조작용 레버,"2차(2028, 제품명 확인)"
00488989,한양디지텍(주),078350,K,2611,1348110094160,1248619959,20040419,12,경기도 화성시 삼성1로 332-7,2025,20260316001638,,False,False,중견,"3년 평균 매출 5,751억 > 기준 1,000억",별도,1000,651223502117.0,575098914241.0,291144676221.0,651051158827.0,575018761585.0,297513744344.0,False,,,,,비해당,,,비해당,,비대상,True,0,0,0,0,0,0,4,False,비대상,,,비대상
00679314,(주)동성케미컬,102260,Y,20202,1801110633031,6038168642,20080514,12,부산광역시 사하구  신산로 99,2025,20260318001381,,False,False,중견,"3년 평균 매출 3,826억 > 기준 1,200억, 자산 5,699억 ≥ 5,000억",별도,1200,387065153130.0,382559696414.0,569940679824.0,1211599795389.0,1090307232116.0,1139025243623.0,True,I0500140156,주식회사 동성케미컬,20111,,비해당,,,비해당,,비대상,True,0,0,0,2,0,0,3,True,비대상,,,비대상
00531014,(주)유진테크,084370,K,29271,1351110051329,1238153245,20000105,12,경기도 용인시 처인구  양지면 추계로 42 유진테크,2025,20260319000837,,False,False,중견,"3년 평균 매출 2,406억 > 기준 1,200억, 자산 6,014억 ≥ 5,000억",별도,1200,258868481204.0,240649232888.0,601430024101.0,350324287104.0,321641816731.0,580613743719.0,False,,,,,비해당,,,비해당,,비대상,True,0,0,0,0,0,0,0,False,비대상,,,비대상
00442826,대봉엘에스(주),078140,K,212,1243110016976,1398119806,19860708,12,인천광역시 연수구 송도미래로 101 대봉그룹 송도 B&H Plex,2025,20260323001653,,False,False,중소,"3년 평균 매출 758억 ≤ 기준 800억, 자산 5,000억 미만",별도,800,79102955808.0,75808361911.0,178049331200.0,102063530166.0,94546432164.0,264960926642.0,False,,,,,비해당,,,비해당,,비대상,,0,0,0,0,0,0,0,False,비대상,,,비대상
00398701,(주)엘앤에프,066970,Y,28202,1760110022654,5138119101,20000727,12,대구광역시 달서구 이곡동로 11,2025,20260814000818,,False,False,중견,"3년 평균 매출 28,843억 > 기준 1,800억, 자산 30,803억 ≥ 5,000억",별도,1800,2149618578656.0,2884278796829.0,3080311635412.0,2154938965103.0,2902169281834.0,3134104265112.0,True,I1100140081,엘앤에프,26291,업종 대분류 불일치(확인 필요),비해당,,,비해당,,비대상,True,0,0,0,0,0,0,0,False,비대상,,,비대상
01022142,엠디바이스 주식회사,226590,K,262,1355110198834,1408134641,20090316,12,경기도 과천시 과천대로7길 33 B동 807호(디테크타워),2025,20260313001373,,False,False,중소,"3년 평균 매출 515억 ≤ 기준 1,000억, 자산 5,000억 미만",별도,1000,96491049515.0,51548989894.0,96277254431.0,96491049515.0,51548989894.0,96808497770.0,False,,,,,비해당,,,비해당,,비대상,,0,0,0,0,0,0,0,False,비대상,,,비대상
00838005,(주)서진시스템,178320,K,289,1201110447781,1228197712,20071030,12,경기도 부천시 오정구 산업로 20-22 &nbsp,2025,20260323001543,,False,False,중견,"3년 평균 매출 4,238억 > 기준 1,800억, 자산 12,514억 ≥ 5,000억",별도,1800,368236024186.0,423849085476.0,1251390286344.0,1066330738953.0,1019592600460.0,2306446623339.0,False,,,,,비해당,,,비해당,,비대상,True,0,0,0,0,0,0,2,False,비대상,,,비대상
01157235,(주)아스타,246720,K,213,1311110157098,1298193717,20060127,12,"경기도 수원시 영통구 광교로 145, 11층(이의동, 차세대융합기술연구원 에이동)",2025,20260331001631,,False,False,중소,"3년 평균 매출 30억 ≤ 기준 800억, 자산 5,000억 미만",별도,800,2594819140.0,3027586766.0,15490896648.0,,,,False,,,,,비해당,,,비해당,,비대상,,0,0,0,0,0,0,0,False,비대상,,,비대상
01256864,에이비엘바이오(주),298380,K,211,1101115974020,4528800266,20160216,12,서울 강남구 봉은사로 456 에이비엘바이오빌딩,2025,20260312000744,,False,False,중소,"3년 평균 매출 588억 ≤ 기준 800억, 자산 5,000억 미만",별도,800,79349848373.0,58768067353.0,281872383451.0,79349848373.0,59433311053.0,280934191003.0,False,,,,,비해당,,,비해당,,비대상,,0,0,0,0,0,0,0,False,비대상,,,비대상
00820352,(주)파인텍,131760,K,292,2850110151881,1288635081,20081119,12,"경기도 안양시 동안구 흥안대로 457-25 15층(평촌동, 에이케이밸리지식산업센터)",2025,20260319000647,,False,False,중소,"3년 평균 매출 438억 ≤ 기준 1,200억, 자산 5,000억 미만",별도,1200,42547737343.0,43798001590.0,87235704329.0,46345235298.0,54040306251.0,80563395827.0,False,,,,,비해당,,,일부해당,건설·광업 기계/농기계/산업용 로봇/석재 가공기(일부)/주조·야금 기계,2차 후보(확인 필요),,0,0,0,0,0,0,0,False,2차 후보(확인 필요),,,2차 후보(확인 필요)
00109824,대림통상(주),006570,Y,25993,1101110021678,1028101153,19700401,12,서울특별시 서대문구  연희로 142,2025,20260319001328,,False,False,중소,"3년 평균 매출 1,107억 ≤ 기준 1,200억, 자산 5,000억 미만",별도,1200,102246529272.0,110719177832.0,140509963966.0,126171254752.0,136286152052.0,154793298808.0,False,,,,,비해당,,,비해당,,비대상,,0,0,0,0,0,0,0,False,비대상,,,비대상
00120289,(주)제이에스티나,026040,K,331,1101110569074,2158103705,19880402,12,서울특별시 송파구 양재대로62길 53,2025,20260327001131,,False,False,중소,"3년 평균 매출 740억 ≤ 기준 1,000억, 자산 5,000억 미만",별도,1000,72242575120.0,74013006161.0,55314581660.0,,,,False,,,,,비해당,,,비해당,,비대상,,0,0,0,0,0,0,0,False,비대상,,,비대상
00113243,대한제분(주),001130,Y,105,1101110003733,1048104345,19521225,12,서울특별시 중구 세종대로 39,2025,20260319001278,,False,False,중견,"3년 평균 매출 4,716억 > 기준 1,200억, 자산 10,438억 ≥ 5,000억",별도,1200,456569839266.0,471566050775.0,1043849559418.0,1375199649054.0,1397131185239.0,1534815922172.0,False,,,,,비해당,,,비해당,,비대상,True,0,0,0,0,0,0,0,False,비대상,,,비대상
00144243,유니슨(주),018000,K,29119,1101110382020,1208130898,19840924,12,경상남도 사천시 사남면 해안산업로 513 -,2025,20260319001238,,False,False,중소,"3년 평균 매출 577억 ≤ 기준 1,200억, 자산 5,000억 미만",별도,1200,40297694015.0,57716995076.0,258563477778.0,40267921584.0,57913542329.0,255828596290.0,False,,,,,비해당,,,일부해당,디젤 엔진(일부),2차 후보(확인 필요),,0,0,0,0,0,0,0,False,2차 후보(확인 필요),,,2차 후보(확인 필요)
00204323,키스트론(주),475430,K,28302,1746110015485,5068113147,19921127,12,경기도 안산시 단원구 산단로68번길 37,2025,20260319000531,,False,False,중소,"3년 평균 매출 647억 ≤ 기준 1,800억, 자산 5,000억 미만",별도,1800,69316361099.0,64735720837.0,214435771030.0,,,,False,,,,,비해당,,,해당,전선·케이블,2차(2028),,0,0,0,0,0,0,0,False,2차(2028),,,2차(2028)
00118266,(주)디알비동일,004840,Y,221,1801110000339,6218101635,19450930,12,부산광역시 금정구 공단동로55번길 28,2025,20260319000977,,False,False,중소,"3년 평균 매출 180억 ≤ 기준 1,200억, 자산 5,000억 미만",별도,1200,20788506024.0,18023238343.0,251802866896.0,802745958892.0,764403951562.0,974909860501.0,False,,,,,비해당,,,비해당,,비대상,,0,0,0,0,0,0,0,False,비대상,,,비대상
00130879,서울식품공업(주),004410,Y,108,1101110059702,1348107983,19551017,12,충청북도 충주시 충원대로 862,2025,20260319000927,,False,False,중소,"3년 평균 매출 640억 ≤ 기준 1,200억, 자산 5,000억 미만",별도,1200,68603497542.0,63992314877.0,72849156691.0,,,,False,,,,,비해당,,,비해당,,비대상,,0,0,0,0,0,0,0,False,비대상,,,비대상
00159795,(주)한국카본,017960,Y,2512,1801110054691,6158101585,19840917,12,경상남도 밀양시 부북면 춘화로 85,2025,20260319001272,,False,False,중견,"3년 평균 매출 7,161억 > 기준 1,200억, 자산 10,330억 ≥ 5,000억",별도,1200,866374473973.0,716109067648.0,1033022742637.0,908810220281.0,748322817281.0,1043222615767.0,False,,,,,일부해당,탱크·용기,,비해당,,2차 후보(확인 필요),True,0,0,0,1,0,0,10,True,2차 후보(확인 필요),,,2차 후보(확인 필요)
01693922,(주)지슨,446840,K,272,1101118444707,2318602547,20221007,12,서울특별시 강남구 개포로 208 형지빌딩 -,2025,20260319000737,,False,False,중소,"3년 평균 매출 129억 ≤ 기준 800억, 자산 5,000억 미만",별도,800,11295873816.0,12877814709.0,19325669090.0,,,,False,,,,,비해당,,,일부해당,가스 분석기(일부),2차 후보(확인 필요),,0,0,0,0,0,0,0,False,2차 후보(확인 필요),,,2차 후보-약
00492894,(주)젬백스&카엘,082270,K,29271,1601110069636,3148121219,19980310,12,경기도 성남시 분당구 운중로 117 포모나타워 5층,2025,20260320001156,,False,False,중소,"3년 평균 매출 721억 ≤ 기준 1,200억, 자산 5,000억 미만",별도,1200,81530820294.0,72141868536.0,164009940466.0,81530820294.0,72143701870.0,158874710036.0,False,,,,,비해당,,,비해당,,비대상,,0,0,0,0,0,0,0,False,비대상,,,비대상
01385005,(주)리브스메드,491000,K,27112,1101114625385,1198643312,20110616,12,경기도 성남시 분당구 판교로 700 분당테크노파크 디동 304호,2025,20260323001621,,False,False,중소,"3년 평균 매출 323억 ≤ 기준 800억, 자산 5,000억 미만",별도,800,52711581591.0,32270550639.0,203050631091.0,51192098328.0,31860139189.0,201933050640.0,False,,,,,비해당,,,비해당,,비대상,,0,0,0,0,0,0,0,False,비대상,,,비대상
01031502,(주)코아시아씨엠,196450,K,273,1345110233665,1428172016,20140509,12,"경기도 화성시 동탄첨단산업1로 27 B동 3530호, 3531호, 3532호, 3533호, 3534호, 3535호, 3536호 (영천동,",2025,20260318001247,,False,False,중소,"3년 평균 매출 385억 ≤ 기준 800억, 자산 5,000억 미만",별도,800,43365318937.0,38527012541.0,82252760184.0,258196765549.0,273166571038.0,128523498223.0,False,,,,,비해당,,,비해당,,비대상,,0,0,0,0,0,0,0,False,비대상,,,비대상
00145260,율촌화학(주),008730,Y,22231,1101110145147,1188101288,19730501,12,서울특별시 동작구 여의대방로 112 도연관 15층,2025,20260316001034,농심,False,False,중견,공시대상기업집단 소속(중소 제외),별도,1200,465716549251.0,431632102379.0,678827243059.0,485382903935.0,452317203205.0,687562082962.0,True,I0500120097,율촌화학(주),22212,,비해당,,,비해당,,비대상,True,0,0,0,0,0,0,1,False,비대상,,,비대상
00833064,(주)엠플러스,259630,K,292,1341110106357,1238187371,20030408,12,충청북도 청주시 흥덕구 옥산면 옥산산단로 27 엠플러스 사옥,2025,20260731000751,,False,False,중견,"3년 평균 매출 2,176억 > 기준 1,200억",별도,1200,184589487485.0,217647654869.0,240322424216.0,184211329846.0,217669108786.0,241385473368.0,False,,,,,비해당,,,일부해당,건설·광업 기계/농기계/산업용 로봇/석재 가공기(일부)/주조·야금 기계,2차 후보(확인 필요),True,0,0,0,0,0,0,11,False,2차 후보(확인 필요),,,2차 후보(확인 필요)
01201590,에브리봇(주),270660,K,28519,1311110396927,1298692106,20150106,12,"경기도 과천시 과천대로7나길 60 과천어반허브 A동 6층(603호,604호,606호)",2025,20260316000300,,False,False,중소,"3년 평균 매출 314억 ≤ 기준 1,800억, 자산 5,000억 미만",별도,1800,32907822573.0,31440611022.0,109996763026.0,34356667933.0,31934977050.0,110290571800.0,False,,,,,비해당,,,해당,냉장고·세탁기 등,2차(2028),,0,0,0,0,0,0,0,False,2차(2028),,,2차(2028)
01274310,이오플로우(주),294090,K,27199,1101114694679,1058762879,20110927,12,경기도 성남시 분당구 돌마로 172 분당서울대학교병원 헬스케어혁신파크 H2202호,2025,20260327001731,,False,False,중소,"3년 평균 매출 49억 ≤ 기준 800억, 자산 5,000억 미만",별도,800,3669588357.0,4886527123.0,41856920531.0,3669588357.0,5166756285.0,36375819048.0,False,,,,,비해당,,,일부해당,의료기기(일부),2차 후보(확인 필요),,0,0,0,0,0,0,0,False,2차 후보(확인 필요),,,2차 후보-약
01137860,(주)위너스일렉,479960,K,289,1152110049566,1328154141,20040130,12,경기도 남양주시 진접읍 진벌로223번길 53,2025,20260323000549,,False,False,중소,"3년 평균 매출 284억 ≤ 기준 1,800억, 자산 5,000억 미만",별도,1800,31246643473.0,28413205582.0,49916982811.0,,,,False,,,,,비해당,,,비해당,,비대상,,0,0,0,0,0,0,0,False,비대상,,,비대상
01117413,주식회사 바이오다인,314930,K,2719,1101111786057,2148639452,19991008,12,서울특별시 성동구 아차산로5길 24-4,2025,20260313000802,,False,False,중소,"3년 평균 매출 55억 ≤ 기준 800억, 자산 5,000억 미만",별도,800,7027675925.0,5462578348.0,44772519413.0,7027675925.0,5462578348.0,44939881971.0,False,,,,,비해당,,,일부해당,의료기기(일부),2차 후보(확인 필요),,0,0,0,0,0,0,0,False,2차 후보(확인 필요),,,2차 후보-약
00111874,대원산업(주),005710,K,303,1301110007533,1348104254,19680910,12,경기도 안산시 단원구 원시로 179,2025,20260312001127,,False,False,중견,"3년 평균 매출 8,278억 > 기준 1,200억, 자산 6,484억 ≥ 5,000억",별도,1200,923734287034.0,827843671513.0,648394949379.0,1058925866620.0,922695938759.0,757072600835.0,False,,,,,비해당,,,일부해당,기어박스(일부)/자동차 엔진 부품(일부)/자동차 차체 부품(일부)/휠·현가장치·라디에이터(일부),2차 후보(확인 필요),True,0,0,1,0,1,0,2,True,"2차(2028, 제품명 확인)",제외,시트 액추에이터 특허,2차 후보(확인 필요)
00108241,(주)농심,004370,Y,108,1101110057574,1188103914,19650918,12,서울특별시 동작구  여의대방로 112,2025,20260311003892,농심,False,False,중견,공시대상기업집단 소속(중소 제외),별도,1200,2734714249425.0,2680566368285.0,3232121302269.0,3514315500097.0,3454535241785.0,3822122467403.0,True,F0010100001,주식회사 농심,10730,,비해당,,,비해당,,비대상,True,0,0,0,0,0,0,17,False,비대상,,,비대상
00117276,(주)네이처셀,007390,K,211,1243110005721,1308105606,19710806,12,서울특별시 영등포구 국회대로76길 10 5층,2025,20260323001523,,False,False,중소,"3년 평균 매출 240억 ≤ 기준 800억, 자산 5,000억 미만",별도,800,20674794044.0,24045547104.0,73852500920.0,20734613571.0,24139802919.0,74731473448.0,False,,,,,비해당,,,비해당,,비대상,,0,0,0,0,0,0,0,False,비대상,,,비대상
00328191,(주)케이에스피,073010,K,29111,1801110328550,6068127539,20000628,12,부산광역시 강서구  녹산산단381로86번길 43,2025,20260312000684,,False,False,중소,"3년 평균 매출 855억 ≤ 기준 1,200억, 자산 5,000억 미만",별도,1200,89593085491.0,85494942368.0,134596518647.0,95532762605.0,87474834740.0,144011584862.0,False,,,,,비해당,,,일부해당,디젤 엔진(일부),2차 후보(확인 필요),,0,0,0,0,0,0,0,False,2차 후보(확인 필요),,,2차 후보(확인 필요)
00489243,(주)동아엘텍,088130,K,292,1341110065470,1388119462,19990414,12,경기도 안양시 동안구 시민대로327번길 12-24 (주)동아엘텍 빌딩,2025,20260316001316,,False,False,중소,"3년 평균 매출 742억 ≤ 기준 1,200억, 자산 5,000억 미만",별도,1200,62932693138.0,74241909105.0,142296697153.0,582437006389.0,308663705020.0,502592778507.0,False,,,,,비해당,,,일부해당,건설·광업 기계/농기계/산업용 로봇/석재 가공기(일부)/주조·야금 기계,2차 후보(확인 필요),,0,0,0,0,0,0,0,False,2차 후보(확인 필요),,,2차 후보(확인 필요)
00165413,롯데케미칼(주),011170,Y,20111,1101110193196,1188115012,19760316,12,서울특별시 송파구 올림픽로 300 롯데월드타워,2025,20260312001296,롯데,True,False,대기업,상호출자제한기업집단 소속,별도,1200,11912607124952.0,13008604169441.0,17778815810196.0,18483005314922.0,19314077576187.0,31117333049679.0,True,I0500100069,롯데케미칼 주식회사,20111,,비해당,,,비해당,,비대상,,0,0,0,0,0,0,0,False,비대상,,,비대상
01063990,(주)로보로보,215100,K,28909,1101115638741,1078841033,20150209,12,서울특별시 강북구 도봉로54길 6 로보로보빌딩(미아동),2025,20260313000261,,False,False,중소,"3년 평균 매출 92억 ≤ 기준 1,800억, 자산 5,000억 미만",별도,1800,8294596296.0,9206590349.0,31235451972.0,13362404287.0,13706018358.0,31911288271.0,False,,,,,비해당,,,비해당,,비대상,,0,0,0,0,0,0,0,False,비대상,,,비대상
00178851,(주)동양에스텍,060380,K,241,1601110004426,3068103597,19811112,12,대전광역시 중구 중앙로 164번길 20(은행동) 동양빌딩 4층,2025,20260318001507,,False,False,중소,"3년 평균 매출 1,629억 ≤ 기준 1,800억, 자산 5,000억 미만",별도,1800,156341846867.0,162948951712.0,173837291671.0,197820474985.0,199775959851.0,198903891959.0,False,,,,,해당,철강,원재료,비해당,,1차(2027),,0,0,0,0,0,0,0,False,1차(2027),,,1차(2027)
01243161,(주)인산가,277410,K,108,1101116471554,1398144493,20170726,12,경상남도 함양군 수동면 수동농공길 23-26 -,2025,20260707000320,,False,False,중소,"3년 평균 매출 352억 ≤ 기준 1,200억, 자산 5,000억 미만",별도,1200,35535020799.0,35163459392.0,111106572151.0,35804215193.0,35196261925.0,114121833052.0,False,,,,,비해당,,,비해당,,비대상,,0,0,0,0,0,0,0,False,비대상,,,비대상
01108442,(주)에치에프알,230240,K,264,1101115855973,2098700272,20151007,12,경기도 성남시 수정구 금토로80번길 40 C동,2025,20260319001383,,False,False,중견,"3년 평균 매출 1,008억 > 기준 1,000억",별도,1000,81482377078.0,100758179083.0,249559202504.0,141982727703.0,154420365306.0,280656523386.0,False,,,,,비해당,,,비해당,,비대상,True,0,0,0,0,0,0,1,False,비대상,,,비대상
00101044,(주)에이프로젠바이오로직스,003060,Y,212,1101110036396,2188100518,19601203,12,"서울특별시 송파구 백제고분로 480 4층 (방이동, 풍문빌딩)",2025,20260320000881,,False,False,중견,"자산 5,108억 ≥ 5,000억",별도,800,48840894266.0,54644805822.0,510848672856.0,73226140158.0,75989303060.0,586992600346.0,False,,,,,비해당,,,비해당,,비대상,True,0,0,0,0,0,0,5,False,비대상,,,비대상
00372129,전진건설로봇(주),079900,Y,292,1101111807910,1148192507,19991112,12,충청북도 음성군  금왕읍 대금로 1264,2025,20260318000902,,False,False,중견,"3년 평균 매출 1,679억 > 기준 1,200억",별도,1200,179786889426.0,167943195830.0,212647544960.0,190660739993.0,172939003593.0,230189468832.0,False,,,,,비해당,,,일부해당,건설·광업 기계/농기계/산업용 로봇/석재 가공기(일부)/주조·야금 기계,2차 후보(확인 필요),True,0,0,0,0,0,0,4,False,2차 후보(확인 필요),,,2차 후보(확인 필요)
00260392,대원전선(주),006340,Y,28302,1348110001181,1248105047,19691129,12,충청남도 예산군  고덕면 호음덕령길 92,2025,20260331003244,,False,False,중견,"3년 평균 매출 5,207억 > 기준 1,800억",별도,1800,514144669265.0,520735560644.0,264783111533.0,624542487406.0,564240572392.0,346448665318.0,False,,,,,비해당,,,해당,전선·케이블,2차(2028),True,0,0,0,90,0,0,2,True,2차(2028),,,2차(2028)
00301422,(주)스모트로닉,066590,K,303,1943110003995,6088121958,19950613,12,경남 창원시 신촌동 192-4번지,2025,20260728000417,,False,False,중견,"3년 평균 매출 2,824억 > 기준 1,200억",별도,1200,294973443435.0,282354585176.0,223700075698.0,368608811121.0,356939917880.0,268145034045.0,False,,,,,비해당,,,일부해당,기어박스(일부)/자동차 엔진 부품(일부)/자동차 차체 부품(일부)/휠·현가장치·라디에이터(일부),2차 후보(확인 필요),True,0,0,3,0,1,0,3,True,"2차(2028, 제품명 확인)",보류,변속기 마운팅 브라켓 (목록 외 가능성),2차 후보(확인 필요)
00198697,일진디스플레이(주),020760,Y,261,1545110006076,3038110352,19940401,12,충청북도 음성군  대소면 대금로 157,2025,20260323001151,,False,False,중소,"3년 평균 매출 61억 ≤ 기준 1,000억, 자산 5,000억 미만",별도,1000,6346644323.0,6110338770.0,62414334953.0,57847116015.0,55118862890.0,67339826255.0,False,,,,,비해당,,,비해당,,비대상,,0,0,0,0,0,0,0,False,비대상,,,비대상
00220613,넥스틸(주),092790,Y,2419,1746110022860,5068121195,19900115,12,경상북도 포항시 남구 대송면 송덕로212번길 195,2025,20260414002511,,False,False,중견,"3년 평균 매출 5,720억 > 기준 1,800억, 자산 6,840억 ≥ 5,000억",별도,1800,544671975941.0,572029790169.0,684043724895.0,550992457557.0,574136617374.0,699321998710.0,False,,,,,해당,철강,원재료,비해당,,1차(2027),True,0,0,0,0,0,0,1,False,1차(2027),,,1차(2027)
00361381,(주)제이브이엠,054950,K,29192,1701110111352,5038131016,19770620,12,대구광역시 달서구  호산동로 121,2025,20260323001116,,False,False,중견,"3년 평균 매출 1,449억 > 기준 1,200억",별도,1200,154468364064.0,144891076862.0,291972142428.0,173129219712.0,163216237772.0,319127680911.0,False,,,,,비해당,,,일부해당,분사기(일부),2차 후보(확인 필요),True,0,0,0,0,0,0,11,False,2차 후보(확인 필요),,,2차 후보(확인 필요)
00356361,(주)LG화학,051910,Y,20111,1101112207995,1078198139,20010401,12,서울특별시 영등포구  여의대로 128,2025,20260313001195,엘지,True,False,대기업,상호출자제한기업집단 소속,별도,1200,18216499000000.0,19451339666667.0,34424144000000.0,45932167000000.0,49891878000000.0,101061661000000.0,True,I0500100037,주식회사 엘지화학,20111,,비해당,,,비해당,,비대상,,0,0,0,0,0,0,0,False,비대상,,,비대상
00365590,에이치엘비생명과학(주),067630,K,213,1101111568885,1168169278,19980724,12,"경기도 화성시 동탄첨단산업1로 51-9 8층(영천동,엠타워지식산업센터)",2025,20260323001728,,False,False,중소,"3년 평균 매출 304억 ≤ 기준 800억, 자산 5,000억 미만",별도,800,32085318181.0,30428931236.0,441794323530.0,45752222713.0,37700457549.0,478093566716.0,False,,,,,비해당,,,비해당,,비대상,,0,0,0,0,0,0,0,False,비대상,,,비대상
01275665,(주)리메드,302550,K,27199,1311110100021,1298164250,20030731,12,충청북도 청주시 흥덕구 오송읍 오송생명2로 84 -,2025,20260626000758,,False,False,중소,"3년 평균 매출 220억 ≤ 기준 800억, 자산 5,000억 미만",별도,800,23340126435.0,21994647250.0,54103615402.0,24504879379.0,22865021726.0,53909494092.0,False,,,,,비해당,,,일부해당,의료기기(일부),2차 후보(확인 필요),,0,0,0,0,0,0,0,False,2차 후보(확인 필요),,,2차 후보-약
00102751,고려산업(주),002140,Y,10520,1801110001494,6048100024,19570724,12,부산광역시 중구 중앙대로 22 (중앙동6가),2025,20260311003408,,False,False,중견,"3년 평균 매출 2,913억 > 기준 1,200억",별도,1200,277268739506.0,291255723188.0,241269421733.0,297322291052.0,308012429461.0,263595796874.0,False,,,,,비해당,,,비해당,,비대상,True,0,0,0,0,0,0,0,False,비대상,,,비대상
00123541,보해양조(주),000890,Y,11122,2011110000036,4118100209,19521111,12,전라남도 목포시  호남로68번길 36 보해양조(주),2025,20260318000704,,False,False,중견,3년 평균 매출 902억 > 기준 800억,별도,800,89878693356.0,90195909148.0,146550950501.0,,,,False,,,,,비해당,,,비해당,,비대상,True,0,0,0,0,0,0,0,False,비대상,,,비대상
00406222,(주)쎄크,081180,K,291,1301110059360,1248171120,20000322,12,경기도 수원시 권선구 산업로155번길 111,2025,20260323000640,,False,False,중소,"3년 평균 매출 545억 ≤ 기준 1,200억, 자산 5,000억 미만",별도,1200,59205964528.0,54524328998.0,83996670583.0,,,,False,,,,,비해당,,,일부해당,냉동장비 부품·냉각탑(일부)/디젤 엔진(일부)/버너(일부)/분사기(일부)/엔진용·소형 펌프(일부)/크레인·컨베이어 등,2차 후보(확인 필요),,0,0,0,0,0,0,0,False,2차 후보(확인 필요),,,2차 후보(확인 필요)
01253636,(주)에르코스 농업회사법인,435570,K,107,1601110372344,3058634656,20140514,12,대전광역시 유성구 도안동로 329,2025,20260317000656,,False,False,중소,"3년 평균 매출 345억 ≤ 기준 1,200억, 자산 5,000억 미만",별도,1200,33907363842.0,34461073819.0,96621238952.0,35627647458.0,35034501691.0,99675375452.0,False,,,,,비해당,,,비해당,,비대상,,0,0,0,0,0,0,0,False,비대상,,,비대상
00150244,하이트진로(주),000080,Y,11122,1101110028591,2148100777,19540615,12,서울특별시 강남구 영동대로 714,2025,20260318000752,하이트진로,False,False,중견,공시대상기업집단 소속(중소 제외),별도,800,2240431695323.0,2272071792508.0,3033413411746.0,2498566821284.0,2539310593645.0,3272507702370.0,True,F0011100001,하이트진로(주),11112,,비해당,,,비해당,,비대상,True,0,0,0,0,0,0,0,False,비대상,,,비대상
00415628,(주)세진중공업,075580,Y,31114,2301110060126,6108137716,19990920,12,울산광역시 울주군 온산읍 당월로 216-18,2025,20260323001183,,False,False,중견,"3년 평균 매출 3,419억 > 기준 1,200억",별도,1200,366130145053.0,341875495560.0,491777057672.0,402686260726.0,379953093155.0,637763654084.0,False,,,,,비해당,,,비해당,,비대상,True,0,0,0,0,0,0,1,False,비대상,,,비대상
00480367,에스케이오션플랜트(주),100090,Y,2413,1913110003485,6158106111,19961101,12,경상남도 고성군 동해면 내산3길 51-1,2025,20260323000486,에스케이,True,False,대기업,상호출자제한기업집단 소속,별도,1800,928915090551.0,820451070599.0,1081731828983.0,965388430763.0,851279944467.0,1148241651965.0,False,,,,,해당,철강,원재료,비해당,,1차(2027),,0,0,0,0,0,0,0,False,1차(2027),,,1차(2027)
00365624,(주)아이윈,090150,K,303,1845110020244,6218132365,19990206,12,부산광역시 기장군  장안읍 장안산단9로 110,2025,20260323001346,,False,False,중소,"3년 평균 매출 1,083억 ≤ 기준 1,200억, 자산 5,000억 미만",별도,1200,105588807690.0,108254965627.0,114201940518.0,115909884130.0,114501217845.0,132122705447.0,False,,,,,비해당,,,일부해당,기어박스(일부)/자동차 엔진 부품(일부)/자동차 차체 부품(일부)/휠·현가장치·라디에이터(일부),2차 후보(확인 필요),,0,0,0,0,0,0,0,False,2차 후보(확인 필요),,,2차 후보(확인 필요)
00795135,코오롱인더스트리(주),120110,Y,205,1353110013606,1388156604,20100105,12,서울특별시 강서구 마곡동로 110 코오롱 One&Only 타워,2025,20260331001900,코오롱,True,False,대기업,상호출자제한기업집단 소속,별도,1200,3986810597353.0,3545649760304.0,6309367594864.0,4873399491952.0,4817103268629.0,7682530168368.0,True,I0500100055,코오롱인더스트리 주식회사,20202,,비해당,,,비해당,,비대상,,0,0,0,0,0,0,0,False,비대상,,,비대상
00816544,(주)토니모리,214420,Y,20423,1101113500249,1148653270,20060726,12,서울특별시 서초구 남부순환로 2557 토니모리 빌딩,2025,20260323001192,,False,False,중견,"3년 평균 매출 1,244억 > 기준 1,200억",별도,1200,141414481610.0,124417218982.0,201781810871.0,220273588910.0,182786989900.0,226602913355.0,False,,,,,비해당,,,비해당,,비대상,True,0,0,0,0,0,0,6,False,비대상,,,비대상
00447487,(주)제주반도체,080220,K,2611,1311110047918,1298133683,20000404,12,제주특별자치도 제주시 첨단로 330 A동 2층,2025,20260323001029,,False,False,중견,"3년 평균 매출 2,015억 > 기준 1,000억",별도,1000,299245042095.0,201457593716.0,326675941179.0,302230571186.0,203493436747.0,335988104339.0,False,,,,,비해당,,,비해당,,비대상,True,0,0,0,0,0,0,8,False,비대상,,,비대상
01390344,에이치디현대중공업(주),329180,Y,31113,2301110312741,2528701412,20190603,12,울산광역시 동구 방어진순환도로 1000,2025,20260320000859,HD현대,True,False,대기업,상호출자제한기업집단 소속,별도,1200,17569457486000.0,14667943455000.0,26199062006000.0,17580633257000.0,14677004264000.0,26163044535000.0,True,IB002190003,에이치디현대중공업 주식회사,31111,,비해당,,,비해당,,비대상,,0,0,0,0,0,0,0,False,비대상,,,비대상
00488244,(주)원일티엔아이,136150,K,291,1350110093737,1338137918,19980924,12,경기도 김포시 양촌읍 황금1로 150,2025,20260318000428,,False,False,중소,"3년 평균 매출 379억 ≤ 기준 1,200억, 자산 5,000억 미만",별도,1200,29616648801.0,37894786052.0,64801279723.0,,,,False,,,,,비해당,,,일부해당,냉동장비 부품·냉각탑(일부)/디젤 엔진(일부)/버너(일부)/분사기(일부)/엔진용·소형 펌프(일부)/크레인·컨베이어 등,2차 후보(확인 필요),,0,0,0,0,0,0,0,False,2차 후보(확인 필요),,,2차 후보(확인 필요)
00560122,(주)한울소재과학,091440,K,26410,1101112072330,1208611843,20000920,12,경기도 성남시 중원구 갈마치로 214-1 4층,2025,20260323001643,,False,False,중소,"3년 평균 매출 206억 ≤ 기준 1,000억, 자산 5,000억 미만",별도,1000,11361941357.0,20621451527.0,98126957347.0,13435067440.0,22790344479.0,120408458403.0,False,,,,,비해당,,,비해당,,비대상,,0,0,0,0,0,0,0,False,비대상,,,비대상
01764099,(주)링크솔루션,474650,K,29222,1355110281176,3748100176,20150528,12,"경기도 안양시 동안구 부림로170번길 41-4, 5층",2025,20260319000455,,False,False,중소,"3년 평균 매출 106억 ≤ 기준 1,200억, 자산 5,000억 미만",별도,1200,13124605399.0,10557630030.0,66010962247.0,,,,False,,,,,비해당,,,일부해당,석재 가공기(일부),2차 후보(확인 필요),,0,0,0,0,0,0,0,False,2차 후보(확인 필요),,,2차 후보-약
00140955,(주)한솔케미칼,014680,Y,20129,1101110270895,1028134955,19800313,12,서울특별시 강남구 테헤란로 513K Tower 7F / 8F,2025,20260318001424,한솔,False,False,중견,공시대상기업집단 소속(중소 제외),별도,1200,683182182594.0,611310084815.0,1266309974484.0,883968714104.0,810660110485.0,1600348080121.0,True,I0500100046,(주)한솔케미칼,20129,,비해당,,,비해당,,비대상,True,0,0,0,0,0,0,0,False,비대상,,,비대상
00475718,(주)이엠앤아이,083470,K,201,1350110096608,1348146818,19990930,12,"경기도 안산시 상록구 해안로 705, 파일롯플랜트 2동 203호(사동,경기테크노파크)",2025,20260323000723,,False,False,중소,"3년 평균 매출 242억 ≤ 기준 1,200억, 자산 5,000억 미만",별도,1200,18380261067.0,24202749689.0,13396074168.0,18380261067.0,24202749689.0,13398607856.0,False,,,,,비해당,,,비해당,,비대상,,0,0,0,0,0,0,0,False,비대상,,,비대상
00580056,(주) 스맥,099440,K,29221,1601110052665,3148114800,19960305,12,경상남도 김해시 주촌면 골든루트로 157-10,2025,20260323001679,,False,False,중견,"3년 평균 매출 1,596억 > 기준 1,200억",별도,1200,139944204458.0,159641082523.0,314526497409.0,153589636057.0,177172403956.0,301515657631.0,False,,,,,비해당,,,일부해당,석재 가공기(일부),2차 후보(확인 필요),True,0,0,0,2,0,0,15,True,2차 후보(확인 필요),,,2차 후보-약
00585538,(주)에스에너지,095910,K,2811,1101112149890,2068154253,20010112,12,서울특별시 송파구 법원로6길 11 4층,2025,20260320000812,,False,False,중소,"3년 평균 매출 875억 ≤ 기준 1,800억, 자산 5,000억 미만",별도,1800,64014816974.0,87491131933.0,106621610672.0,102439706002.0,140047926710.0,227855411673.0,False,,,,,비해당,,,해당,전동기·변압기,2차(2028),,0,0,0,0,0,0,0,False,2차(2028),,,2차(2028)
00654175,(주)피엠티,147760,K,27212,1351110069710,1238198238,20040512,12,충청남도 아산시 음봉면 연암율금로 77-20 (주)피엠티,2025,20260316001657,,False,False,중소,"3년 평균 매출 276억 ≤ 기준 800억, 자산 5,000억 미만",별도,800,25287736817.0,27574525417.0,53456916573.0,,,,False,,,,,비해당,,,일부해당,가스 분석기(일부),2차 후보(확인 필요),,0,0,0,0,0,0,0,False,2차 후보(확인 필요),,,2차 후보-약
00866451,워트 주식회사,396470,K,29271,1601110172108,3148165634,20040408,12,경기도 화성시 동탄면 동탄산단10길 53-15 &nbsp,2025,20260318000059,,False,False,중소,"3년 평균 매출 144억 ≤ 기준 1,200억, 자산 5,000억 미만",별도,1200,15220812751.0,14416880703.0,68057774821.0,15220856646.0,14416887676.0,68036241159.0,False,,,,,비해당,,,비해당,,비대상,,0,0,0,0,0,0,0,False,비대상,,,비대상
00916516,(주)흥국에프엔비,189980,K,11209,2801110086726,1278610281,20080325,12,"서울특별시 강남구 삼성로 546 (삼성동, 흥국에프엔비빌딩)",2025,20260323000584,,False,False,중소,"3년 평균 매출 719억 ≤ 기준 800억, 자산 5,000억 미만",별도,800,70371079267.0,71915236651.0,200686557623.0,99378439543.0,101041172122.0,225773290519.0,False,,,,,비해당,,,비해당,,비대상,,0,0,0,0,0,0,0,False,비대상,,,비대상
00956028,엑세스바이오 인코퍼레이션,950130,K,213,,0100888833,20020927,12,"7 Fitzgerald Avenue, Monroe Township, NJ 08831, USA -",2025,20260623000058,,False,False,중소,"3년 평균 매출 1억 ≤ 기준 800억, 자산 5,000억 미만",별도,800,13817768.0,109428450.0,418482248.0,21976285.0,123834605.0,423681105.0,False,,,,,비해당,,,비해당,,비대상,,0,0,0,0,0,0,0,False,비대상,,,비대상
01037214,(주)킵스바이오파마,256940,K,212,1101112063743,2098126571,20000904,12,서울특별시 강남구 테헤란로13길 8-11 킵스빌딩 4층,2025,20260323000346,,False,False,중소,"3년 평균 매출 139억 ≤ 기준 800억, 자산 5,000억 미만",별도,800,32647872364.0,13914586013.0,179202118839.0,170146866389.0,129954477458.0,233917145815.0,False,,,,,비해당,,,비해당,,비대상,,0,0,0,0,0,0,0,False,비대상,,,비대상
01042979,휴마시스(주),205470,K,213,1101115503308,1078827778,20140829,12,경기도 군포시 군포첨단산업2로 37 (부곡동) 휴마시스㈜,2025,20260323001233,,False,False,중소,"3년 평균 매출 85억 ≤ 기준 800억, 자산 5,000억 미만",별도,800,4719050005.0,8547512030.0,281438628022.0,30113048982.0,23117889211.0,327031186367.0,False,,,,,비해당,,,비해당,,비대상,,0,0,0,0,0,0,0,False,비대상,,,비대상
00536286,(주)윈팩,097800,K,2612,1344110020543,1268161690,20020403,12,경기도 용인시 처인구  백암면 청강가창로 50,2025,20260319000027,,False,False,중소,"3년 평균 매출 786억 ≤ 기준 1,000억, 자산 5,000억 미만",별도,1000,75547662067.0,78631424728.0,130664662904.0,,,,True,IA014200005,주식회사 윈팩,26111,,비해당,,,비해당,,비대상,,0,0,0,0,0,0,0,False,비대상,,,비대상
00957735,(주)클리오,237880,K,20423,1101111421273,2118622189,19970531,12,서울특별시 성동구 왕십리로 66 -,2025,20260323001466,,False,False,중견,"3년 평균 매출 3,279억 > 기준 1,200억",별도,1200,317427787811.0,327904988459.0,290258513372.0,328903470798.0,336951263120.0,299252972651.0,False,,,,,비해당,,,비해당,,비대상,True,0,0,0,0,0,0,6,False,비대상,,,비대상
00624378,(주)마이크로투나노,424980,K,26129,1101112059031,1198141599,20000828,12,경기도 용인시 처인구 이동읍 덕성산단2로50번길 43,2025,20260319000429,,False,False,중소,"3년 평균 매출 139억 ≤ 기준 1,000억, 자산 5,000억 미만",별도,1000,22228158731.0,13916615748.0,50072646940.0,,,,False,,,,,비해당,,,비해당,,비대상,,0,0,0,0,0,0,0,False,비대상,,,비대상
00106881,(주)인디에프,014990,Y,14112,1101110279996,1208117274,19800908,12,서울특별시 강남구  테헤란로104길 21,2025,20260319000445,글로벌세아,False,False,중견,공시대상기업집단 소속(중소 제외),별도,1500,104267298492.0,114951521231.0,115802815767.0,104591440092.0,115276369431.0,115862924255.0,False,,,,,비해당,,,비해당,,비대상,True,0,0,0,0,0,0,1,False,비대상,,,비대상
00120924,매일홀딩스(주),005990,K,104,1101110099609,2038143193,19690214,12,서울시 종로구 종로1길 50 더케이트윈타워A동,2025,20260319001082,,False,True,중소,"3년 평균 매출 171억 ≤ 기준 1,200억, 자산 5,000억 미만",별도,1200,16210203316.0,17096414453.0,374346128297.0,2196211284329.0,2177593561364.0,1423606242799.0,False,,,,,비해당,,,비해당,,비대상,,0,0,0,0,0,0,0,False,비대상,,,비대상
00479787,(주)인텍플러스,064290,K,292,1101111204637,1058174771,19951013,12,대전광역시 유성구  테크노2로 263 (주)인텍플러스,2025,20260318001550,,False,False,중소,"3년 평균 매출 828억 ≤ 기준 1,200억, 자산 5,000억 미만",별도,1200,89765092570.0,82813586156.0,118836903277.0,89765092570.0,82813586156.0,118814866862.0,False,,,,,비해당,,,일부해당,건설·광업 기계/농기계/산업용 로봇/석재 가공기(일부)/주조·야금 기계,2차 후보(확인 필요),,0,0,0,0,0,0,0,False,2차 후보(확인 필요),,,2차 후보(확인 필요)
01068737,주식회사 에이치피오,357230,K,108,1101114838516,1058770267,20120406,12,서울특별시 영등포구 양평로 115 -,2025,20260323001535,,False,False,중소,"3년 평균 매출 1,140억 ≤ 기준 1,200억, 자산 5,000억 미만",별도,1200,110522430622.0,114033258440.0,165800716615.0,258188615006.0,244348442302.0,257095039561.0,False,,,,,비해당,,,비해당,,비대상,,0,0,0,0,0,0,0,False,비대상,,,비대상
01073678,(주)얼라인드제네틱스,238120,K,273,1341110170980,1388149267,20081002,12,경기도 군포시 고산로148번길 18 -,2025,20260323001245,,False,False,중소,"3년 평균 매출 131억 ≤ 기준 800억, 자산 5,000억 미만",별도,800,12807256919.0,13052562490.0,56686335869.0,16015916140.0,15669397960.0,57794757767.0,False,,,,,비해당,,,비해당,,비대상,,0,0,0,0,0,0,0,False,비대상,,,비대상
01095704,케이엠제약(주),225430,K,204,1101115779909,4208600149,20150710,12,경기도 평택시 포승읍 평택항로268번길 121 -,2025,20260323000724,,False,False,중소,"3년 평균 매출 161억 ≤ 기준 1,200억, 자산 5,000억 미만",별도,1200,15989987109.0,16078137074.0,46393264312.0,,,,False,,,,,비해당,,,비해당,,비대상,,0,0,0,0,0,0,0,False,비대상,,,비대상
01222867,(주)제테마,216080,K,213,1358110168568,1358603665,20090717,12,강원도 원주시 지정면 조엄로 321,2025,20260320000625,,False,False,중소,"3년 평균 매출 655억 ≤ 기준 800억, 자산 5,000억 미만",별도,800,73616988293.0,65454622246.0,212283219747.0,76902884066.0,68046381264.0,209135993481.0,False,,,,,비해당,,,비해당,,비대상,,0,0,0,0,0,0,0,False,비대상,,,비대상
01226410,(주)씨앤씨인터내셔널,352480,K,20423,1358110238402,1358638179,20131025,12,경기도 화성시 삼성1로5길 39,2025,20260323001238,,False,False,중견,"3년 평균 매출 2,482억 > 기준 1,200억",별도,1200,266912286272.0,248174507500.0,427528062849.0,288477800460.0,263896357752.0,437835367957.0,False,,,,,비해당,,,비해당,,비대상,True,0,0,0,0,0,0,13,False,비대상,,,비대상
01258020,주식회사 에스바이오메딕스,304360,K,212,1101112838477,2118756314,20030811,12,"경기도 파주시 문발로 320 사무동, 연구동",2025,20260324000025,,False,False,중소,"3년 평균 매출 4억 ≤ 기준 800억, 자산 5,000억 미만",별도,800,106998000.0,351077280.0,23255264061.0,16547626709.0,14463344040.0,41218860975.0,False,,,,,비해당,,,비해당,,비대상,,0,0,0,0,0,0,0,False,비대상,,,비대상
01393721,(주)포커스에이아이,331380,K,265,1101117167128,5548701400,20190710,12,경기도 안양시 동안구 엘에스로91번길 16-17 포커스빌딩,2025,20260323001612,,False,False,중소,"3년 평균 매출 543억 ≤ 기준 1,000억, 자산 5,000억 미만",별도,1000,45308322646.0,54316787824.0,46665341279.0,,,,False,,,,,비해당,,,비해당,,비대상,,0,0,0,0,0,0,0,False,비대상,,,비대상
00177199,디씨엠(주),024090,Y,2419,1801110071794,6218116744,19870302,12,경상남도 양산시  웅상농공단지길 55,2025,20260724000315,,False,False,중견,"3년 평균 매출 2,287억 > 기준 1,800억",별도,1800,227052934104.0,228741679094.0,294286057738.0,,,,False,,,,,해당,철강,원재료,비해당,,1차(2027),True,0,0,0,0,0,0,3,False,1차(2027),,,1차(2027)
00150536,진양제약(주),007370,K,212,1101110233629,2148110673,19780607,12,서울특별시 서초구  효령로 231,2025,20260318001709,,False,False,중견,"3년 평균 매출 1,092억 > 기준 800억",별도,800,120686230379.0,109242175237.0,267809077303.0,,,,False,,,,,비해당,,,비해당,,비대상,True,0,0,0,0,0,0,1,False,비대상,,,비대상
01311310,주식회사 지아이텍,382480,K,292,1648110065785,3128639116,20120502,12,충청남도 아산시 둔포면 아산밸리로387번길 42,2025,20260507000504,,False,False,중소,"3년 평균 매출 347억 ≤ 기준 1,200억, 자산 5,000억 미만",별도,1200,31995560807.0,34740217198.0,129607640781.0,36219713807.0,36869148425.0,129587017256.0,False,,,,,비해당,,,일부해당,건설·광업 기계/농기계/산업용 로봇/석재 가공기(일부)/주조·야금 기계,2차 후보(확인 필요),,0,0,0,0,0,0,0,False,2차 후보(확인 필요),,,2차 후보(확인 필요)
00617998,(주)폴라리스세원,234100,K,303,1348110015885,1258117473,19911223,12,경기도 평택시 산단로64번길 56 &nbsp,2025,20260318001559,,False,False,중소,"3년 평균 매출 838억 ≤ 기준 1,200억, 자산 5,000억 미만",별도,1200,87081775135.0,83829238871.0,193235784409.0,242634611034.0,202543126403.0,455535894278.0,False,,,,,비해당,,,일부해당,기어박스(일부)/자동차 엔진 부품(일부)/자동차 차체 부품(일부)/휠·현가장치·라디에이터(일부),2차 후보(확인 필요),,0,0,0,0,0,0,0,False,2차 후보(확인 필요),,,2차 후보(확인 필요)
00618410,(주)케이에스인더스트리,101000,K,292,1955110072268,6158138175,20040603,12,경상남도 함안군 군북면 석교천길 223 -,2025,20260622000085,,False,False,중소,"3년 평균 매출 262억 ≤ 기준 1,200억, 자산 5,000억 미만",별도,1200,30893809082.0,26182092558.0,58206881135.0,39447384534.0,29418382167.0,61193612721.0,False,,,,,비해당,,,일부해당,건설·광업 기계/농기계/산업용 로봇/석재 가공기(일부)/주조·야금 기계,2차 후보(확인 필요),,0,0,0,0,0,0,0,False,2차 후보(확인 필요),,,2차 후보(확인 필요)
00657783,모델솔루션 주식회사,417970,K,292,1101113176925,1138196403,20050225,12,서울특별시 금천구 벚꽃로20길 24,2025,20260318000753,한국앤컴퍼니그룹(舊 한국타이어),True,False,대기업,상호출자제한기업집단 소속,별도,1200,76502212442.0,69353256320.0,96962061238.0,76502212442.0,69751744227.0,97396065921.0,False,,,,,비해당,,,일부해당,건설·광업 기계/농기계/산업용 로봇/석재 가공기(일부)/주조·야금 기계,2차 후보(확인 필요),,0,0,0,0,0,0,0,False,2차 후보(확인 필요),,,2차 후보(확인 필요)
01416642,주식회사 다보링크,340360,K,264,1101117263174,8238801453,20191017,12,경기도 안양시 동안구 벌말로 112 주식회사 다보링크,2025,20260323001726,,False,False,중소,"3년 평균 매출 682억 ≤ 기준 1,000억, 자산 5,000억 미만",별도,1000,63190483622.0,68160295806.0,40485766644.0,63202011258.0,68164138352.0,40687717639.0,False,,,,,비해당,,,비해당,,비대상,,0,0,0,0,0,0,0,False,비대상,,,비대상
01435489,범한퓨얼셀 주식회사,382900,K,28111,1942110310912,7308601458,20191231,12,경상남도 창원시 마산회원구 자유무역4길 61,2025,20260323001375,,False,False,중소,"3년 평균 매출 367억 ≤ 기준 1,800억, 자산 5,000억 미만",별도,1800,43361093941.0,36690484286.0,351828327088.0,43361093941.0,36690484286.0,352360772024.0,False,,,,,비해당,,,해당,전동기·변압기,2차(2028),,0,0,0,0,0,0,0,False,2차(2028),,,2차(2028)
01437858,주식회사 진시스템,363250,K,271,1615110116305,3128615545,20100324,12,대전광역시 유성구 테크노2로 200-9,2025,20260324000016,,False,False,중소,"3년 평균 매출 8억 ≤ 기준 800억, 자산 5,000억 미만",별도,800,318326264.0,782584090.0,14051755001.0,381356664.0,828714890.0,14395506156.0,False,,,,,비해당,,,일부해당,의료기기(일부),2차 후보(확인 필요),,0,0,0,0,0,0,0,False,2차 후보(확인 필요),,,2차 후보-약
01462605,지투파워(주),388050,K,28123,1351110102065,1238625235,20101217,12,경기도 화성시 양감면 초록로 868-12,2025,20260731000292,,False,False,중소,"3년 평균 매출 605억 ≤ 기준 1,800억, 자산 5,000억 미만",별도,1800,77040772780.0,60510775529.0,89527806069.0,77377777992.0,60738064923.0,89876159965.0,False,,,,,비해당,,,비해당,,비대상,,0,0,0,0,0,0,0,False,비대상,,,비대상
01480568,(주)이지바이오,353810,K,109,1101117474424,8238801642,20200501,12,서울특별시 강남구 강남대로 310 (역삼동 837-11) 유니온센터 3층,2025,20260323000984,,False,False,중견,"3년 평균 매출 1,479억 > 기준 1,200억",별도,1200,144883962081.0,147860714726.0,248473429483.0,476938919229.0,342218307152.0,327472714215.0,False,,,,,비해당,,,비해당,,비대상,True,0,0,0,0,0,0,3,False,비대상,,,비대상
01638387,케이지에이(주),455180,K,29271,1348110428195,4808100919,20171031,12,경기도 평택시 브레인산단4로 45 -,2025,20260323000797,,False,False,중소,"3년 평균 매출 279억 ≤ 기준 1,200억, 자산 5,000억 미만",별도,1200,18123087764.0,27868876162.0,101845231037.0,18123087764.0,27868876162.0,101840993284.0,False,,,,,비해당,,,비해당,,비대상,,0,0,0,0,0,0,0,False,비대상,,,비대상
00126380,삼성전자(주),005930,Y,264,1301110006246,1248100998,19690113,12,경기도 수원시 영통구  삼성로 129 (매탄동),2025,20260310002820,삼성,True,False,대기업,상호출자제한기업집단 소속,별도,1000,238043009000000.0,205823113333333.0,358902051000000.0,333605938000000.0,297804111666667.0,566942110000000.0,True,I1100100009,삼성전자 주식회사,26111,,비해당,,,비해당,,비대상,,0,0,0,0,0,0,0,False,비대상,,,비대상
01261893,(주)케이씨텍,281820,Y,272,1346110087565,6128153314,20171101,12,경기도 안성시 미양면 제2공단3길 12 -,2025,20260313001174,,False,False,중견,"3년 평균 매출 3,519억 > 기준 800억, 자산 6,011억 ≥ 5,000억",별도,800,383391616140.0,351911763645.0,601083973976.0,382856574357.0,351733416384.0,600479162239.0,False,,,,,비해당,,,일부해당,가스 분석기(일부),2차 후보(확인 필요),True,0,0,0,0,0,0,0,False,2차 후보(확인 필요),,,2차 후보-약
00664853,제이씨케미칼(주),137950,K,2049,1358110124726,1358185115,20060324,12,울산광역시 울주군  온산읍 화산1길 70,2025,20260318001183,,False,False,중견,"3년 평균 매출 3,226억 > 기준 1,200억",별도,1200,295817002195.0,322577751888.0,365475249007.0,367542495747.0,391369863827.0,382337126501.0,False,,,,,비해당,,,비해당,,비대상,True,0,0,0,0,0,0,19,False,비대상,,,비대상
00172936,동일산업(주),004890,Y,24113,1701110002171,5028100015,19661227,12,경상북도 포항시 남구  괴동로 112 (장흥동) 동일산업(주),2025,20260326000328,,False,False,중견,"3년 평균 매출 3,471억 > 기준 1,800억",별도,1800,295026261958.0,347089479350.0,411772017906.0,347922351797.0,401626751055.0,455132592932.0,True,I0800100010,동일산업주식회사,24113,,해당,철강,원재료,비해당,,1차(2027),True,0,0,1,0,0,0,1,True,1차(2027),,,1차(2027)
00799177,(주)삼기,122350,K,303,1101114249458,1068669145,20091224,12,충청남도 서산시 지곡면 무장산업로 263-29 -,2025,20260318001642,,False,False,중견,"3년 평균 매출 4,835억 > 기준 1,200억",별도,1200,489356402339.0,483548001412.0,458251818735.0,570538736376.0,550030022878.0,663256706885.0,True,I1200140046,주식회사 삼기,30310,,비해당,,,일부해당,자동차 엔진 부품(일부),2차 후보(확인 필요),True,0,0,31,0,0,0,15,True,"2차(2028, 제품명 확인)",확인,밸브바디·클러치하우징 등 변속기 부품,"2차(2028, 제품명 확인)"
00173874,넥센타이어(주),002350,Y,221,1101110014219,6218110769,19580411,12,경상남도 양산시  충렬로 355 넥센타이어,2025,20260318001435,,False,False,중견,"3년 평균 매출 21,156억 > 기준 1,200억, 자산 34,989억 ≥ 5,000억",별도,1200,2129969990147.0,2115643453055.0,3498880625705.0,3189610448781.0,2913085212157.0,4709514375870.0,True,I0500100007,넥센타이어(주),22111,,비해당,,,비해당,,비대상,True,0,0,0,3,0,0,46,True,비대상,,,비대상
00923516,(주)메가터치,446540,K,28201,1615110121601,3128620219,20100909,12,충청남도 천안시 서북구 3공단2로 42 &nbsp,2025,20260318001084,,False,False,중소,"3년 평균 매출 488억 ≤ 기준 1,800억, 자산 5,000억 미만",별도,1800,43240176069.0,48791982301.0,62610628208.0,,,,False,,,,,비해당,,,비해당,,비대상,,0,0,0,0,0,0,0,False,비대상,,,비대상
00179489,명인제약(주),317450,Y,21212,1243110022866,1248118673,19881108,12,경기도 화성시 팔탄면 노하길 361-12,2025,20260325001031,,False,False,중견,"3년 평균 매출 2,665억 > 기준 800억, 자산 8,315억 ≥ 5,000억",별도,800,287364202152.0,266482468983.0,831537426839.0,287254358952.0,266342318583.0,841674647202.0,False,,,,,비해당,,,비해당,,비대상,True,0,0,0,0,0,0,1,False,비대상,,,비대상
01031229,(주)한국비티비,219750,K,271,1101111651101,2298136321,19990212,12,경기도 성남시 분당구 동원로 7 지티지웰니스,2025,20260331003468,,False,False,중소,"3년 평균 매출 312억 ≤ 기준 800억, 자산 5,000억 미만",별도,800,32030669908.0,31200762482.0,44244918539.0,,,,False,,,,,비해당,,,일부해당,의료기기(일부),2차 후보(확인 필요),,0,0,0,0,0,0,0,False,2차 후보(확인 필요),,,2차 후보-약
01032583,(주)강동씨앤엘,198440,K,233,1101115403623,1078818207,20140428,12,전라남도 장성군 장성읍 영천로 35 고려시멘트,2025,20260318001156,,False,False,중소,"3년 평균 매출 566억 ≤ 기준 800억, 자산 5,000억 미만",별도,800,71843117330.0,56583022086.0,427945566506.0,,,,True,I0700120029,(주)강동씨앤엘,23311,,해당,시멘트,원재료,비해당,,1차(2027),,0,0,0,0,0,0,0,False,1차(2027),,,1차(2027)
01061558,덕산네오룩스(주),213420,K,262,1615110176036,3128674729,20141231,12,충청남도 천안시 서북구 입장면 쑥골길 21-32,2025,20260318001436,,False,False,중견,"3년 평균 매출 1,927억 > 기준 1,000억, 자산 5,652억 ≥ 5,000억",별도,1000,202283546625.0,192745971205.0,565229231152.0,344309797191.0,240088054727.0,714152331754.0,False,,,,,비해당,,,비해당,,비대상,True,0,0,0,0,0,0,0,False,비대상,,,비대상
00641393,엔시트론(주),101400,K,2611,1101111930787,1138160337,20000404,12,"서울특별시 강남구 언주로148길 19 4층(논현동, 청호빌딩)",2025,20260323000929,,False,False,중소,"3년 평균 매출 240억 ≤ 기준 1,000억, 자산 5,000억 미만",별도,1000,15581394276.0,23963855625.0,43943595404.0,34368016671.0,35516269885.0,47560817291.0,False,,,,,비해당,,,비해당,,비대상,,0,0,0,0,0,0,0,False,비대상,,,비대상
00147860,(주)에스엠벡셀,010580,Y,303,1341110003058,1258106772,19750411,12,충청남도 아산시 도고면 도고면로 48-15 (주)지코,2025,20260320000787,SM,True,False,대기업,상호출자제한기업집단 소속,별도,1200,150271118361.0,175179974771.0,100176500447.0,,,,False,,,,,비해당,,,일부해당,기어박스(일부)/자동차 엔진 부품(일부)/자동차 차체 부품(일부)/휠·현가장치·라디에이터(일부),2차 후보(확인 필요),,0,0,0,0,0,0,0,False,2차 후보(확인 필요),,,2차 후보(확인 필요)
00567222,우림피티에스(주),101170,K,29142,1942110039934,6098140851,20000301,12,경상남도 창원시 성산구  남면로 613 우림기계,2025,20260323000743,,False,False,중소,"3년 평균 매출 621억 ≤ 기준 1,200억, 자산 5,000억 미만",별도,1200,57112791211.0,62074828569.0,92986182566.0,57112791211.0,62074828569.0,93123568272.0,False,,,,,비해당,,,비해당,,비대상,,0,0,0,0,0,0,0,False,비대상,,,비대상
01109539,(주)와이씨,232140,K,292,1101115869346,2838600313,20151022,12,"경기도 성남시 분당구 판교로255번길 28 (삼평동, 디에이치케이솔루션빌딩 7층)",2025,20260318001246,,False,False,중견,"3년 평균 매출 1,852억 > 기준 1,200억",별도,1200,182484836517.0,185237947705.0,351172722700.0,272629978227.0,246351165080.0,607188961441.0,False,,,,,비해당,,,일부해당,건설·광업 기계/농기계/산업용 로봇/석재 가공기(일부)/주조·야금 기계,2차 후보(확인 필요),True,0,0,0,0,0,0,0,False,2차 후보(확인 필요),,,2차 후보(확인 필요)
00357935,에이치디씨현대이피(주),089470,Y,204,1650110006768,3118113651,20000115,12,충청남도 당진시  석문면 대호만로 1221-32 현대EP 주식회사,2025,20260814001252,에이치디씨,True,False,대기업,상호출자제한기업집단 소속,별도,1200,793405658477.0,808827275993.0,494467849143.0,992661845300.0,997115975747.0,661226988172.0,False,,,,,비해당,,,비해당,,비대상,,0,0,0,0,0,0,0,False,비대상,,,비대상
00369833,유니온머티리얼(주),047400,Y,23222,1701110176489,5148137645,20000630,12,대구광역시 달서구  성서공단남로 151,2025,20260318001126,,False,False,중견,"3년 평균 매출 1,086억 > 기준 800억",별도,800,101381267232.0,108606226941.0,148088029372.0,101937090012.0,108924603218.0,136395574481.0,True,I1200120028,유니온머티리얼(주),23222,,비해당,,,비해당,,비대상,True,0,0,0,0,0,0,9,False,비대상,,,비대상
01343665,알에프머트리얼즈(주),327260,K,26299,1355110186996,1408126307,20071228,12,"경기도 안산시 단원구 강촌로 213, 215(목내동) .",2025,20260318001224,,False,False,중소,"3년 평균 매출 176억 ≤ 기준 1,000억, 자산 5,000억 미만",별도,1000,25943746983.0,17649718499.0,61132568283.0,64084381231.0,52164447602.0,128192539098.0,False,,,,,비해당,,,비해당,,비대상,,0,0,0,0,0,0,0,False,비대상,,,비대상
00896285,(주)삼양사,145990,Y,108,1101114720945,1018666838,20111103,12,서울특별시 종로구 종로33길 31 삼양사,2025,20260318001585,삼양,False,False,중견,공시대상기업집단 소속(중소 제외),별도,1200,1897132847359.0,1954077674931.0,2917062185207.0,2562499706149.0,2628586779711.0,3625448840653.0,True,F0010100006,주식회사 삼양사,10620,,비해당,,,비해당,,비대상,True,0,0,0,0,0,0,6,False,비대상,,,비대상
01042775,에이치엘만도(주),204320,Y,303,1313110140776,1258625094,20140902,12,경기도 평택시 포승읍 하만호길 32,2025,20260318000883,HL,False,False,중견,공시대상기업집단 소속(중소 제외),별도,1200,3029657613639.0,2853105735181.0,4044506155525.0,9454812581023.0,8898693751234.0,7136602919112.0,True,I1200100008,에이치엘만도 주식회사,30392,,비해당,,,일부해당,휠·현가장치·라디에이터(일부),2차 후보(확인 필요),True,0,0,0,0,25,0,19,True,"2차(2028, 제품명 확인)",확인,제동·조향·현가장치 제조,"2차(2028, 제품명 확인)"
01205842,에이치디건설기계(주),267270,Y,29241,1101116363868,5288800622,20170403,12,"경기도 성남시 분당구 분당수서로 477 11층(정자동, HD현대그룹 글로벌 R&D센터)",2025,20260602000456,HD현대,True,False,대기업,상호출자제한기업집단 소속,별도,1200,2150088763000.0,2220269511333.0,2421291998000.0,3776524012000.0,3679851063333.0,3602695392000.0,False,,,,,비해당,,,해당,건설·광업 기계,2차(2028),,0,0,0,0,0,0,0,False,2차(2028),,,2차(2028)
01428203,(주)케이씨씨글라스,344820,Y,2311,1101117342473,4018701412,20200102,12,서울특별시 서초구 강남대로 587(잠원동),2025,20260319000948,케이씨씨,True,False,대기업,상호출자제한기업집단 소속,별도,800,1870911380060.0,1818096160687.0,2382594287245.0,1900606191952.0,1827994431317.0,2313583865629.0,True,IA028190002,주식회사 케이씨씨글라스,23111,,비해당,,,비해당,,비대상,,0,0,0,0,0,0,0,False,비대상,,,비대상
01011438,(주)에이치엘사이언스,239610,K,108,1341110077704,1238161032,20000928,12,"경기도 의왕시 안양판교로 89 (포일동, 에이치엘사이언빌딩)",2025,20260316001343,,False,False,중소,"3년 평균 매출 189억 ≤ 기준 1,200억, 자산 5,000억 미만",별도,1200,14591439745.0,18948107280.0,85152887405.0,16705710069.0,19985778618.0,85044689179.0,False,,,,,비해당,,,비해당,,비대상,,0,0,0,0,0,0,0,False,비대상,,,비대상
00127857,(주)삼익악기,002450,Y,33201,1201110001818,1228101045,19730104,12,충청북도 음성군  소이면 소이로 313,2025,20260814002549,,False,False,중소,"3년 평균 매출 779억 ≤ 기준 1,000억, 자산 5,000억 미만",별도,1000,72776200741.0,77882480298.0,311741880763.0,224438993364.0,234249465679.0,514460612193.0,False,,,,,비해당,,,비해당,,비대상,,0,0,0,0,0,0,0,False,비대상,,,비대상
00917861,(주)슈피겐코리아,192440,K,339,1101114045848,1208736593,20090218,12,서울특별시 강남구 봉은사로 446 슈피겐HQ,2025,20260320001111,,False,False,중견,"3년 평균 매출 2,964억 > 기준 1,000억",별도,1000,300714916785.0,296418789338.0,363451709251.0,463698273567.0,458797056105.0,574067736090.0,False,,,,,비해당,,,비해당,,비대상,True,0,0,0,0,0,0,14,False,비대상,,,비대상
00755739,(주)파인테크닉스,106240,K,28410,1341110173489,1238616212,20090101,12,경기도 안양시 만안구 덕천로 38 (주)파인테크닉스,2025,20260327001240,,False,False,중소,"3년 평균 매출 529억 ≤ 기준 1,800억, 자산 5,000억 미만",별도,1800,40843846825.0,52894159982.0,97110864004.0,42876376647.0,53406988415.0,130050787211.0,False,,,,,비해당,,,비해당,,비대상,,0,0,0,0,0,0,0,False,비대상,,,비대상
01016479,(주)오로스테크놀로지,322310,K,292,1311110104403,1298166452,20031021,12,경기도 화성시 동탄구 삼성1로5길 25 -,2025,20260323001066,,False,False,중소,"3년 평균 매출 523억 ≤ 기준 1,200억, 자산 5,000억 미만",별도,1200,50814195013.0,52342640118.0,91200490856.0,52136517687.0,53026063269.0,92165560588.0,False,,,,,비해당,,,일부해당,건설·광업 기계/농기계/산업용 로봇/석재 가공기(일부)/주조·야금 기계,2차 후보(확인 필요),,0,0,0,0,0,0,0,False,2차 후보(확인 필요),,,2차 후보(확인 필요)
01554508,(주)액스비스,0011A0,K,289,1601110269020,3148610420,20091120,12,대전광역시 유성구 테크노1로 57 &nbsp,2025,20260318000683,,False,False,중소,"3년 평균 매출 514억 ≤ 기준 1,800억, 자산 5,000억 미만",별도,1800,54662250667.0,51392181008.0,69663687005.0,56573055392.0,54270452466.0,72416914052.0,False,,,,,비해당,,,비해당,,비대상,,0,0,0,0,0,0,0,False,비대상,,,비대상
00107613,(주)이수페타시스,007660,Y,2622,1101110186638,5148116131,19720204,12,대구광역시 달성군  논공읍 논공로53길 36 이수페타시스,2025,20260323000847,,False,False,중견,"3년 평균 매출 7,425억 > 기준 1,000억, 자산 11,878억 ≥ 5,000억",별도,1000,929664876365.0,742479736046.0,1187846761986.0,1088025119176.0,866741612057.0,1289510030680.0,True,I1100100026,(주)이수페타시스,26223,,비해당,,,비해당,,비대상,True,0,0,0,0,0,0,0,False,비대상,,,비대상
00187770,(주)한국파마,032300,K,212,1801110059112,1248115899,19851224,12,경기도 화성시 향남읍 제약공단3길 87,2025,20260319001107,,False,False,중견,3년 평균 매출 840억 > 기준 800억,별도,800,87601377061.0,84039705265.0,126640396444.0,,,,False,,,,,비해당,,,비해당,,비대상,True,0,0,0,0,0,0,2,False,비대상,,,비대상
00992543,엘케이삼양(주),225190,K,273,1942110216483,6088600017,20130802,12,경상남도 창원시 마산회원구 자유무역6길 123,2025,20260318001650,,False,False,중소,"3년 평균 매출 308억 ≤ 기준 800억, 자산 5,000억 미만",별도,800,21406322851.0,30817799598.0,45459860294.0,21406322851.0,30817799598.0,45265711594.0,False,,,,,비해당,,,비해당,,비대상,,0,0,0,0,0,0,0,False,비대상,,,비대상
01429220,(주)피아이이,452450,K,29299,1358110345801,4808801144,20180706,12,경기도 화성시 동탄기흥로 614 더퍼스트타워2차 19층,2025,20260323000950,,False,False,중소,"3년 평균 매출 418억 ≤ 기준 1,200억, 자산 5,000억 미만",별도,1200,18965484659.0,41780433503.0,121488055304.0,65088392269.0,91658179515.0,150238598437.0,False,,,,,비해당,,,비해당,,비대상,,0,0,0,0,0,0,0,False,비대상,,,비대상
00871587,(주)보원케미칼,0010F0,K,2221,1201110105488,1398120962,19941227,12,"충청북도 충주시 주덕읍 중원산업로 101(당우리, (주)보원케미칼)",2025,20260630000782,,False,False,중소,"3년 평균 매출 419억 ≤ 기준 1,200억, 자산 5,000억 미만",별도,1200,52193588709.0,41865396177.0,70155535846.0,,,,False,,,,,비해당,,,비해당,,비대상,,0,0,0,0,0,0,0,False,비대상,,,비대상
00385415,(주)일신바이오베이스,068330,K,29171,1101111079155,1278164875,19940927,12,경기도 동두천시 삼육사로548번길 84,2025,20260319001084,,False,False,중소,"3년 평균 매출 139억 ≤ 기준 1,200억, 자산 5,000억 미만",별도,1200,14530428309.0,13928478665.0,68584801254.0,,,,False,,,,,비해당,,,일부해당,냉동장비 부품·냉각탑(일부),2차 후보(확인 필요),,0,0,0,0,0,0,0,False,2차 후보(확인 필요),,,2차 후보(확인 필요)
00172945,동일스틸럭스(주),023790,K,24121,1801110002004,6068106096,19670712,12,부산 북구 학장동 716-1,2025,20260323000861,,False,False,중소,"3년 평균 매출 207억 ≤ 기준 1,800억, 자산 5,000억 미만",별도,1800,24045379541.0,20716738877.0,74803061045.0,,,,False,,,,,해당,철강,원재료,비해당,,1차(2027),,0,0,0,0,0,0,0,False,1차(2027),,,1차(2027)
00103510,인지컨트롤스(주),023800,Y,30310,1301110006296,1338122303,19780131,12,"경기도 시흥시  군자천로 171 (정왕동, 시화공단2다504)",2025,20260323001493,,False,False,중견,"3년 평균 매출 4,302억 > 기준 1,200억",별도,1200,447480308861.0,430222990052.0,458663440020.0,717902449045.0,667064061916.0,650215566414.0,False,,,,,비해당,,,일부해당,자동차 엔진 부품(일부),2차 후보(확인 필요),True,0,0,2,0,0,1,18,True,"2차(2028, 제품명 확인)",제외,회사 연혁 문구,2차 후보(확인 필요)
00230425,(주)나노엔텍,039860,K,27199,1101110550502,2298108112,19871118,12,서울특별시 구로구  디지털로26길 5 에이스하이엔드타워1차 1210호,2025,20260323000963,,False,False,중소,"3년 평균 매출 274억 ≤ 기준 800억, 자산 5,000억 미만",별도,800,28575621476.0,27388923190.0,98084348679.0,38130262567.0,31810279472.0,98005251814.0,False,,,,,비해당,,,일부해당,의료기기(일부),2차 후보(확인 필요),,0,0,0,0,0,0,0,False,2차 후보(확인 필요),,,2차 후보-약
00526696,(주)웨이브일렉트로닉스,095270,K,272,1311110043271,1298130691,19991013,12,경기도 수원시 영통구 센트럴타운로 114-6 4층 402호,2025,20260814001743,,False,False,중소,"3년 평균 매출 473억 ≤ 기준 800억, 자산 5,000억 미만",별도,800,46235063752.0,47263935657.0,80868741229.0,80532556275.0,78853308311.0,102940100562.0,False,,,,,비해당,,,일부해당,가스 분석기(일부),2차 후보(확인 필요),,0,0,0,0,0,0,0,False,2차 후보(확인 필요),,,2차 후보-약
00963976,에스지이(주),255220,K,23991,1201110517154,1378603486,20091211,12,"인천광역시 서구 봉수대로300번길 15, 300번길 9 &nbsp",2025,20260316001642,,False,False,중소,"3년 평균 매출 505억 ≤ 기준 800억, 자산 5,000억 미만",별도,800,49445822622.0,50523673124.0,187580874610.0,102246199563.0,100702470309.0,224392841651.0,False,,,,,비해당,,,비해당,,비대상,,0,0,0,0,0,0,0,False,비대상,,,비대상
01360875,주식회사 탑머티리얼,360070,K,28202,1311110304011,1298672468,20120215,12,경기도 이천시 호법면 덕평로 554-30,2025,20260316001549,,False,False,중소,"3년 평균 매출 838억 ≤ 기준 1,800억, 자산 5,000억 미만",별도,1800,23130641417.0,83802496905.0,187522517134.0,,,,False,,,,,비해당,,,비해당,,비대상,,0,0,0,0,0,0,0,False,비대상,,,비대상
01318933,(주)지니틱스,303030,K,261,1101116793007,8468101097,20180626,12,"경기도 용인시 기흥구 흥덕1로 13 흥덕아이티밸리 1901호, (주)지니틱스",2025,20260325000837,,False,False,중소,"3년 평균 매출 412억 ≤ 기준 1,000억, 자산 5,000억 미만",별도,1000,36380023074.0,41174682986.0,21943879670.0,,,,False,,,,,비해당,,,비해당,,비대상,,0,0,0,0,0,0,0,False,비대상,,,비대상
00134723,페이퍼코리아(주),001020,Y,171,2111110000042,4018100013,19530606,12,전라북도 군산시 외항로 1245 페이퍼코리아(주),2025,20260323001240,,False,False,중견,"3년 평균 매출 2,524억 > 기준 1,800억",별도,1800,238650960108.0,252414083474.0,418982370192.0,266668528958.0,306308196638.0,469194967845.0,True,I0300100047,페이퍼코리아,17123,,비해당,,,비해당,,비대상,True,0,0,0,0,0,0,9,False,비대상,,,비대상
00147082,재영솔루텍(주),049630,K,27309,1201110060450,1398101306,19841220,12,인천광역시 연수구 갯벌로 118,2025,20260319001116,,False,False,중견,"3년 평균 매출 1,194억 > 기준 800억",별도,800,160750214841.0,119427258431.0,195978906832.0,164545576680.0,120697653668.0,216173381733.0,False,,,,,비해당,,,비해당,,비대상,True,0,0,0,0,0,0,0,False,비대상,,,비대상
01021666,(주)덕산테코피아,317330,K,2049,2301110120607,6208124727,20060316,12,충청남도 천안시 동남구 풍세면 풍세산단2로 39 &nbsp,2025,20260323001592,,False,False,중소,"3년 평균 매출 999억 ≤ 기준 1,200억, 자산 5,000억 미만",별도,1200,106441762652.0,99908111615.0,369369630272.0,112078954483.0,101950032756.0,646705781509.0,False,,,,,비해당,,,비해당,,비대상,,0,0,0,0,0,0,0,False,비대상,,,비대상
00583442,(주)노루페인트,090350,Y,20411,1341110142575,1238606034,20060602,12,경기도 안양시 만안구  박달로 351,2025,20260312000811,,False,False,중견,"3년 평균 매출 6,790억 > 기준 1,200억, 자산 6,015억 ≥ 5,000억",별도,1200,656917054146.0,678972592773.0,601458154933.0,771052153523.0,781755377622.0,691934047518.0,False,,,,,비해당,,,비해당,,비대상,True,0,0,0,0,0,0,1,False,비대상,,,비대상
01258507,롯데웰푸드(주),280360,Y,108,1101116536481,1868100924,20171001,12,서울특별시 영등포구 양평로21길 10,2025,20260312000907,롯데,True,False,대기업,상호출자제한기업집단 소속,별도,1200,3282856614951.0,3271263449494.0,4116863957077.0,4215952626184.0,4108865618256.0,4574000252553.0,True,F0010100010,롯데웰푸드(주),10713,,비해당,,,비해당,,비대상,,0,0,0,0,0,0,0,False,비대상,,,비대상
00146436,엔브이에이치코리아(주),067570,K,30320,1812110003421,6208101350,19840117,12,울산광역시 북구 모듈화산업로 207-14엔브이에이치코리아(주),2025,20260323001278,,False,False,중견,"3년 평균 매출 5,485억 > 기준 1,200억, 자산 6,528억 ≥ 5,000억",별도,1200,544771342605.0,548545566361.0,652823126011.0,1623889869779.0,1527552297792.0,1579146291059.0,False,,,,,비해당,,,일부해당,자동차 차체 부품(일부),2차 후보(확인 필요),True,0,0,0,0,0,0,3,False,2차 후보(확인 필요),,,2차 후보(확인 필요)
00119140,핸즈코퍼레이션(주),143210,Y,303,1201110000323,1378103633,19720303,12,인천광역시 서구 가정로37번길 50,2025,20260731000461,,False,False,중견,"3년 평균 매출 5,359억 > 기준 1,200억, 자산 5,383억 ≥ 5,000억",별도,1200,587425484622.0,535905484581.0,538265918919.0,784750861389.0,762060079492.0,771746516023.0,True,I1200100005,핸즈코퍼레이션주식회사,30399,,비해당,,,일부해당,휠·현가장치·라디에이터(일부),2차 후보(확인 필요),True,0,0,5,146,3,0,7,True,"2차(2028, 제품명 확인)",확인,"알루미늄 휠 제조사 (첫 문맥은 업계 일반 설명, 추가 확인 권장)","2차(2028, 제품명 확인)"
00173591,(주)세원물산,024830,K,303,1701110020694,5048105369,19850201,12,경상북도 영천시 도남공단길 53,2025,20260323001247,,False,False,중견,"3년 평균 매출 2,119억 > 기준 1,200억",별도,1200,211615991165.0,211855336670.0,484759038617.0,,,,False,,,,,비해당,,,일부해당,기어박스(일부)/자동차 엔진 부품(일부)/자동차 차체 부품(일부)/휠·현가장치·라디에이터(일부),2차 후보(확인 필요),True,0,0,0,0,0,0,0,False,2차 후보(확인 필요),,,2차 후보(확인 필요)
00177870,(주)대창솔루션,096350,K,251,1801110028042,6038114879,19771026,12,부산광역시 강서구 화전산단1로 155 화전동,2025,20260731000758,,False,False,중소,"3년 평균 매출 439억 ≤ 기준 1,200억, 자산 5,000억 미만",별도,1200,43617668790.0,43866815599.0,99766181105.0,59877251686.0,64330301643.0,141833187052.0,False,,,,,일부해당,구조물/탱크·용기,,비해당,,2차 후보(확인 필요),,0,0,0,0,0,0,0,False,2차 후보(확인 필요),,,2차 후보(확인 필요)
00124090,(주)한국특강,007280,Y,24121,1801110015362,6068101728,19710518,12,경상남도 함안군 칠서면 공단동길 98 -,2025,20260323000279,,False,False,중견,"3년 평균 매출 7,888억 > 기준 1,800억, 자산 5,534억 ≥ 5,000억",별도,1800,767140668215.0,788770088285.0,553426736688.0,,,,True,I0800100029,(주)한국특강,24112,,해당,철강,원재료,비해당,,1차(2027),True,0,0,0,0,0,0,0,False,1차(2027),,,1차(2027)
00131197,(주)서원,021050,Y,243,1350110029881,1348101655,19880907,12,"경기도 안산시 단원구  산단로67번길 94  (목내동, (주)서원)",2025,20260601001187,,False,False,중견,"3년 평균 매출 2,558억 > 기준 1,800억",별도,1800,273225123292.0,255755191332.0,198687077692.0,1713611354765.0,1058772377651.0,1079186018040.0,False,,,,,비해당,,,일부해당,철강 주조품,2차 후보(확인 필요),True,0,0,0,0,0,0,1,False,2차 후보(확인 필요),,,2차 후보(확인 필요)
00135050,(주)팜젠사이언스,004720,Y,212,1243110000812,1248136540,19660822,12,경기 화성시 향남면 상신리 향남제약공단 902-5,2025,20260515001314,,False,False,중견,"3년 평균 매출 1,704억 > 기준 800억",별도,800,173072508298.0,170379314545.0,195413585967.0,,,,False,,,,,비해당,,,비해당,,비대상,True,0,0,0,0,0,0,2,False,비대상,,,비대상
00258360,(주)위지트,036090,K,29272,1101111373755,1058185147,19970204,12,"인천광역시 남동구 남동서로 187 (고잔동, 58B/5L)",2025,20260326000001,,False,False,중소,"3년 평균 매출 351억 ≤ 기준 1,200억, 자산 5,000억 미만",별도,1200,36070586920.0,35064816340.0,134101266877.0,483026164741.0,291899702950.0,679926616634.0,False,,,,,비해당,,,비해당,,비대상,,0,0,0,0,0,0,0,False,비대상,,,비대상
00135111,(주)수산세보틱스,017550,Y,29241,1348110002981,1248131958,19840302,12,경기도 화성시  양감면 정문송산로 260,2025,20260323001435,,False,False,중견,"3년 평균 매출 1,297억 > 기준 1,200억",별도,1200,160486483308.0,129693008205.0,236256304689.0,229388263473.0,217940340768.0,268079065105.0,False,,,,,비해당,,,해당,건설·광업 기계,2차(2028),True,0,0,0,0,0,0,7,False,2차(2028),,,2차(2028)
00141477,(주)영흥,012160,Y,24123,1942110000191,6098102065,19770420,12,충청남도 보령시 주교면 관창공단길 50 -,2025,20260323000923,,False,False,중소,"3년 평균 매출 1,570억 ≤ 기준 1,800억, 자산 5,000억 미만",별도,1800,113667567906.0,156995872676.0,234469549854.0,433484558559.0,470444237181.0,399827283080.0,False,,,,,해당,철강,원재료,비해당,,1차(2027),,0,0,0,0,0,0,0,False,1차(2027),,,1차(2027)
00260611,웰킵스하이텍(주),043590,K,261,1101110171168,3038107177,19741023,12,서울특별시 강동구 고덕비즈밸리로 54 웰킵스타워,2025,20260626000482,,False,False,중소,"3년 평균 매출 132억 ≤ 기준 1,000억, 자산 5,000억 미만",별도,1000,8160867118.0,13176551183.0,35897952953.0,21353066604.0,23807921152.0,56409494545.0,False,,,,,비해당,,,비해당,,비대상,,0,0,0,0,0,0,0,False,비대상,,,비대상
00141583,주식회사 삼양컴텍,484590,K,25200,1101110035728,2298115613,19621222,12,"서울특별시 서초구 반포대로27길 16, 8층(서초동, 파크빌딩)",2025,20260326001251,,False,False,중견,"3년 평균 매출 1,264억 > 기준 1,200억",별도,1200,154607270230.0,126412817260.0,239664899299.0,,,,False,,,,,비해당,,,비해당,,비대상,True,0,0,0,0,0,0,4,False,비대상,,,비대상
00533924,(주)이브이첨단소재,131400,K,2622,1701110262452,5038163589,20040301,12,대구광역시 달서구 성서로35길 26,2025,20260324000012,,False,False,중소,"3년 평균 매출 603억 ≤ 기준 1,000억, 자산 5,000억 미만",별도,1000,52081147150.0,60329352706.0,138514562882.0,58957039857.0,67891473307.0,136382252288.0,False,,,,,비해당,,,비해당,,비대상,,0,0,0,0,0,0,0,False,비대상,,,비대상
00102858,고려아연(주),010130,Y,24213,1101110168404,2118111260,19740801,12,서울특별시 종로구 종로33 (청진동) -,2025,20260813001726,영풍,True,False,대기업,상호출자제한기업집단 소속,별도,1800,10534240543625.0,8638108930082.0,16921641897872.0,16587850779912.0,12781763511062.0,20210431697664.0,True,I0900100001,고려아연 주식회사,24213,,비해당,,,비해당,,비대상,,0,0,0,0,0,0,0,False,비대상,,,비대상
00157636,(주)케이피에프,024880,K,259,1301110010841,1348102988,19631031,12,경기도 성남시 분당구 운중로 136 판교송현타워,2025,20260317000758,,False,False,중견,"3년 평균 매출 2,750억 > 기준 1,200억",별도,1200,256819655660.0,274967350573.0,391639230968.0,743913803698.0,774139473469.0,669249520000.0,True,I0800110039,주식회사 케이피에프,25941,,해당,볼트·너트,가공품,일부해당,금속 주방용기(일부)/단조·압형 제품/못·기타 파스너/스프링(일부)/와이어로프·철망/일반철물(일부),1차(2027),True,6,0,4,1,0,0,14,True,1차(2027),,,1차(2027)
00469799,(주)이엔플러스,074610,Y,29193,1355110144291,1348608314,20031203,12,경기도 화성시  비봉면 현대기아로 818-11,2025,20260331000004,,False,False,중소,"3년 평균 매출 249억 ≤ 기준 1,200억, 자산 5,000억 미만",별도,1200,29504334488.0,24944074321.0,41898539965.0,29504334488.0,31530629438.0,42618128379.0,False,,,,,비해당,,,일부해당,분사기(일부),2차 후보(확인 필요),,0,0,0,0,0,0,0,False,2차 후보(확인 필요),,,2차 후보(확인 필요)
00244747,(주)파크시스템스,140860,K,27219,1101111397648,2148615106,19970407,12,경기도 과천시 과천대로12길 150 -,2025,20260319000022,,False,False,중견,"3년 평균 매출 1,431억 > 기준 800억",별도,800,172502405857.0,143065107259.0,324795645861.0,205613479882.0,175159901877.0,349922446098.0,False,,,,,비해당,,,일부해당,가스 분석기(일부),2차 후보(확인 필요),True,0,0,0,0,0,0,13,False,2차 후보(확인 필요),,,2차 후보-약
01136001,(주)나노실리칸첨단소재,286750,K,20129,1358110139600,1358191640,20070515,12,경기도 평택시 산단로52번길 68,2025,20260324000956,,False,False,중소,"3년 평균 매출 59억 ≤ 기준 1,200억, 자산 5,000억 미만",별도,1200,5975377103.0,5909628041.0,44556091183.0,5976639350.0,5904831184.0,44973138429.0,False,,,,,비해당,,,비해당,,비대상,,0,0,0,0,0,0,0,False,비대상,,,비대상
00409788,비에이치아이주식회사,083650,K,29176,1943110006262,6158108287,19980612,12,경상남도 함안군  군북면 장백로 122,2025,20260320000821,,False,False,중견,"3년 평균 매출 5,053억 > 기준 1,200억, 자산 8,273억 ≥ 5,000억",별도,1200,764486190884.0,505309515297.0,827258218880.0,774116878915.0,515419042055.0,830757375864.0,False,,,,,비해당,,,일부해당,냉동장비 부품·냉각탑(일부),2차 후보(확인 필요),True,0,0,0,0,0,0,2,False,2차 후보(확인 필요),,,2차 후보(확인 필요)
00728638,한세실업(주),105630,Y,14199,1201110484303,1378192214,20090106,12,서울특별시 영등포구 은행로 29 정우빌딩,2025,20260318001459,,False,False,중견,"3년 평균 매출 17,351억 > 기준 1,500억, 자산 11,776억 ≥ 5,000억",별도,1500,1827932619764.0,1735127535273.0,1177599415489.0,1941776924955.0,1816109699728.0,1535658846708.0,False,,,,,비해당,,,비해당,,비대상,True,0,0,0,0,0,0,4,False,비대상,,,비대상
01745173,(주)이노테크,469610,K,29299,1358110231646,1358633456,20130604,12,충청남도 아산시 음봉면 스마트산단로 102,2025,20260617000355,,False,False,중소,"3년 평균 매출 181억 ≤ 기준 1,200억, 자산 5,000억 미만",별도,1200,28586584629.0,18134504269.0,79345848825.0,75699364393.0,62905887364.0,94004633993.0,False,,,,,비해당,,,비해당,,비대상,,0,0,0,0,0,0,0,False,비대상,,,비대상
00112651,(주)대창,012800,Y,24221,1301110007137,1338123689,19771219,12,경기도 시흥시 공단1대로 391,2025,20260318000499,,False,False,중견,"3년 평균 매출 5,313억 > 기준 1,800억, 자산 5,759억 ≥ 5,000억",별도,1800,557260537695.0,531270232706.0,575912210779.0,1470237029200.0,1376717986998.0,925177064547.0,True,I0900100005,주식회사 대창,24221,,비해당,,,비해당,,비대상,True,0,0,0,0,0,0,3,False,비대상,,,비대상
00139153,에코플라스틱(주),038110,K,30320,1712110001253,5058102351,19840601,12,경상북도 경주시  공단로69번길 30 에코플라스틱(주),2025,20260318001470,,False,False,중견,"3년 평균 매출 13,222억 > 기준 1,200억, 자산 8,455억 ≥ 5,000억",별도,1200,1410342051000.0,1322225488667.0,845504231000.0,2562025593000.0,2325922402667.0,1696948724000.0,False,,,,,비해당,,,일부해당,자동차 차체 부품(일부),2차 후보(확인 필요),True,0,0,0,9,0,2,2,True,"2차(2028, 제품명 확인)",제외,플라스틱 휠커버 (목록 외),2차 후보(확인 필요)
00115977,아이에스동서(주),010780,Y,2332,1101110208383,2118631577,19750901,12,"경기도 고양시 덕양구 으뜸로 50 12,13,14층",2025,20260318001565,아이에스지주,False,False,중견,공시대상기업집단 소속(중소 제외),별도,800,699457617209.0,1018965730088.0,2935611960882.0,1234356436787.0,1592789677393.0,3457985098127.0,False,,,,,비해당,,,비해당,,비대상,True,0,0,0,0,0,0,5,False,비대상,,,비대상
00117300,(주)TCC스틸,002710,Y,24191,1101110032112,1078113810,19590716,12,경상북도 포항시 남구  괴동로 100,2025,20260318000366,,False,False,중견,"3년 평균 매출 4,419억 > 기준 1,800억",별도,1800,415351075885.0,441940882403.0,467057613005.0,611513908644.0,606002450381.0,574103492112.0,True,I0800100036,(주)티씨씨스틸,24191,,해당,철강,원재료,비해당,,1차(2027),True,0,0,0,0,0,0,22,False,1차(2027),,,1차(2027)
00155452,풍국주정공업(주),023900,K,11121,1701110000745,5148120391,19540227,12,대구광역시 달서구 성서로 72,2025,20260318001648,,False,False,중소,"3년 평균 매출 599억 ≤ 기준 800억, 자산 5,000억 미만",별도,800,56384793504.0,59902044528.0,137453752272.0,163520042927.0,162771479906.0,223744587290.0,False,,,,,비해당,,,비해당,,비대상,,0,0,0,0,0,0,0,False,비대상,,,비대상
00198192,(주)한국팩키지,037230,K,17223,1350110040291,1348118419,19931108,12,경상남도 김해시 주촌면 서부로1293번길 24 한국팩키지,2025,20260318001128,,False,False,중견,"3년 평균 매출 2,259억 > 기준 1,800억",별도,1800,224078895876.0,225916063483.0,219425207451.0,,,,False,,,,,비해당,,,비해당,,비대상,True,0,0,0,0,0,0,0,False,비대상,,,비대상
00203209,(주)에쎈테크,043340,K,29133,1201110087834,1398105578,19930806,12,"전라북도 군산시 자유무역2길 15 (오식도동, 군산자유무역표준공장 7동)",2025,20260317000359,,False,False,중소,"3년 평균 매출 533억 ≤ 기준 1,200억, 자산 5,000억 미만",별도,1200,57909045929.0,53307861446.0,67176154263.0,,,,False,,,,,비해당,,,일부해당,엔진용·소형 펌프(일부),2차 후보(확인 필요),,0,0,0,0,0,0,0,False,2차 후보(확인 필요),,,2차 후보(확인 필요)
00140061,티케이지애강(주),022220,K,22211,1545110001571,3128107981,19900122,12,충청북도 충주시 중앙탑면 기업도시로 422 -,2025,20260323001602,,False,False,중소,"3년 평균 매출 591억 ≤ 기준 1,200억, 자산 5,000억 미만",별도,1200,40707957449.0,59087111503.0,130506053435.0,64731135694.0,67094837585.0,138925990092.0,False,,,,,비해당,,,비해당,,비대상,,0,0,0,0,0,0,0,False,비대상,,,비대상
00268118,(주)코맥스,036690,K,2642,1311110001964,1298101726,19761203,12,경기도 성남시 중원구 둔촌대로 494,2025,20260320001378,,False,False,중견,"3년 평균 매출 1,039억 > 기준 1,000억",별도,1000,81969518945.0,103927883274.0,93121830271.0,85126354242.0,106773318003.0,93400414061.0,False,,,,,비해당,,,비해당,,비대상,True,0,0,0,0,0,0,9,False,비대상,,,비대상
01569102,주식회사 라이콤,388790,K,264,1101117889821,2698702118,20210517,12,경기도 용인시 처인구 이동읍 백자로 109 -,2025,20260323000697,,False,False,중소,"3년 평균 매출 168억 ≤ 기준 1,000억, 자산 5,000억 미만",별도,1000,17688068719.0,16762610817.0,28681322068.0,,,,False,,,,,비해당,,,비해당,,비대상,,0,0,0,0,0,0,0,False,비대상,,,비대상
01383779,(주)에스켐,475660,K,204,1358110248774,1248749805,20140514,12,충청북도 제천시 제2바이오밸리로5길 15(왕암동),2025,20260320000097,,False,False,중소,"3년 평균 매출 265억 ≤ 기준 1,200억, 자산 5,000억 미만",별도,1200,22099311758.0,26530902284.0,39681631113.0,,,,False,,,,,비해당,,,비해당,,비대상,,0,0,0,0,0,0,0,False,비대상,,,비대상
00227333,(주)네패스,033640,K,261,1545110002355,3038105198,19901227,12,충청북도 청주시 청원구 오창읍 과학산업2로 587-32 주식회사 네패스,2025,20260318001666,,False,False,중견,"3년 평균 매출 3,468억 > 기준 1,000억",별도,1000,376748974391.0,346762077849.0,438008800826.0,521439287008.0,484917821779.0,696198458357.0,False,,,,,비해당,,,비해당,,비대상,True,0,0,0,0,0,0,0,False,비대상,,,비대상
00229030,(주)알멕,354320,K,24222,1942110050823,6098150607,20011101,12,경상남도 창원시 성산구 공단로 148,2025,20260318001072,,False,False,중소,"3년 평균 매출 1,510억 ≤ 기준 1,800억, 자산 5,000억 미만",별도,1800,141969724566.0,150964859730.0,257457706571.0,187825356603.0,186904949897.0,342757154564.0,False,,,,,해당,알루미늄,원재료,비해당,,1차(2027),,0,0,0,0,0,0,0,False,1차(2027),,,1차(2027)
00132637,동원시스템즈(주),014820,Y,222,1341110011712,1238115163,19800510,12,충청남도 아산시 둔포면 아산밸리동로 100 -,2025,20260514000698,동원,False,False,중견,공시대상기업집단 소속(중소 제외),별도,1200,1265531143432.0,1218417415802.0,1476731798581.0,1372874325188.0,1327927334422.0,1530722788822.0,True,IA012200005,동원시스템즈(주),23192,업종 대분류 불일치(확인 필요),비해당,,,비해당,,비대상,True,0,0,0,0,0,0,4,False,비대상,,,비대상
00230911,(주)에이치알에스,036640,K,20201,1244110001008,1368101710,19810630,12,"서울특별시 영등포구 국제금융로 70 1605호(여의도동, 미원빌딩)",2025,20260318000227,,False,False,중소,"3년 평균 매출 777억 ≤ 기준 1,200억, 자산 5,000억 미만",별도,1200,77687283351.0,77676685495.0,141022070784.0,78910003465.0,79104374785.0,142539922526.0,False,,,,,비해당,,,비해당,,비대상,,0,0,0,0,0,0,0,False,비대상,,,비대상
00133706,한국제지(주),027970,Y,171,1741110000618,5148103863,19840716,12,울산광역시 울주군 온산읍 원산로 40 한국제지 온산공장,2025,20260318001240,,False,False,중견,"3년 평균 매출 7,526억 > 기준 1,800억, 자산 6,651억 ≥ 5,000억",별도,1800,753679418454.0,752596251087.0,665063438847.0,753679418454.0,752598439927.0,665023739538.0,True,I0300100027,한국제지 주식회사,17122,,비해당,,,비해당,,비대상,True,0,0,0,0,0,0,6,False,비대상,,,비대상
00364740,(주)머큐리,100590,K,2642,1201110230277,1378131255,20000821,12,인천광역시 서구 가재울로 90,2025,20260318001566,,False,False,중견,"3년 평균 매출 1,311억 > 기준 1,000억",별도,1000,109270861494.0,131107248109.0,173838330793.0,123866036266.0,137267185584.0,176342963244.0,False,,,,,비해당,,,비해당,,비대상,True,0,0,0,0,0,0,3,False,비대상,,,비대상
00139454,애경산업(주),018250,Y,20422,1101110398275,1138111573,19850425,12,서울특별시 마포구 양화로 188 -,2025,20260318001405,애경/태광,False,False,중견,공시대상기업집단 소속(중소 제외),별도,1200,631623681447.0,644300862285.0,487110301349.0,654527659913.0,667490394427.0,497808806295.0,False,,,,,비해당,,,비해당,,비대상,True,0,0,0,0,0,0,5,False,비대상,,,비대상
00366137,케이지에코솔루션(주),151860,K,302,1101111799183,2148640997,19991029,12,경상남도 밀양시 초동면 초동농공단지길 59 -,2025,20260318001667,KG,False,False,중견,공시대상기업집단 소속(중소 제외),별도,1200,104854258835.0,95219286830.0,783438607688.0,7577196875286.0,7373076010298.0,6224016845900.0,False,,,,,비해당,,,일부해당,차체·트레일러,2차 후보(확인 필요),True,0,0,0,0,0,0,12,False,2차 후보(확인 필요),,,2차 후보(확인 필요)
00139889,SKC(주),011790,Y,204,1301110001585,1358101250,19730716,12,경기도 수원시 장안구 정자로 102 SKC첨단기술중앙연구소 (정자동 911-10),2025,20260610000521,에스케이,True,False,대기업,상호출자제한기업집단 소속,별도,1200,25120557326.0,104577553097.0,2543598841912.0,1840036441822.0,1683369783537.0,6740499643049.0,False,,,,,비해당,,,비해당,,비대상,,0,0,0,0,0,0,0,False,비대상,,,비대상
00141875,(주)사조오양,006090,Y,102,1101110104820,1048127881,19690609,12,서울특별시 서초구 남부순환로 2159 (방배동),2025,20260318001080,사조,False,False,중견,공시대상기업집단 소속(중소 제외),별도,1200,417363807366.0,403199465555.0,436223234615.0,,,,False,,,,,비해당,,,비해당,,비대상,True,0,0,0,0,0,0,3,False,비대상,,,비대상
00145446,이건산업(주),008250,Y,16211,1201110001959,1318106200,19721207,12,인천광역시 남구 염전로 91,2025,20260318001636,,False,False,중견,"3년 평균 매출 1,783억 > 기준 1,000억",별도,1000,158745273705.0,178349695821.0,248682364261.0,297310475768.0,311947668713.0,400022991359.0,False,,,,,비해당,,,비해당,,비대상,True,0,0,0,0,0,0,5,False,비대상,,,비대상
00492706,씨싸이트(주),109670,K,14199,1101111660368,2208159201,19990309,12,"서울특별시 강남구 테헤란로 625 2층, 7층(삼성동, 덕명빌딩) &nbsp",2025,20260318000471,,False,False,중견,"3년 평균 매출 1,582억 > 기준 1,500억",별도,1500,164264516208.0,158239120579.0,85056873618.0,169721832580.0,165289721366.0,96013604025.0,False,,,,,비해당,,,비해당,,비대상,True,0,0,0,0,0,0,0,False,비대상,,,비대상
00146083,일동홀딩스(주),000230,Y,212,1101110012776,2298114690,19410314,12,서울특별시 서초구  바우뫼로27길 2 일동제약빌딩,2025,20260318001076,,False,True,중소,"3년 평균 매출 182억 ≤ 기준 800억, 자산 5,000억 미만",별도,800,18813154156.0,18203899012.0,296745827105.0,590889546403.0,615705136445.0,802861393964.0,False,,,,,비해당,,,비해당,,비대상,,0,0,0,0,0,0,0,False,비대상,,,비대상
00808068,(주)앤로보틱스,138360,K,292,1355110151022,1408101965,20040630,12,경기도 시흥시 엠티브이28로 16 -,2025,20260323001704,,False,False,중소,"3년 평균 매출 184억 ≤ 기준 1,200억, 자산 5,000억 미만",별도,1200,23371415577.0,18385253583.0,108848558994.0,,,,False,,,,,비해당,,,일부해당,건설·광업 기계/농기계/산업용 로봇/석재 가공기(일부)/주조·야금 기계,2차 후보(확인 필요),,0,0,0,0,0,0,0,False,2차 후보(확인 필요),,,2차 후보(확인 필요)
00133858,세방전지(주),004490,Y,28202,1101110202765,2208100490,19520910,12,서울특별시 강남구 선릉로 433,2025,20260319001105,,False,False,중견,"3년 평균 매출 15,254억 > 기준 1,800억, 자산 18,785억 ≥ 5,000억",별도,1800,1636524743951.0,1525409734791.0,1878455282597.0,2142068327877.0,1962142158180.0,2242840512109.0,True,I1100130057,세방전지(주),28202,,비해당,,,비해당,,비대상,True,0,0,0,0,0,0,0,False,비대상,,,비대상
00252269,(주)아이에이,038880,K,262,1101110963341,2118199077,19930805,12,"경기도 성남시 분당구 구미로 8 2층(구미동,분당엠타워)",2025,20260318001136,,False,False,중소,"3년 평균 매출 249억 ≤ 기준 1,000억, 자산 5,000억 미만",별도,1000,18255120147.0,24882968680.0,74942306059.0,41182705121.0,50361606500.0,105816148953.0,False,,,,,비해당,,,비해당,,비대상,,0,0,0,0,0,0,0,False,비대상,,,비대상
00137359,신풍제약(주),019170,Y,212,1301110011815,1348103819,19860723,12,경기도 안산시 단원구 원시로 7,2025,20260320000611,,False,False,중견,"3년 평균 매출 2,036억 > 기준 800억",별도,800,217545555798.0,203619244601.0,340468005123.0,234680653227.0,218667768474.0,352466324389.0,False,,,,,비해당,,,비해당,,비대상,True,0,0,0,0,0,0,12,False,비대상,,,비대상
00216434,(주)체리부로,066360,K,10121,1543110001997,3018112903,19910907,12,충청북도 진천군 이월면 생거진천로 1770,2025,20260323000992,,False,False,중견,"3년 평균 매출 4,432억 > 기준 1,200억",별도,1200,423764306202.0,443198489801.0,209376891856.0,405435680279.0,395771778359.0,327107434896.0,False,,,,,비해당,,,비해당,,비대상,True,0,0,0,0,0,0,1,False,비대상,,,비대상
00154462,(주)아모레퍼시픽홀딩스,002790,Y,20423,1101110026644,1068100011,19590306,12,서울특별시 용산구 한강대로 100 (한강로2가),2025,20260318000825,아모레퍼시픽,False,True,중견,공시대상기업집단 소속(중소 제외),별도,1200,52355354571.0,47977773325.0,2158301392023.0,4623175217447.0,4301468319461.0,8769409589796.0,False,,,,,비해당,,,비해당,,비대상,,0,0,0,0,0,0,0,False,비대상,,,비대상
00408266,(주)유니온바이오메트릭스,203450,K,26429,1101111892903,2118691935,20000229,12,서울특별시 송파구 법원로 127 문정대명벨리온 12층,2025,20260319000959,,False,False,중소,"3년 평균 매출 526억 ≤ 기준 1,000억, 자산 5,000억 미만",별도,1000,50109125947.0,52637220122.0,62337449197.0,51324033067.0,53150748272.0,62567805997.0,False,,,,,비해당,,,비해당,,비대상,,0,0,0,0,0,0,0,False,비대상,,,비대상
00624509,(주)디바이스,187870,K,29271,1615110052450,3128157991,20021001,12,충청남도 천안시 서북구 성거읍 석문길 39 -,2025,20260323001111,,False,False,중소,"3년 평균 매출 628억 ≤ 기준 1,200억, 자산 5,000억 미만",별도,1200,84082993642.0,62798415958.0,218218320358.0,84082993642.0,62798415958.0,218237487028.0,False,,,,,비해당,,,비해당,,비대상,,0,0,0,0,0,0,0,False,비대상,,,비대상
00347716,(주)중앙첨단소재,051980,K,264,1101111686728,1058199490,19990423,12,경기도 안양시 동안구 시민대로 115 503호(호계동),2025,20260323001194,,False,False,중소,"3년 평균 매출 213억 ≤ 기준 1,000억, 자산 5,000억 미만",별도,1000,19238746653.0,21341120726.0,130325639810.0,19809151653.0,21598789060.0,127318651488.0,False,,,,,비해당,,,비해당,,비대상,,0,0,0,0,0,0,0,False,비대상,,,비대상
00525642,코오롱생명과학(주),102940,K,2110,1101111948277,1048152769,20000421,12,서울특별시 강서구 마곡동로 110 코오롱 One&Only 타워,2025,20260318001698,코오롱,True,False,대기업,상호출자제한기업집단 소속,별도,800,205547750006.0,163380008352.0,906415577447.0,208981597803.0,165002458602.0,914412572358.0,False,,,,,비해당,,,비해당,,비대상,,0,0,0,0,0,0,0,False,비대상,,,비대상
00153621,참엔지니어링(주),009310,Y,29271,1746110001096,5068100661,19731004,12,"경기도 성남시 분당구 수내로46번길 4 8층 (수내동, 경동빌딩)",2025,20260318001238,,False,False,중소,"3년 평균 매출 119억 ≤ 기준 1,200억, 자산 5,000억 미만",별도,1200,5191559097.0,11943130804.0,60992094915.0,59844031140.0,66998463076.0,837277101629.0,False,,,,,비해당,,,비해당,,비대상,,0,0,0,0,0,0,0,False,비대상,,,비대상
00540571,(주)엘디티,096870,K,2611,1501110031257,3018131797,19971113,12,충청남도 천안시 서북구  한들1로 126-33,2025,20260318001358,,False,False,중소,"3년 평균 매출 100억 ≤ 기준 1,000억, 자산 5,000억 미만",별도,1000,11045810425.0,10000462051.0,22518375214.0,,,,False,,,,,비해당,,,비해당,,비대상,,0,0,0,0,0,0,0,False,비대상,,,비대상
00541163,(주)이엠텍,091120,K,262,1801110348945,6218142053,20010118,12,경상남도 창원시 성산구 창원대로1144번길 40 (주)이엠텍,2025,20260318000944,,False,False,중견,"3년 평균 매출 1,158억 > 기준 1,000억",별도,1000,106591492908.0,115840984468.0,256692944205.0,205089718714.0,212042813342.0,340533598242.0,False,,,,,비해당,,,비해당,,비대상,True,0,0,0,0,0,0,0,False,비대상,,,비대상
00569691,(주)디엔에프,092070,K,2049,1601110109896,3148138516,20010105,12,대전광역시 대덕구  대화로132번길 142 디엔에프,2025,20260318001118,,False,False,중소,"3년 평균 매출 791억 ≤ 기준 1,200억, 자산 5,000억 미만",별도,1200,79133452883.0,79104915822.0,160203287509.0,,,,False,,,,,비해당,,,비해당,,비대상,,0,0,0,0,0,0,0,False,비대상,,,비대상
00162586,한올바이오파마(주),009420,Y,212,1641110000397,3068105479,19731120,12,대전광역시 대덕구  상서당1길 43,2025,20260318001637,,False,False,중견,"3년 평균 매출 1,430억 > 기준 800억",별도,800,155184524107.0,143012686829.0,225677383605.0,155184524107.0,143012686829.0,225224012033.0,False,,,,,비해당,,,비해당,,비대상,True,0,0,0,0,0,0,21,False,비대상,,,비대상
00611736,(주)엑시콘,092870,K,29271,1311110058402,1298140428,20010308,12,"경기도 성남시 분당구 판교로 255번길 28, 7층(삼평동, 디에이치케이솔루션빌딩) &nbsp",2025,20260316001681,,False,False,중소,"3년 평균 매출 600억 ≤ 기준 1,200억, 자산 5,000억 미만",별도,1200,66026746277.0,59978141615.0,195851793119.0,66026746277.0,59978141615.0,224506215710.0,False,,,,,비해당,,,비해당,,비대상,,0,0,0,0,0,0,0,False,비대상,,,비대상
00327396,(주)옵트론텍,082210,K,273,1601110082513,3148126169,19990526,12,대전광역시 유성구 가정북로 26-51 -,2025,20260629000485,,False,False,중소,"3년 평균 매출 698억 ≤ 기준 800억, 자산 5,000억 미만",별도,800,70734374561.0,69758861411.0,167909768899.0,195737407796.0,215564867093.0,228725017749.0,False,,,,,비해당,,,비해당,,비대상,,0,0,0,0,0,0,0,False,비대상,,,비대상
00127875,삼익제약(주),014950,K,21212,1201110009755,1228113217,19800723,12,인천광역시 부평구 청안로 13,2025,20260320000589,,False,False,중소,"3년 평균 매출 548억 ≤ 기준 800억, 자산 5,000억 미만",별도,800,59373975119.0,54792917869.0,84281610088.0,60020414513.0,55702256494.0,85223222713.0,False,,,,,비해당,,,비해당,,비대상,,0,0,0,0,0,0,0,False,비대상,,,비대상
00100601,(주)강원에너지,114190,K,289,1101110191398,1248146960,19760206,12,"전라북도 군산시 자유무역1길 60 웰크론강원 510-9, 510-10, 510-12",2025,20260320000921,,False,False,중소,"3년 평균 매출 1,020억 ≤ 기준 1,800억, 자산 5,000억 미만",별도,1800,93481701714.0,102012633661.0,87584966823.0,212251840367.0,191961835729.0,146635666875.0,False,,,,,비해당,,,비해당,,비대상,,0,0,0,0,0,0,0,False,비대상,,,비대상
00959210,코츠테크놀로지(주),448710,K,26310,1350110089265,1348144315,19990526,12,"경기도 과천시 과천대로12길 117 과천 펜타원 B동 2층,3층,4층,5층,6층,7층,8층,9층(갈현동)",2025,20260318000671,,False,False,중소,"3년 평균 매출 615억 ≤ 기준 1,000억, 자산 5,000억 미만",별도,1000,68114262512.0,61464995196.0,120987750217.0,,,,False,,,,,비해당,,,비해당,,비대상,,0,0,0,0,0,0,0,False,비대상,,,비대상
00125664,삼미금속(주),012210,K,25912,1942110000258,6098102255,19770922,12,경상남도 창원시 성산구 공단로 589,2025,20260311003680,,False,False,중소,"3년 평균 매출 757억 ≤ 기준 1,200억, 자산 5,000억 미만",별도,1200,73796930775.0,75693686600.0,188775423839.0,,,,False,,,,,일부해당,단조·압형(일부),,해당,단조·압형 제품,2차(2028),,0,0,0,0,0,0,0,False,2차(2028),,,2차(2028)
01135084,에스와이스틸텍(주),365330,K,2511,1511110053458,5728700151,20150701,12,충청북도 충주시 엄정면 세고개로 154,2025,20260318001671,,False,False,중소,"3년 평균 매출 1,114억 ≤ 기준 1,200억, 자산 5,000억 미만",별도,1200,97367509837.0,111369247567.0,121425495820.0,97366909837.0,111369047567.0,121386509997.0,False,,,,,해당,구조물,가공품,비해당,,1차(2027),,0,0,0,0,0,0,0,False,1차(2027),,,1차(2027)
00531829,(주)엠아이텍,179290,K,27192,1101110742406,2038148392,19910401,12,"경기도 평택시 진위면 하북2길 174 (진위면, 주식회사엠아이텍)",2025,20260318001578,,False,False,중소,"3년 평균 매출 558억 ≤ 기준 800억, 자산 5,000억 미만",별도,800,67220284556.0,55786948798.0,141185202612.0,67151796290.0,55764119376.0,141838109092.0,False,,,,,비해당,,,일부해당,의료기기(일부),2차 후보(확인 필요),,0,0,0,0,0,0,0,False,2차 후보(확인 필요),,,2차 후보-약
00301246,(주)에스에프에이반도체,036540,K,2611,1615110027263,3128130935,19980630,12,충청남도 천안시 서북구  백석공단7로 16 STS반도체통신(주),2025,20260323000826,,False,False,중견,"3년 평균 매출 3,876억 > 기준 1,000억",별도,1000,356044380914.0,387562347115.0,424196956804.0,367389147993.0,394870197061.0,549454597885.0,False,,,,,비해당,,,비해당,,비대상,True,0,0,0,0,0,0,0,False,비대상,,,비대상
00362122,주식회사 나래나노텍,137080,K,292,1345110017746,1358118218,19951211,12,경기도 용인시 처인구 이동읍 백옥대로 250,2025,20260318000926,,False,False,중소,"3년 평균 매출 495억 ≤ 기준 1,200억, 자산 5,000억 미만",별도,1200,53749705823.0,49509328889.0,,54497281414.0,49282921671.0,198749734811.0,False,,,,,비해당,,,일부해당,건설·광업 기계/농기계/산업용 로봇/석재 가공기(일부)/주조·야금 기계,2차 후보(확인 필요),,0,0,0,0,0,0,0,False,2차 후보(확인 필요),,,2차 후보(확인 필요)
00579999,(주)고영테크놀러지,098460,K,29271,1101112508088,1048171655,20020425,12,경기도 용인시 수지구 포은대로59번길 18 (상현동),2025,20260312000804,,False,False,중견,"3년 평균 매출 1,927억 > 기준 1,200억",별도,1200,204204518136.0,192689671639.0,402332004507.0,232647218656.0,220272012423.0,410335212878.0,False,,,,,비해당,,,비해당,,비대상,True,0,0,0,0,0,0,18,False,비대상,,,비대상
01319808,한일시멘트(주),300720,Y,23311,1101116799203,4638701012,20180702,12,서울특별시 서초구 효령로 275 서초동 1587 한일시멘트빌딩,2025,20260317000863,,False,False,중견,"3년 평균 매출 11,416억 > 기준 800억, 자산 30,007억 ≥ 5,000억",별도,800,1011095773805.0,1141637063629.0,3000727597117.0,1423859619115.0,1655010620212.0,3034061166095.0,True,IB002170001,한일시멘트 주식회사,23311,,해당,시멘트,원재료,비해당,,1차(2027),True,0,0,0,0,0,0,1,False,1차(2027),,,1차(2027)
00513948,(주)녹십자엠에스,142280,K,213,1345110076627,1358167475,20031229,12,경기도 용인시 기흥구 용구대로2469번길 15 2층,2025,20260316001623,,False,False,중견,"3년 평균 매출 1,026억 > 기준 800억",별도,800,109121700337.0,102595687111.0,84033005333.0,108413453299.0,102092138660.0,90509916706.0,False,,,,,비해당,,,비해당,,비대상,True,0,0,0,0,0,0,11,False,비대상,,,비대상
00495633,(주)율촌,146060,K,24131,1243110014912,1348120370,19860423,12,경기도 시흥시 공단2대로 192,2025,20260323000842,,False,False,중소,"3년 평균 매출 314억 ≤ 기준 1,800억, 자산 5,000억 미만",별도,1800,27881254848.0,31373648625.0,76530202040.0,79251351612.0,76676576676.0,113530516741.0,False,,,,,해당,철강,원재료,비해당,,1차(2027),,0,0,0,0,0,0,0,False,1차(2027),,,1차(2027)
00250614,삼영엠텍(주),054540,K,2511,1943110005149,6088127893,19970129,12,경상남도 함안군 칠서면 삼칠로 631-35,2025,20260731000620,,False,False,중소,"3년 평균 매출 891억 ≤ 기준 1,200억, 자산 5,000억 미만",별도,1200,92956546666.0,89148674360.0,182106043323.0,118462119821.0,110744118059.0,544114871207.0,False,,,,,해당,구조물,가공품,비해당,,1차(2027),,0,0,0,0,0,0,0,False,1차(2027),,,1차(2027)
00317487,(주)티에스넥스젠,043220,K,292,1101111182726,2148191598,19950731,12,서울특별시 송파구 법원로 128 제13층 제씨동 1314호,2025,20260407003639,,False,False,중소,"3년 평균 매출 204억 ≤ 기준 1,200억, 자산 5,000억 미만",별도,1200,13714754171.0,20405344363.0,38211278986.0,14537599112.0,20858148181.0,37287492596.0,False,,,,,비해당,,,일부해당,건설·광업 기계/농기계/산업용 로봇/석재 가공기(일부)/주조·야금 기계,2차 후보(확인 필요),,0,0,0,0,0,0,0,False,2차 후보(확인 필요),,,2차 후보(확인 필요)
01062177,(주)제놀루션,225220,K,211,1101113403972,2158682253,20060220,12,서울특별시 강서구 마곡중앙8로3길 63 (주)제놀루션,2025,20260319000806,,False,False,중소,"3년 평균 매출 82억 ≤ 기준 800억, 자산 5,000억 미만",별도,800,7768878784.0,8154718529.0,93748234473.0,9404347334.0,8767128715.0,93786805001.0,False,,,,,비해당,,,비해당,,비대상,,0,0,0,0,0,0,0,False,비대상,,,비대상
01396676,(주)일승,333430,K,311,1101117196523,7928701467,20190807,12,부산광역시 강서구 녹산산단165로14번길 31 주식회사 일승,2025,20260323001235,,False,False,중소,"3년 평균 매출 119억 ≤ 기준 1,200억, 자산 5,000억 미만",별도,1200,8795122649.0,11932380255.0,70370986252.0,50673752132.0,51812858612.0,129139810179.0,False,,,,,비해당,,,비해당,,비대상,,0,0,0,0,0,0,0,False,비대상,,,비대상
01168383,일동제약(주),249420,Y,212,1101116139277,8038800431,20160801,12,서울특별시 서초구 바우뫼로27길 2,2025,20260318000787,,False,False,중견,"3년 평균 매출 5,900억 > 기준 800억, 자산 5,791억 ≥ 5,000억",별도,800,559644775849.0,589964595122.0,579149033862.0,566933738499.0,594210820220.0,573030653651.0,False,,,,,비해당,,,비해당,,비대상,True,0,0,0,0,0,0,0,False,비대상,,,비대상
00442561,(주)에프알텍,073540,K,2642,1101112090168,2148669728,20001013,12,경기도 의왕시 오봉산단1로 30 (이동),2025,20260323001548,,False,False,중소,"3년 평균 매출 260억 ≤ 기준 1,000억, 자산 5,000억 미만",별도,1000,24512077753.0,26018540681.0,70551467406.0,25263688167.0,26609473521.0,74060340132.0,False,,,,,비해당,,,비해당,,비대상,,0,0,0,0,0,0,0,False,비대상,,,비대상
00142713,(주)형지아이앤씨,011080,K,1419,1101110192271,1198105079,19760225,12,"인천광역시 연수구 하모니로177번길 49 12층 (송도동,형지글로벌패션복합센터)",2025,20260319000879,,False,False,중소,"3년 평균 매출 576억 ≤ 기준 1,500억, 자산 5,000억 미만",별도,1500,50808588981.0,57627187084.0,61922787297.0,50808588981.0,57627187084.0,61925890462.0,False,,,,,비해당,,,비해당,,비대상,,0,0,0,0,0,0,0,False,비대상,,,비대상
00442835,(주)메타랩스,090370,Y,141,1101112103953,2118668400,20001103,12,"서울특별시 강남구 선릉로 801 3층(신사동, 배강빌딩)",2025,20260319000871,,False,False,중소,"3년 평균 매출 209억 ≤ 기준 1,500억, 자산 5,000억 미만",별도,1500,45149324913.0,20889743635.0,93465641530.0,81322984405.0,47093776778.0,249950205951.0,False,,,,,비해당,,,비해당,,비대상,,0,0,0,0,0,0,0,False,비대상,,,비대상
01267958,주식회사 프로티아,303360,K,271,1101111915094,1108145244,20000322,12,"서울특별시 강서구 양천로 401, 강서한강자이타워 A동 702호",2025,20260318000568,,False,False,중소,"3년 평균 매출 113억 ≤ 기준 800억, 자산 5,000억 미만",별도,800,15120258908.0,11287551224.0,33032667674.0,,,,False,,,,,비해당,,,일부해당,의료기기(일부),2차 후보(확인 필요),,0,0,0,0,0,0,0,False,2차 후보(확인 필요),,,2차 후보-약
01199727,(주)샘씨엔에스,252990,K,2629,1311110449718,5738700343,20160610,12,"경기도 성남시 분당구 판교로255번길 28, 8층(삼평동, DHK솔루션빌딩) -",2025,20260316001120,,False,False,중소,"3년 평균 매출 541억 ≤ 기준 1,000억, 자산 5,000억 미만",별도,1000,77985021913.0,54078394819.0,253730108291.0,,,,False,,,,,비해당,,,비해당,,비대상,,0,0,0,0,0,0,0,False,비대상,,,비대상
01286476,알에프시스템즈(주),474610,K,25924,1348110054627,1248178502,20001103,12,경기도 오산시 가장산업서북로 40-48,2025,20260317000729,,False,False,중소,"3년 평균 매출 345억 ≤ 기준 1,200억, 자산 5,000억 미만",별도,1200,38174363248.0,34544530937.0,82624588522.0,,,,False,,,,,비해당,,,비해당,,비대상,,0,0,0,0,0,0,0,False,비대상,,,비대상
01780608,(주)메쥬,0088M0,K,27112,1412110096630,6868101122,20180426,12,"강원특별자치도 원주시 지정면 기업도시로 200, 808호(가곡리, 의료기기종합지원센터) &nbsp",2025,20260331001630,,False,False,중소,"3년 평균 매출 45억 ≤ 기준 800억, 자산 5,000억 미만",별도,800,7377640926.0,4524832863.0,13959558283.0,,,,False,,,,,비해당,,,비해당,,비대상,,0,0,0,0,0,0,0,False,비대상,,,비대상
00116426,(주)이렘,009730,K,2413,1101110162191,2068134034,19740325,12,전라북도 부안군  행안면 부안농공단지길 29,2025,20260318001654,,False,False,중소,"3년 평균 매출 929억 ≤ 기준 1,800억, 자산 5,000억 미만",별도,1800,91994767552.0,92869021970.0,100256204877.0,,,,False,,,,,해당,철강,원재료,비해당,,1차(2027),,0,0,0,0,0,0,0,False,1차(2027),,,1차(2027)
00112022,대원화성(주),024890,Y,22214,1101110165393,2048136263,19740523,12,서울특별시 강남구 테헤란로2길 8 4층 13호,2025,20260702000206,,False,False,중소,"3년 평균 매출 1,001억 ≤ 기준 1,200억, 자산 5,000억 미만",별도,1200,82674346079.0,100089114170.0,127199264496.0,126424447644.0,124508267701.0,148382103257.0,False,,,,,비해당,,,비해당,,비대상,,0,0,0,0,0,0,0,False,비대상,,,비대상
00187415,(주)코미팜,041960,K,212,1101110134372,1338123355,19720921,12,경기도 시흥시  경제로 17,2025,20260318001653,,False,False,중소,"3년 평균 매출 514억 ≤ 기준 800억, 자산 5,000억 미만",별도,800,52467867636.0,51448372827.0,148280878967.0,52465294279.0,51296959617.0,133915480942.0,False,,,,,비해당,,,비해당,,비대상,,0,0,0,0,0,0,0,False,비대상,,,비대상
00606664,(주)케이엔더블유,105330,K,303,1311110056480,1298139315,20010112,12,경기도 파주시  문산읍 돈유3로 51 (주)케이엔더블유,2025,20260311003815,BGF,False,False,중견,공시대상기업집단 소속(중소 제외),별도,1200,24727466322.0,24762040047.0,151754491285.0,81058653134.0,84963999632.0,267117721535.0,False,,,,,비해당,,,일부해당,기어박스(일부)/자동차 엔진 부품(일부)/자동차 차체 부품(일부)/휠·현가장치·라디에이터(일부),2차 후보(확인 필요),True,0,0,0,0,0,0,2,False,2차 후보(확인 필요),,,2차 후보(확인 필요)
00128546,삼천당제약(주),000250,K,212,1348110003327,1248104295,19431229,12,경기도 화성시 향남읍 제약공단2길 71,2025,20260602000573,,False,False,중견,"3년 평균 매출 1,458억 > 기준 800억",별도,800,161387671018.0,145767494700.0,413309389840.0,231805277738.0,211799199296.0,561231384431.0,False,,,,,비해당,,,비해당,,비대상,True,0,0,0,0,0,0,77,False,비대상,,,비대상
01051092,피씨엘(주),241820,K,213,1352110022823,1388145543,20080212,12,"서울특별시 금천구 디지털로9길 99 (가산동, 스타밸리) 701호",2024,20250324000009,,False,False,중소,"3년 평균 매출 156억 ≤ 기준 800억, 자산 5,000억 미만",별도,800,1246175928.0,15630978297.0,21526697005.0,1246175928.0,15630978297.0,21576690696.0,False,,,,,비해당,,,비해당,,비대상,,0,0,0,0,0,0,0,False,비대상,,,비대상
01593668,주식회사 센서뷰,321370,K,262,1201110764789,7088700065,20150605,12,경기도 화성시 동부대로 792 (주)센서뷰,2025,20260311004387,,False,False,중소,"3년 평균 매출 92억 ≤ 기준 1,000억, 자산 5,000억 미만",별도,1000,9688192442.0,9191692678.0,37236187604.0,19015844360.0,14360213413.0,36548693167.0,False,,,,,비해당,,,비해당,,비대상,,0,0,0,0,0,0,0,False,비대상,,,비대상
01011395,(주)레몬,294140,K,20501,1760110078920,5138172334,20120918,12,경상북도 구미시 산동면 산호대로 1105-65,2025,20260320001164,,False,False,중소,"3년 평균 매출 83억 ≤ 기준 1,200억, 자산 5,000억 미만",별도,1200,7152139295.0,8305814423.0,22133991419.0,7456806685.0,8407370219.0,25588308770.0,False,,,,,비해당,,,비해당,,비대상,,0,0,0,0,0,0,0,False,비대상,,,비대상
01381805,주식회사 아로마티카,0015N0,K,20423,1101112154667,2148675782,20010201,12,서울특별시 강남구 강남대로 162길 41-4(신사동),2025,20260320001362,,False,False,중소,"3년 평균 매출 494억 ≤ 기준 1,200억, 자산 5,000억 미만",별도,1200,51187435857.0,49445824322.0,51597360836.0,,,,False,,,,,비해당,,,비해당,,비대상,,0,0,0,0,0,0,0,False,비대상,,,비대상
00117212,(주)두산,000150,Y,26221,1101110013774,1078100237,19331208,12,서울특별시 중구  장충단로 275 두산타원,2025,20260323000945,두산,True,False,대기업,상호출자제한기업집단 소속,별도,1000,1767596000000.0,1259287000000.0,6753956000000.0,19784138000000.0,19015714000000.0,32927788000000.0,False,,,,,비해당,,,비해당,,비대상,,0,0,0,0,0,0,0,False,비대상,,,비대상
00122056,미창석유공업(주),003650,Y,19221,1801110000537,6018108046,19621227,12,부산광역시 영도구 해양로 241 미창석유,2025,20260320001114,,False,False,중견,"3년 평균 매출 4,156억 > 기준 1,000억, 자산 5,340억 ≥ 5,000억",별도,1000,405486654859.0,415554337589.0,533960641174.0,,,,False,,,,,비해당,,,비해당,,비대상,True,0,0,0,0,0,0,0,False,비대상,,,비대상
00357430,(주)쎌바이오텍,049960,K,211,1244110020587,1368113410,19950207,12,경기 김포시 월곶면 개곡리 134,2025,20260318001687,,False,False,중소,"3년 평균 매출 492억 ≤ 기준 800억, 자산 5,000억 미만",별도,800,50389863452.0,49168257162.0,134082181767.0,53125673480.0,52275243559.0,136572393107.0,False,,,,,비해당,,,비해당,,비대상,,0,0,0,0,0,0,0,False,비대상,,,비대상
00104722,국제약품(주),002720,Y,212,1101110032154,2078100309,19590727,12,경기도 성남시 분당구  야탑로 96-8,2025,20260318000669,,False,False,중견,"3년 평균 매출 1,507억 > 기준 800억",별도,800,170542403122.0,150667109423.0,180458717537.0,175496223500.0,155777245565.0,182276329389.0,False,,,,,비해당,,,비해당,,비대상,True,0,0,0,0,0,0,0,False,비대상,,,비대상
00112378,KR모터스(주),000040,Y,319,1601110007032,3058100020,19170917,12,경상남도 창원시 성산구 완암로 28 　,2025,20260320001257,,False,False,중소,"3년 평균 매출 149억 ≤ 기준 1,200억, 자산 5,000억 미만",별도,1200,13823191334.0,14900090441.0,94554662715.0,13820791334.0,14377183195.0,94195951474.0,False,,,,,비해당,,,비해당,,비대상,,0,0,0,0,0,0,0,False,비대상,,,비대상
00118451,동일제강(주),002690,Y,24122,1101110032005,1138107346,19590713,12,경기도 안성시 미양면 안성맞춤대로 474-40,2025,20260323000811,,False,False,중소,"3년 평균 매출 1,598억 ≤ 기준 1,800억, 자산 5,000억 미만",별도,1800,147345604058.0,159758107689.0,176425911154.0,,,,False,,,,,해당,철강,원재료,비해당,,1차(2027),,0,0,0,0,0,0,0,False,1차(2027),,,1차(2027)
00188973,화일약품(주),061250,K,212,1344110000719,1248127624,19801118,12,경기도 평택시 산단로 241 -,2025,20260316000806,,False,False,중견,"3년 평균 매출 1,144억 > 기준 800억",별도,800,100817433496.0,114374231801.0,213160031548.0,,,,False,,,,,비해당,,,비해당,,비대상,True,0,0,0,0,0,0,0,False,비대상,,,비대상
00159740,KISCO홀딩스(주),001940,Y,241,1901110001872,6088100778,19570219,12,경상남도 창원시 성산구  공단로103번길 12 한국철강(주),2025,20260319001343,,False,True,중견,"자산 5,497억 ≥ 5,000억",별도,1800,42347467614.0,29751944905.0,549730393989.0,825260643220.0,1126777525155.0,1657184856346.0,False,,,,,해당,철강,원재료,비해당,,1차(2027),,0,0,0,0,0,0,0,False,1차(2027),,,1차(2027)
00203582,(주)한솔홈데코,025750,Y,161,1101110825624,1028137194,19911227,12,서울특별시 동작구 보라매로5길 15 전문건설회관빌딩,2025,20260311003988,한솔,False,False,중견,공시대상기업집단 소속(중소 제외),별도,1000,278809179911.0,300572398241.0,215750147047.0,279816559220.0,301210154423.0,227921079240.0,True,I0300100054,(주)한솔홈데코,16212,,비해당,,,비해당,,비대상,True,0,0,0,0,0,0,3,False,비대상,,,비대상
00305668,새론오토모티브(주),075180,Y,303,1615110030026,3128135376,19990331,12,충청남도 천안시 동남구 병천면 가전5길 133,2025,20260331002685,,False,False,중소,"3년 평균 매출 1,052억 ≤ 기준 1,200억, 자산 5,000억 미만",별도,1200,102914912208.0,105210198057.0,230948770016.0,138694899840.0,140337133734.0,275102705825.0,False,,,,,비해당,,,일부해당,기어박스(일부)/자동차 엔진 부품(일부)/자동차 차체 부품(일부)/휠·현가장치·라디에이터(일부),2차 후보(확인 필요),,0,0,0,0,0,0,0,False,2차 후보(확인 필요),,,2차 후보(확인 필요)
00131018,(주)서울제약,018680,K,2121,1301110008721,1338130405,19851223,12,충청북도 청주시 흥덕구 오송읍 오송생명6로 124-31 서울제약 오송공장,2025,20260319000691,QCP그룹(舊 큐로홀딩스),False,False,중견,공시대상기업집단 소속(중소 제외),별도,800,52149309124.0,52729151612.0,71754417627.0,,,,False,,,,,비해당,,,비해당,,비대상,True,0,0,0,0,0,0,3,False,비대상,,,비대상
01160363,(주)에코프로비엠,247540,K,28202,1501110219184,6388600376,20160502,12,충청북도 청주시 청원구 오창읍 2산단로 100 송대리 329,2025,20260318001622,에코프로,False,False,중견,공시대상기업집단 소속(중소 제외),별도,1800,964951507323.0,1601343621161.0,2813374558582.0,2531576384113.0,4066427325933.0,4882022445703.0,True,IA016210013,(주)에코프로비엠,28202,,비해당,,,비해당,,비대상,True,0,0,0,0,0,0,7,False,비대상,,,비대상
01311286,주식회사 퀀타매트릭스,317690,K,27199,1101114481274,1198635864,20101129,12,"서울특별시 금천구 가산디지털1로 131 B동 16층(가산동, 비와이씨하이시티)",2025,20260323000995,,False,False,중소,"3년 평균 매출 30억 ≤ 기준 800억, 자산 5,000억 미만",별도,800,3364929818.0,2961026397.0,51887223349.0,3688305345.0,3101121798.0,52672471071.0,False,,,,,비해당,,,일부해당,의료기기(일부),2차 후보(확인 필요),,0,0,0,0,0,0,0,False,2차 후보(확인 필요),,,2차 후보-약
00151605,청보(주),013720,K,303,1201110007238,1398116250,19781229,12,인천광역시 남동구  남동대로 208,2025,20260312001406,,False,False,중소,"3년 평균 매출 203억 ≤ 기준 1,200억, 자산 5,000억 미만",별도,1200,18243168031.0,20259827909.0,81742214798.0,24907855868.0,26905282645.0,,False,,,,,비해당,,,일부해당,기어박스(일부)/자동차 엔진 부품(일부)/자동차 차체 부품(일부)/휠·현가장치·라디에이터(일부),2차 후보(확인 필요),,0,0,0,0,0,0,0,False,2차 후보(확인 필요),,,2차 후보(확인 필요)
00350048,오성첨단소재(주),052420,K,222,1201110097940,1228128215,19940622,12,전라북도 익산시 석암로17길 104 오성첨단소재(주),2025,20260320001056,,False,False,중견,"3년 평균 매출 1,272억 > 기준 1,200억",별도,1200,149970419204.0,127231887907.0,330021287961.0,165707403024.0,139019814403.0,342395987539.0,False,,,,,비해당,,,비해당,,비대상,True,0,0,0,0,0,0,2,False,비대상,,,비대상
00577593,(주)져스텍,153890,K,28111,1101111809552,2098123759,19991116,12,경기 평택시 진위면 남부대로 630-46 &nbsp,,,,False,False,판정불가,매출 또는 업종 기준 없음,,1800,,,,,,,False,,,,,비해당,,,해당,전동기·변압기,2차(2028),,0,0,0,0,0,0,0,False,2차(2028),,,2차(2028)
01336443,디와이씨(주),310870,K,303,1101116902393,5878101164,20181022,12,경상북도 경산시 진량읍 공단7로 42 대원리 498번지 디와이씨 주식회사,2025,20260320000513,,False,False,중소,"3년 평균 매출 1,097억 ≤ 기준 1,200억, 자산 5,000억 미만",별도,1200,106448956456.0,109660363929.0,124049148783.0,111038786425.0,111190307252.0,131518383260.0,False,,,,,비해당,,,일부해당,기어박스(일부)/자동차 엔진 부품(일부)/자동차 차체 부품(일부)/휠·현가장치·라디에이터(일부),2차 후보(확인 필요),,0,0,0,0,0,0,0,False,2차 후보(확인 필요),,,2차 후보(확인 필요)
01657197,주식회사 바이오비쥬,489460,K,204,1201110947129,8708701049,20180712,12,경기도 하남시 하남대로 947 에이동 1516호,2025,20260323001721,,False,False,중소,"3년 평균 매출 250억 ≤ 기준 1,200억, 자산 5,000억 미만",별도,1200,28207573482.0,24993078971.0,63917429434.0,28490907891.0,25084832066.0,63747053954.0,False,,,,,비해당,,,비해당,,비대상,,0,0,0,0,0,0,0,False,비대상,,,비대상
00293886,(주)위닉스,044340,K,28519,1301110026260,1338122434,19860922,12,경기도 화성시 장안면 수정로 80-13 -,2025,20260324000009,,False,False,중견,"3년 평균 매출 2,255억 > 기준 1,800억",별도,1800,239908239963.0,225519977489.0,279259718134.0,369536034092.0,365345366710.0,487732159981.0,False,,,,,비해당,,,해당,냉장고·세탁기 등,2차(2028),True,0,0,0,1,0,0,22,True,2차(2028),,,2차(2028)
00870065,쓰리에이로직스(주),177900,K,2611,1311110114733,1298171839,20040412,12,경기도 성남시 수정구 금토로40번길 26 N동 5층,2025,20260320001205,,False,False,중소,"3년 평균 매출 156억 ≤ 기준 1,000억, 자산 5,000억 미만",별도,1000,14494595306.0,15589427929.0,68418917492.0,,,,False,,,,,비해당,,,비해당,,비대상,,0,0,0,0,0,0,0,False,비대상,,,비대상
00379229,(주)에스에이티,060540,K,27215,1101111622540,2298135230,19981221,12,"경기도 군포시  엘에스로 175 (산본동, 에스에이타워7층)",2025,20260320001380,,False,False,중소,"3년 평균 매출 207억 ≤ 기준 800억, 자산 5,000억 미만",별도,800,19529235445.0,20740553660.0,113006398265.0,159732944193.0,155653593895.0,161803903995.0,False,,,,,비해당,,,일부해당,가스 분석기(일부),2차 후보(확인 필요),,0,0,0,0,0,0,0,False,2차 후보(확인 필요),,,2차 후보-약
00412348,엘비세미콘(주),061970,K,2612,1311110046291,1298132684,20000210,12,경기도 평택시 청북면 청북산단로 138,2025,20260320000806,,False,False,중견,"3년 평균 매출 3,235억 > 기준 1,000억, 자산 6,446억 ≥ 5,000억",별도,1000,458152647190.0,323507908525.0,644612746606.0,479781936611.0,449172417106.0,684133638763.0,False,,,,,비해당,,,비해당,,비대상,True,0,0,0,0,0,0,1,False,비대상,,,비대상
00455875,와토스코리아(주),079000,K,22222,1201110153916,1368123922,19970613,12,전라남도 장성군  동화면 전자농공단지1길 31,2025,20260318001409,,False,False,중소,"3년 평균 매출 164억 ≤ 기준 1,200억, 자산 5,000억 미만",별도,1200,14125847378.0,16433701955.0,76011775880.0,,,,False,,,,,비해당,,,비해당,,비대상,,0,0,0,0,0,0,0,False,비대상,,,비대상
00491938,지에이치신소재(주),130500,K,13992,1955110052004,6158122009,20011207,12,경상북도 구미시  1공단로4길 141-54,2025,20260320000487,,False,False,중소,"3년 평균 매출 626억 ≤ 기준 1,000억, 자산 5,000억 미만",별도,1000,64993168612.0,62613559663.0,133054447112.0,87624459425.0,84713591702.0,193694663573.0,False,,,,,비해당,,,비해당,,비대상,,0,0,0,0,0,0,0,False,비대상,,,비대상
01365825,피에스케이 주식회사,319660,K,29271,1348110493354,1508801336,20190401,12,경기도 화성시 삼성1로4길 48,2025,20260323000017,,False,False,중견,"3년 평균 매출 3,425억 > 기준 1,200억, 자산 5,419억 ≥ 5,000억",별도,1200,379805853308.0,342502162802.0,541875507458.0,457213151918.0,402375978381.0,645998217783.0,False,,,,,비해당,,,비해당,,비대상,True,0,0,0,0,0,0,3,False,비대상,,,비대상
01586455,주식회사 꿈비,407400,K,32099,1601110383490,3188104963,20141027,12,경기도 용인시 기흥구 동백죽전대로175번길 6 3층,2025,20260320000669,,False,False,중소,"3년 평균 매출 340억 ≤ 기준 1,500억, 자산 5,000억 미만",별도,1500,35835378496.0,34023943204.0,74614991716.0,86393559485.0,51604674755.0,122661350292.0,False,,,,,비해당,,,비해당,,비대상,,0,0,0,0,0,0,0,False,비대상,,,비대상
01685677,주식회사 리센스메디컬,394420,K,27199,2301110265867,5358700526,20161018,12,"경기도 화성시 동탄순환대로 830, 908호 &nbsp",2025,20260709000026,,False,False,중소,"3년 평균 매출 57억 ≤ 기준 800억, 자산 5,000억 미만",별도,800,7062970755.0,5664353915.0,10784780512.0,8828610805.0,6952802954.0,12006602024.0,False,,,,,비해당,,,일부해당,의료기기(일부),2차 후보(확인 필요),,0,0,0,0,0,0,0,False,2차 후보(확인 필요),,,2차 후보-약
00523307,(주)다원시스,068240,K,2811,1350110049607,1348129935,19960115,12,경기도 안산시 단원구 시화호수로 485(성곡동) (주) 다원시스,2025,20260324000038,,False,False,중견,"3년 평균 매출 2,277억 > 기준 1,800억, 자산 6,094억 ≥ 5,000억",별도,1800,76920922755.0,227661199699.0,609360705913.0,112089010367.0,257150238591.0,615943516770.0,False,,,,,비해당,,,해당,전동기·변압기,2차(2028),True,0,0,0,0,0,0,0,False,2차(2028),,,2차(2028)
00415868,(주)펩트론,087010,K,211,1601110067234,3148120409,19971121,12,대전광역시 유성구 유성대로1628번길 37-24,2025,20260318001345,,False,False,중소,"3년 평균 매출 40억 ≤ 기준 800억, 자산 5,000억 미만",별도,800,5634817675.0,4042964229.0,178979600822.0,,,,False,,,,,비해당,,,비해당,,비대상,,0,0,0,0,0,0,0,False,비대상,,,비대상
00533003,디케이락(주),105740,K,29133,1801110121507,6068162536,19920120,12,경상남도 김해시 주촌면 골든루트로129번길 7,2025,20260316000413,,False,False,중소,"3년 평균 매출 1,032억 ≤ 기준 1,200억, 자산 5,000억 미만",별도,1200,111616724169.0,103202052994.0,213458747413.0,128751186498.0,112874297990.0,226208657831.0,False,,,,,비해당,,,일부해당,엔진용·소형 펌프(일부),2차 후보(확인 필요),,0,0,0,0,0,0,0,False,2차 후보(확인 필요),,,2차 후보(확인 필요)
00238001,(주)블루콤,033560,K,26529,1101110808357,1128129823,19911007,12,인천광역시 서구 첨단기술로 33 -,2025,20260708000255,,False,False,중소,"3년 평균 매출 146억 ≤ 기준 1,000억, 자산 5,000억 미만",별도,1000,5807047814.0,14555827260.0,204345607773.0,5807047814.0,14555827260.0,200886404518.0,False,,,,,비해당,,,비해당,,비대상,,0,0,0,0,0,0,0,False,비대상,,,비대상
00964595,(주)엔바이오니아,317870,K,339,1101112152067,2148675308,20010116,12,충청북도 제천시 한방엑스포로 85(왕암동) -,2025,20260319001145,,False,False,중소,"3년 평균 매출 122억 ≤ 기준 1,000억, 자산 5,000억 미만",별도,1000,13077275616.0,12244713821.0,70409109580.0,14278768705.0,14385888529.0,82344657741.0,False,,,,,비해당,,,비해당,,비대상,,0,0,0,0,0,0,0,False,비대상,,,비대상
00136457,(주)SH에너지화학,002360,Y,201,1341110000210,4018109407,19580509,12,전라북도 군산시 외항7길 20,2025,20260320000650,,False,False,중소,"3년 평균 매출 1,157억 ≤ 기준 1,200억, 자산 5,000억 미만",별도,1200,93784820540.0,115747308615.0,99765404648.0,98627094841.0,119570696648.0,101820431630.0,False,,,,,비해당,,,비해당,,비대상,,0,0,0,0,0,0,0,False,비대상,,,비대상
00126955,삼양식품(주),003230,Y,108,1101110034308,1028105450,19610915,12,서울특별시 중구 퇴계로159 삼양라운드스퀘어엔타워,2025,20260318001082,,False,False,중견,"3년 평균 매출 14,754억 > 기준 1,200억, 자산 18,927억 ≥ 5,000억",별도,1200,1901833914086.0,1475367109340.0,1892711048242.0,2351785163786.0,1757571591837.0,2196495586892.0,True,F0010120027,삼양식품(주),10730,,비해당,,,비해당,,비대상,True,0,0,0,0,0,0,34,False,비대상,,,비대상
00113261,대한광통신(주),010170,K,283,1341110003545,1238103459,19740902,12,경기도 안산시 단원구 장자골로 49,2025,20260319000854,,False,False,중소,"3년 평균 매출 1,009억 ≤ 기준 1,800억, 자산 5,000억 미만",별도,1800,84551353642.0,100930298496.0,205274285286.0,139446734970.0,157475643512.0,219015700323.0,False,,,,,비해당,,,일부해당,전선·케이블,2차 후보(확인 필요),,0,0,0,0,0,0,0,False,2차 후보(확인 필요),,,2차 후보(확인 필요)
00808086,에이치엘비펩(주),196300,K,211,2001110115802,4098153794,20000502,12,광주광역시 북구 첨단과기로 333 광주테크노파크 시험생산동 206호 &nbsp,2025,20260319000795,,False,False,중소,"3년 평균 매출 56억 ≤ 기준 800억, 자산 5,000억 미만",별도,800,4961730622.0,5600550217.0,53807855717.0,,,,False,,,,,비해당,,,비해당,,비대상,,0,0,0,0,0,0,0,False,비대상,,,비대상
00305941,(주)노브랜드,145170,K,14300,1101111065972,1208157617,19941001,12,서울특별시 송파구 오금로46길 49 (가락동) 노브랜드,2025,20260323001509,,False,False,중견,"3년 평균 매출 4,837억 > 기준 1,500억",별도,1500,476231650984.0,483712125056.0,360050171678.0,602167956744.0,535838316781.0,407190917066.0,False,,,,,비해당,,,비해당,,비대상,True,0,0,0,0,0,0,12,False,비대상,,,비대상
00134477,SNT다이내믹스(주),003570,Y,30331,1101110042880,1058132752,19590401,12,경상남도 창원시 성산구  남면로 599,2025,20260219002133,,False,False,중견,"3년 평균 매출 5,049억 > 기준 1,200억, 자산 11,984억 ≥ 5,000억",별도,1200,605135967023.0,504919274068.0,1198381290663.0,712021619474.0,604143061986.0,1228607911035.0,False,,,,,비해당,,,일부해당,기어박스(일부),2차 후보(확인 필요),True,0,0,26,0,0,0,25,True,"2차(2028, 제품명 확인)",확인,차축·변속기,"2차(2028, 제품명 확인)"
00409140,이원컴포텍(주),088290,K,303,1613110004067,3088105946,19941118,12,전라북도 정읍시 첨단1로 8 (신정동),2025,20260626000139,,False,False,중소,"3년 평균 매출 521억 ≤ 기준 1,200억, 자산 5,000억 미만",별도,1200,56577030456.0,52063373408.0,23576974716.0,56577030456.0,52063373408.0,23692001477.0,False,,,,,비해당,,,일부해당,기어박스(일부)/자동차 엔진 부품(일부)/자동차 차체 부품(일부)/휠·현가장치·라디에이터(일부),2차 후보(확인 필요),,0,0,0,0,0,0,0,False,2차 후보(확인 필요),,,2차 후보(확인 필요)
00526836,미래나노텍(주),095500,K,2229,1101112577885,2148717187,20020801,12,충청북도 청원군  옥산면 과학산업1로 16 미래나노텍(주),2025,20260319000008,,False,False,중견,"3년 평균 매출 2,865억 > 기준 1,200억",별도,1200,322914786223.0,286494336527.0,430101345380.0,538532646902.0,618290999177.0,658672859041.0,True,I1100150091,미래나노텍(주),26299,업종 대분류 불일치(확인 필요),비해당,,,비해당,,비대상,True,0,0,0,0,0,0,5,False,비대상,,,비대상
00172079,에이치엘비파나진 주식회사,046210,K,21301,1701110007098,5058123225,19760707,12,대전광역시 유성구  테크노10로 54,2025,20260317000770,,False,False,중소,"3년 평균 매출 135억 ≤ 기준 800억, 자산 5,000억 미만",별도,800,15031010189.0,13463747245.0,90017144543.0,15049529734.0,13499492245.0,92936428457.0,False,,,,,비해당,,,비해당,,비대상,,0,0,0,0,0,0,0,False,비대상,,,비대상
00116268,동성제약(주),002210,Y,212,1101110008200,2118125288,19571125,12,서울특별시 도봉구  도봉로 683  (방학동) 동성빌딩,2025,20260506000554,태광,False,False,중견,공시대상기업집단 소속(중소 제외),별도,800,87168895112.0,88070239315.0,168443037239.0,,,,False,,,,,비해당,,,비해당,,비대상,True,0,0,0,0,0,0,0,False,비대상,,,비대상
01032404,콜마비앤에이치(주),200130,K,211,1101115399517,1048654817,20140422,12,세종특별자치시 전의면 산단길 22-15 콜마비앤에이치(주),2025,20260317000761,한국콜마,False,False,중견,공시대상기업집단 소속(중소 제외),별도,800,439211246450.0,451306330531.0,520637221964.0,574884892325.0,590026145056.0,649687295014.0,False,,,,,비해당,,,비해당,,비대상,True,0,0,0,0,0,0,1,False,비대상,,,비대상
01344363,(주)다원넥스뷰,323350,K,292,1101114224020,1198623150,20091120,12,경기도 안산시 단원구 목내동 390-1 -,2025,20260323000537,,False,False,중소,"3년 평균 매출 188억 ≤ 기준 1,200억, 자산 5,000억 미만",별도,1200,26936831479.0,18764167021.0,32356797792.0,,,,False,,,,,비해당,,,일부해당,건설·광업 기계/농기계/산업용 로봇/석재 가공기(일부)/주조·야금 기계,2차 후보(확인 필요),,0,0,0,0,0,0,0,False,2차 후보(확인 필요),,,2차 후보(확인 필요)
01027794,(주)브이원텍,251630,K,29272,1311110164978,1298198032,20060530,12,경기도 성남시 수정구 금토로 61 (금토동),2025,20260324000049,,False,False,중소,"3년 평균 매출 380억 ≤ 기준 1,200억, 자산 5,000억 미만",별도,1200,20107903661.0,38036616988.0,168430329109.0,49002332510.0,67839291485.0,205440024059.0,False,,,,,비해당,,,비해당,,비대상,,0,0,0,0,0,0,0,False,비대상,,,비대상
00206659,(주)이랜텍,054210,K,262,1345110002375,1248139417,19820121,12,경기도 수원시 영통구  삼성로268번길 37,2025,20260316001438,,False,False,중견,"3년 평균 매출 2,854억 > 기준 1,000억",별도,1000,380424924088.0,285449956168.0,398890883595.0,753160333079.0,686779819206.0,676158290491.0,False,,,,,비해당,,,비해당,,비대상,True,0,0,0,0,0,0,0,False,비대상,,,비대상
00132868,(주)우성머티리얼스,011300,Y,13213,1701110006868,5048101534,19760420,12,대구광역시 북구  검단동로 35 (검단동),2025,20260318000501,,False,False,중소,"3년 평균 매출 280억 ≤ 기준 1,000억, 자산 5,000억 미만",별도,1000,24687715439.0,27989239009.0,102248048026.0,24693017011.0,27989806200.0,101326911828.0,False,,,,,비해당,,,비해당,,비대상,,0,0,0,0,0,0,0,False,비대상,,,비대상
00442905,(주)디에스엠,104040,K,30399,1901110037223,6088136825,20000104,12,경상남도 창원시 성산구 남면로 627 (외동),2025,20260318001079,,False,False,중소,"3년 평균 매출 75억 ≤ 기준 1,200억, 자산 5,000억 미만",별도,1200,15374917336.0,7454813523.0,186577450114.0,28477611667.0,19684053969.0,231175219070.0,False,,,,,비해당,,,일부해당,휠·현가장치·라디에이터(일부),2차 후보(확인 필요),,0,0,0,0,0,0,0,False,2차 후보(확인 필요),,,2차 후보(확인 필요)
00182696,대한조선 주식회사,439260,Y,3111,2047110003887,4178103223,19870930,12,전라남도 해남군 화원면 조선소길 498,2025,20260323000620,,False,False,중견,"3년 평균 매출 10,395억 > 기준 1,200억, 자산 15,373억 ≥ 5,000억",별도,1200,1227404154509.0,1039465525403.0,1537289529405.0,1228128117609.0,1039937785109.0,1538053375300.0,True,I1300180020,대한조선주식회사,31111,,비해당,,,비해당,,비대상,True,0,0,0,0,0,0,194,False,비대상,,,비대상
01529982,주식회사 씨엠티엑스,388210,K,26299,2841110111983,1328613048,20130118,12,경상북도 구미시 산동읍 5공단5로 118 -,2025,20260323000962,,False,False,중견,"3년 평균 매출 1,123억 > 기준 1,000억",별도,1000,160513400555.0,112316939522.0,263555946904.0,160555762764.0,113139485665.0,275447075073.0,False,,,,,비해당,,,비해당,,비대상,True,0,0,0,0,0,0,0,False,비대상,,,비대상
01258428,프레스티지바이오로직스(주),334970,K,212,1101115739804,7778600083,20150602,06,충청북도 청주시 흥덕구 오송읍 오송생명1로 197,2025,20250918000405,,False,False,중소,"3년 평균 매출 55억 ≤ 기준 800억, 자산 5,000억 미만",별도,800,12533271503.0,5477525873.0,270286306632.0,,,,False,,,,,비해당,,,비해당,,비대상,,0,0,0,0,0,0,0,False,비대상,,,비대상
00124027,부산산업(주),011390,Y,23322,1101110522618,6068156897,19760515,12,부산광역시 사상구 장인로 35 (감전동),2025,20260319000540,,False,False,중소,"3년 평균 매출 276억 ≤ 기준 800억, 자산 5,000억 미만",별도,800,27321778886.0,27564861750.0,95934722213.0,107530892128.0,124040093577.0,326620428771.0,False,,,,,비해당,,,비해당,,비대상,,0,0,0,0,0,0,0,False,비대상,,,비대상
00362292,(주)씨티씨바이오,060590,K,212,1101111227077,2158151094,19951228,12,서울특별시 강남구 도산대로 509 12층,2025,20260318001697,,False,False,중견,"3년 평균 매출 1,134억 > 기준 800억",별도,800,115447544219.0,113429674533.0,128838065377.0,123769377291.0,127174717847.0,143235365403.0,False,,,,,비해당,,,비해당,,비대상,True,0,0,0,0,0,0,0,False,비대상,,,비대상
00148531,제이스코홀딩스(주),023440,K,24121,1101110045347,1348115426,19640718,12,"경기도 안산시 단원구  시화로 60, 301 (성곡동, 시화공단4다)",2025,20260324000008,,False,True,중소,"3년 평균 매출 416억 ≤ 기준 1,800억, 자산 5,000억 미만",별도,1800,41057598387.0,41591521686.0,114538645141.0,41057598387.0,41591521686.0,116047235755.0,False,,,,,해당,철강,원재료,비해당,,1차(2027),,0,0,0,0,0,0,0,False,1차(2027),,,1차(2027)
01179608,(주)포인트엔지니어링,256630,K,25923,1101116201737,5738700509,20161013,12,충청남도 아산시 둔포면 아산밸리로 89 -,2025,20260318001054,,False,False,중소,"3년 평균 매출 294억 ≤ 기준 1,200억, 자산 5,000억 미만",별도,1200,34144221410.0,29353704218.0,90222653605.0,35964832400.0,31042958185.0,92101826448.0,False,,,,,비해당,,,비해당,,비대상,,0,0,0,0,0,0,0,False,비대상,,,비대상
01394669,(주)누보,332290,K,203,1101117182655,4748601636,20190724,12,경기도 수원시 권선구 서호로 89 5동 106호,2025,20260320000512,,False,False,중소,"3년 평균 매출 813억 ≤ 기준 1,200억, 자산 5,000억 미만",별도,1200,90080576213.0,81319835854.0,81608348095.0,104182653188.0,95120565456.0,84952926772.0,False,,,,,일부해당,비료,,비해당,,2차 후보(확인 필요),,0,0,0,0,0,0,0,False,2차 후보(확인 필요),,,2차 후보(확인 필요)
00185301,제이피아이헬스케어(주),0010V0,K,27199,1101110285787,2038148897,19801222,12,"서울특별시 구로구 디지털로33길 28, 608호",2025,20260323001140,,False,False,중소,"3년 평균 매출 406억 ≤ 기준 800억, 자산 5,000억 미만",별도,800,42617331521.0,40553570197.0,79554590668.0,48466916636.0,46310724776.0,82378185422.0,False,,,,,비해당,,,일부해당,의료기기(일부),2차 후보(확인 필요),,0,0,0,0,0,0,0,False,2차 후보(확인 필요),,,2차 후보-약
00186452,(주)광무,029480,K,26410,1101110779152,2208110756,19910527,12,서울특별시 강남구 영동대로 312 7층(대치동),2025,20260430001943,,False,False,중소,"3년 평균 매출 128억 ≤ 기준 1,000억, 자산 5,000억 미만",별도,1000,7575016042.0,12781654590.0,231315681032.0,7572016042.0,12779654590.0,231440995571.0,False,,,,,비해당,,,비해당,,비대상,,0,0,0,0,0,0,0,False,비대상,,,비대상
00602172,와이엠티(주),251370,K,201,1201110185810,1398139933,19990211,12,인천광역시 연수구 송도미래로 111 와이엠티 송도R&D센터,2025,20260323001480,,False,False,중소,"3년 평균 매출 790억 ≤ 기준 1,200억, 자산 5,000억 미만",별도,1200,86250659985.0,78962512562.0,270851181607.0,144603566752.0,136414762026.0,373640252264.0,False,,,,,비해당,,,비해당,,비대상,,0,0,0,0,0,0,0,False,비대상,,,비대상
00677486,(주)그린광학,0015G0,K,273,1501110038584,3018136394,19990414,12,충청북도 청주시 청원구 오창읍 각리1길 45 &nbsp,2025,20260323000819,,False,False,중소,"3년 평균 매출 331억 ≤ 기준 800억, 자산 5,000억 미만",별도,800,41243679710.0,33122442787.0,97352222286.0,41751906908.0,33407487671.0,99906203098.0,False,,,,,비해당,,,비해당,,비대상,,0,0,0,0,0,0,0,False,비대상,,,비대상
01091054,(주)쎄노텍,222420,K,23993,1101115733509,6768600117,20150527,12,"경상남도 함안군 가야읍 함마대로 1256-40 사내리 1257, 1256",2025,20260316001214,,False,False,중소,"3년 평균 매출 328억 ≤ 기준 800억, 자산 5,000억 미만",별도,800,35638307740.0,32766148043.0,80807849763.0,,,,False,,,,,비해당,,,비해당,,비대상,,0,0,0,0,0,0,0,False,비대상,,,비대상
00989664,코아스템켐온 주식회사,166480,K,212,1501110077665,3018173201,20031230,12,경기도 성남시 분당구 판교로255번길 24 (삼평동),2025,20260319001127,,False,False,중소,"3년 평균 매출 275억 ≤ 기준 800억, 자산 5,000억 미만",별도,800,20158947968.0,27526188026.0,112771642756.0,20158947968.0,27526188026.0,112371324323.0,False,,,,,비해당,,,비해당,,비대상,,0,0,0,0,0,0,0,False,비대상,,,비대상
01965333,(주)삼양바이오팜,0120G0,Y,212,1311110077896,4548703296,20251103,12,경기도 성남시 분당구 판교로 295,2025,20260313000827,삼양,False,False,중견,공시대상기업집단 소속(중소 제외),별도,800,28594373504.0,28594373504.0,339282592997.0,,,,False,,,,,비해당,,,비해당,,비대상,True,0,0,0,0,0,0,1,False,비대상,,,비대상
00306719,에스텍(주),069510,K,26529,1845110021812,6218135775,19990916,12,경상남도 양산시  유산공단9길 22,2025,20260316001663,,False,False,중견,"3년 평균 매출 3,046억 > 기준 1,000억",별도,1000,316929502240.0,304592825789.0,203920807892.0,468192133086.0,464053553810.0,345271926908.0,False,,,,,비해당,,,비해당,,비대상,True,0,0,0,0,0,0,1,False,비대상,,,비대상
00226866,인탑스(주),049070,K,2642,1341110013552,1238106645,19750902,12,경기도 안양시 만안구  안양천서로 51,2025,20260317000896,,False,False,중견,"3년 평균 매출 1,212억 > 기준 1,000억, 자산 6,135억 ≥ 5,000억",별도,1000,115071855206.0,121151430702.0,613523653915.0,590781754867.0,594274833236.0,872555027424.0,False,,,,,비해당,,,비해당,,비대상,True,0,0,0,0,0,0,8,False,비대상,,,비대상
00450010,(주)씨티알모빌리티,308170,Y,303,1942110014431,6228103825,19940221,12,울산광역시 북구 모듈화산업로 115,2025,20260318000736,,False,False,중견,"3년 평균 매출 3,401억 > 기준 1,200억",별도,1200,350501003459.0,340100000536.0,278891329598.0,461459309070.0,445968033305.0,334481552565.0,False,,,,,비해당,,,일부해당,기어박스(일부)/자동차 엔진 부품(일부)/자동차 차체 부품(일부)/휠·현가장치·라디에이터(일부),2차 후보(확인 필요),True,0,0,16,0,27,0,0,True,"2차(2028, 제품명 확인)",확인,엔진·변속기 소요 샤프트·로터 부품,"2차(2028, 제품명 확인)"
01319899,에스케이바이오사이언스(주),302440,Y,211,1311110523736,8188600991,20180701,12,인천광역시 연수구 연구단지로 38 -,2025,20260313000936,에스케이,True,False,대기업,상호출자제한기업집단 소속,별도,800,185735624652.0,237175869803.0,2184995101773.0,651368342533.0,429472982515.0,2955743509068.0,False,,,,,비해당,,,비해당,,비대상,,0,0,0,0,0,0,0,False,비대상,,,비대상
00115384,(주)동방아그로,007590,Y,2032,1101110124969,1128130484,19711231,12,"서울특별시 관악구  남부순환로 2028 남현동, 동방빌딩",2025,20260312000569,,False,False,중견,"3년 평균 매출 1,707억 > 기준 1,200억",별도,1200,178658650911.0,170670749791.0,249242530120.0,178997455771.0,171173695490.0,250502899297.0,False,,,,,비해당,,,비해당,,비대상,True,0,0,0,0,0,0,0,False,비대상,,,비대상
01182578,(주)디에이치오토리드,290120,K,30399,2101110118854,7458600413,20161004,12,전라북도 완주군 봉동읍 완주산단8로 66,2025,20260331004980,,False,False,중견,"3년 평균 매출 1,867억 > 기준 1,200억",별도,1200,206008253372.0,186677126211.0,198292955251.0,355590427771.0,287192578828.0,313972572649.0,False,,,,,비해당,,,일부해당,휠·현가장치·라디에이터(일부),2차 후보(확인 필요),True,0,0,3,9,3,2,6,True,"2차(2028, 제품명 확인)",제외,업계 분류 설명,2차 후보(확인 필요)
00526872,(주)이수앱지스,086890,K,213,1101112203951,1108150558,20010329,12,"경기도 성남시 분당구 대왕판교로712번길 22, 씨동 5층 (삼평동, 글로벌알앤디센터)",2025,20260312001420,,False,False,중소,"3년 평균 매출 571억 ≤ 기준 800억, 자산 5,000억 미만",별도,800,56672366046.0,57078750031.0,158895640668.0,,,,False,,,,,비해당,,,비해당,,비대상,,0,0,0,0,0,0,0,False,비대상,,,비대상
01099861,(주)에이텍모빌리티,224110,K,26429,1311110416816,6988800163,20150720,12,"경기도 성남시 분당구 판교로 289 (삼평동, 에이텍빌딩)",2025,20260319001396,,False,False,중소,"3년 평균 매출 481억 ≤ 기준 1,000억, 자산 5,000억 미만",별도,1000,64276763286.0,48134232938.0,95296083263.0,,,,False,,,,,비해당,,,비해당,,비대상,,0,0,0,0,0,0,0,False,비대상,,,비대상
00607496,(주)한빛레이저,452190,K,29221,1601110066145,3148120108,19971007,12,대전광역시 유성구 유성대로1596번길 32-48 &nbsp,2025,20260318000490,,False,False,중소,"3년 평균 매출 218억 ≤ 기준 1,200억, 자산 5,000억 미만",별도,1200,24179602576.0,21752170665.0,41693866904.0,24246148416.0,21821493381.0,41698800089.0,False,,,,,비해당,,,일부해당,석재 가공기(일부),2차 후보(확인 필요),,0,0,0,0,0,0,0,False,2차 후보(확인 필요),,,2차 후보-약
01140837,주식회사 이지트로닉스,377330,K,2811,1345110132792,1428117139,20081124,12,경기도 화성시 금곡로163번길 63-100,2025,20260319001026,,False,False,중소,"3년 평균 매출 283억 ≤ 기준 1,800억, 자산 5,000억 미만",별도,1800,13238656712.0,28313622878.0,55399980641.0,13243690331.0,28315300751.0,59996523487.0,False,,,,,비해당,,,해당,전동기·변압기,2차(2028),,0,0,0,0,0,0,0,False,2차(2028),,,2차(2028)
00242712,엘컴텍(주),037950,K,26291,1348110015546,1248115996,19910913,12,경기 평택시 진위면 갈곶리 110-1,2025,20260310003045,,False,False,중소,"3년 평균 매출 499억 ≤ 기준 1,000억, 자산 5,000억 미만",별도,1000,46291152553.0,49895710607.0,87237289425.0,46291152553.0,53437193097.0,87321821658.0,False,,,,,비해당,,,비해당,,비대상,,0,0,0,0,0,0,0,False,비대상,,,비대상
01515323,(주)엘지에너지솔루션,373220,Y,28202,1101117701356,8518102050,20201201,12,"서울특별시 영등포구 여의대로 108, 타워 1",2025,20260312000217,엘지,True,False,대기업,상호출자제한기업집단 소속,별도,1800,7661584000000.0,9292224666667.0,31167774000000.0,23671759000000.0,27678938000000.0,67147953000000.0,True,IB002210010,주식회사 엘지에너지솔루션,28202,,비해당,,,비해당,,비대상,,0,0,0,0,0,0,0,False,비대상,,,비대상
00339072,(주)팬스타엔터프라이즈,054300,K,29169,1201110126038,1398123687,19951121,12,부산광역시 중구 해관로 30 팬스타크루즈프라자,2025,20260318001000,,False,False,중소,"3년 평균 매출 664억 ≤ 기준 1,200억, 자산 5,000억 미만",별도,1200,67161013598.0,66388163818.0,148949295149.0,,,,False,,,,,비해당,,,해당,크레인·컨베이어 등,2차(2028),,0,0,0,0,0,0,0,False,2차(2028),,,2차(2028)
00390903,(주)우주일렉트로닉스,065680,K,2629,1348110043711,1248165313,19990816,12,경기도 수원시 영통구 대학3로 7 나보나스퀘어 3층(이의동),2025,20260814001264,,False,False,중견,"3년 평균 매출 1,709억 > 기준 1,000억",별도,1000,182050005032.0,170918331188.0,348266560887.0,186420206961.0,174166555105.0,345782147365.0,False,,,,,비해당,,,비해당,,비대상,True,0,0,0,0,0,0,0,False,비대상,,,비대상
00136776,차AI헬스케어(주),025620,Y,204,1341110001672,1388103204,19720630,12,서울특별시 강남구 선릉로146길 47 지하1층 - 4층,2025,20260319001268,,False,False,중소,"3년 평균 매출 110억 ≤ 기준 1,200억, 자산 5,000억 미만",별도,1200,5683172860.0,11023868041.0,108485054697.0,7305082169.0,13023125883.0,110247467597.0,False,,,,,비해당,,,비해당,,비대상,,0,0,0,0,0,0,0,False,비대상,,,비대상
00358271,(주)에스에프에이,056190,K,292,1942110032714,6098135227,19981218,12,경기도 화성시 동탄면 영천로 38,2025,20260610000400,,False,False,중견,"3년 평균 매출 9,265억 > 기준 1,200억, 자산 13,330억 ≥ 5,000억",별도,1200,790239319800.0,926478644671.0,1332954418117.0,1630950490066.0,1845554400414.0,2261944460744.0,False,,,,,비해당,,,일부해당,건설·광업 기계/농기계/산업용 로봇/석재 가공기(일부)/주조·야금 기계,2차 후보(확인 필요),True,0,0,1,0,0,0,0,True,2차 후보(확인 필요),,,2차 후보(확인 필요)
01467503,주식회사 뉴키즈온,462310,K,141,1101115121275,2018632899,20130425,12,"서울특별시 중구 다산로 210, 7층(신당동, 홍진빌딩)",2025,20260319000611,,False,False,중소,"3년 평균 매출 459억 ≤ 기준 1,500억, 자산 5,000억 미만",별도,1500,45256444988.0,45928295098.0,53751690535.0,49034721544.0,48435156016.0,54407941390.0,False,,,,,비해당,,,비해당,,비대상,,0,0,0,0,0,0,0,False,비대상,,,비대상
00292434,(주)인트론바이오테크놀로지,048530,K,211,1101111636004,2158174710,19990118,12,경기도 성남시 중원구  사기막골로 137 중앙인더스피아 5차 701~704호,2025,20260311004106,,False,False,중소,"3년 평균 매출 72억 ≤ 기준 800억, 자산 5,000억 미만",별도,800,5740240967.0,7247838165.0,74136216555.0,5740240967.0,7247838165.0,74321845927.0,False,,,,,비해당,,,비해당,,비대상,,0,0,0,0,0,0,0,False,비대상,,,비대상
00347734,진양화학(주),051630,Y,22214,1101112141672,1108149202,20010103,12,울산광역시 남구  장생포로 93,2025,20260303003003,,False,False,중소,"3년 평균 매출 238억 ≤ 기준 1,200억, 자산 5,000억 미만",별도,1200,18563879502.0,23790907428.0,82250041817.0,,,,False,,,,,비해당,,,비해당,,비대상,,0,0,0,0,0,0,0,False,비대상,,,비대상
00109286,(주)대동,000490,Y,29210,1911110000104,5148106690,19470520,12,대구광역시 달성군 논공읍 논공중앙로34길 35 35,2025,20260318001552,,False,False,중견,"3년 평균 매출 9,117억 > 기준 1,200억, 자산 12,170억 ≥ 5,000억",별도,1200,863154294296.0,911663474205.0,1217025773429.0,1484722098136.0,1444565099211.0,2275000906820.0,False,,,,,비해당,,,해당,농기계,2차(2028),True,0,0,3,0,5,0,34,True,2차(2028),,,2차(2028)
00118804,(주)동진쎄미켐,005290,K,20129,1201110003848,1378107814,19730710,12,인천광역시 서구  백범로 644,2025,20260319000264,,False,False,중견,"3년 평균 매출 10,619억 > 기준 1,200억, 자산 14,826억 ≥ 5,000억",별도,1200,1147296848069.0,1061887279928.0,1482632619151.0,1194144534567.0,1105556335302.0,2006130721478.0,False,,,,,비해당,,,비해당,,비대상,True,0,0,0,0,0,0,0,False,비대상,,,비대상
01506990,주식회사 옵티코어,380540,K,266,1358110286766,6208800312,20160217,12,경기도 화성시 동탄기흥로 602 5층,2025,20260323001681,,False,False,중소,"3년 평균 매출 227억 ≤ 기준 1,000억, 자산 5,000억 미만",별도,1000,20606262717.0,22657802639.0,69456059419.0,21511958068.0,23715446842.0,69148905404.0,False,,,,,비해당,,,비해당,,비대상,,0,0,0,0,0,0,0,False,비대상,,,비대상
01047707,(주)포톤,208710,K,262,1101115546217,1078832553,20141023,12,"경기도 용인시 기흥구 기흥로 58-1 제A동 1805호 (구갈동, 기흥ICT밸리SKV1)",2025,20260409001053,,False,False,중견,"3년 평균 매출 1,226억 > 기준 1,000억",별도,1000,118144771096.0,122648065524.0,89167450770.0,128735265761.0,129303578030.0,92708867424.0,False,,,,,비해당,,,비해당,,비대상,True,0,0,0,0,0,0,0,False,비대상,,,비대상
00112970,대한방직(주),001070,Y,132,1101110019350,1168133353,19530810,12,"서울특별시 중구 중림로 48 (중림동, 성준빌딩)",2025,20260319001239,,False,False,중견,"3년 평균 매출 1,377억 > 기준 1,000억",별도,1000,152834773503.0,137681890390.0,231705079754.0,158285867181.0,147199655203.0,235543713677.0,True,I0200100001,대한방직(주),13402,,비해당,,,비해당,,비대상,True,0,0,0,0,0,0,4,False,비대상,,,비대상
01090471,(주)에스에프에이넥셀,222080,K,292,1101115731032,1878600067,20150522,12,대구광역시 동구 팔공로47길 37 -,2025,20260320001352,,False,False,중견,"3년 평균 매출 4,074억 > 기준 1,200억, 자산 6,599억 ≥ 5,000억",별도,1200,406240741630.0,407433699236.0,659922576088.0,407181174584.0,408628487446.0,660203408842.0,False,,,,,비해당,,,일부해당,건설·광업 기계/농기계/산업용 로봇/석재 가공기(일부)/주조·야금 기계,2차 후보(확인 필요),True,0,0,0,0,0,0,9,False,2차 후보(확인 필요),,,2차 후보(확인 필요)
01288827,주식회사 에이치피에스피,403870,K,29271,1348110401886,2128700598,20170314,12,경기도 화성시 삼성1로1길 26 석우동,2025,20260319000776,,False,False,중견,"3년 평균 매출 1,778억 > 기준 1,200억",별도,1200,172964572189.0,177817613616.0,369707189477.0,,,,False,,,,,비해당,,,비해당,,비대상,True,0,0,0,0,0,0,3,False,비대상,,,비대상
00129387,에스피삼화(주),000390,Y,20411,1101110014433,1348117477,19460409,12,경기도 안산시 단원구  별망로 178,2025,20260318000462,,False,False,중견,"3년 평균 매출 5,451억 > 기준 1,200억, 자산 5,463억 ≥ 5,000억",별도,1200,520834500803.0,545137699814.0,546287758667.0,617067546154.0,625599227021.0,620525370677.0,False,,,,,비해당,,,비해당,,비대상,True,0,0,0,0,0,0,3,False,비대상,,,비대상
00311216,에이치엔에스하이텍(주),044990,K,262,1101111219561,1208165247,19951206,12,대전광역시 유성구 테크노1로 62-7 &nbsp,2025,20260306000209,,False,False,중소,"3년 평균 매출 795억 ≤ 기준 1,000억, 자산 5,000억 미만",별도,1000,81886784499.0,79494819428.0,116616473511.0,81886784499.0,79533103106.0,115761731759.0,False,,,,,비해당,,,비해당,,비대상,,0,0,0,0,0,0,0,False,비대상,,,비대상
00843900,(주)육일씨엔에쓰,191410,K,262,1101113637810,1098607323,20070314,12,서울특별시 영등포구 경인로 775 에이스하이테크시티 2동 2001호,2025,20260319000768,,False,False,중소,"3년 평균 매출 44억 ≤ 기준 1,000억, 자산 5,000억 미만",별도,1000,4395308914.0,4447590593.0,35606475214.0,44835017787.0,35860072359.0,56008781596.0,False,,,,,비해당,,,비해당,,비대상,,0,0,0,0,0,0,0,False,비대상,,,비대상
01215618,(주)와이엠텍,273640,K,2812,1501110081963,3018176983,20040811,12,충청북도 청주시 흥덕구 옥산면 과학산업3로 38,2025,20260320000600,,False,False,중소,"3년 평균 매출 316억 ≤ 기준 1,800억, 자산 5,000억 미만",별도,1800,29109108272.0,31634038887.0,60029266476.0,,,,False,,,,,비해당,,,비해당,,비대상,,0,0,0,0,0,0,0,False,비대상,,,비대상
00110583,(주)디에이치오토웨어,025440,K,265,1101110254344,1198102446,19790605,12,"광주광역시 광산구 빛그린동로 190 1207 외 3필지 (1207, 1208, 1209, 1210)",2025,20260324000394,,False,False,중견,"3년 평균 매출 3,786억 > 기준 1,000억",별도,1000,375808912467.0,378550914130.0,255017984602.0,494366222632.0,419809502155.0,350053381864.0,False,,,,,비해당,,,비해당,,비대상,True,0,0,0,0,0,0,8,False,비대상,,,비대상
00403766,(주)한국첨단소재,062970,K,26410,2001110105176,4098149801,19990921,12,광주광역시 북구 첨단과기로 345,2025,20260312000851,,False,False,중소,"3년 평균 매출 82억 ≤ 기준 1,000억, 자산 5,000억 미만",별도,1000,3580740155.0,8166111211.0,18440910502.0,,,,False,,,,,비해당,,,비해당,,비대상,,0,0,0,0,0,0,0,False,비대상,,,비대상
01498974,큐리옥스바이오시스템즈(주),445680,K,271,1101116865103,5238101156,20180907,12,"서울특별시 금천구 디지털로9길 41 2층 202호, 204호 ~ 213호 (가산동, 삼성아이티해링턴타워) &nbsp",2025,20260323001056,,False,False,중소,"3년 평균 매출 29억 ≤ 기준 800억, 자산 5,000억 미만",별도,800,2709294541.0,2899694007.0,90930309423.0,5151548437.0,5509031965.0,78027492351.0,False,,,,,비해당,,,일부해당,의료기기(일부),2차 후보(확인 필요),,0,0,0,0,0,0,0,False,2차 후보(확인 필요),,,2차 후보-약
00526678,(주)동방선기,099410,K,31114,1941110002884,6098119396,19940706,12,경상남도 창원시 진해구 명제로 73,2025,20260323001236,,False,False,중소,"3년 평균 매출 350억 ≤ 기준 1,200억, 자산 5,000억 미만",별도,1200,41878629483.0,34967531350.0,66929971964.0,,,,False,,,,,비해당,,,비해당,,비대상,,0,0,0,0,0,0,0,False,비대상,,,비대상
00370918,케이디켐(주),221980,K,2049,1341110013255,3028103955,19860718,12,충청북도 보은군 보은읍 매화구인로 345 &nbsp,2025,20260319001049,,False,False,중소,"3년 평균 매출 610억 ≤ 기준 1,200억, 자산 5,000억 미만",별도,1200,62428850868.0,60988974704.0,120819664055.0,62897420640.0,61486453487.0,128056414328.0,False,,,,,비해당,,,비해당,,비대상,,0,0,0,0,0,0,0,False,비대상,,,비대상
00273439,(주)메디아나,041920,K,27112,1101111168502,2118637038,19950619,12,강원도 원주시 문막읍 동화공단로 132,2025,20260311004653,,False,False,중소,"3년 평균 매출 663억 ≤ 기준 800억, 자산 5,000억 미만",별도,800,64258169188.0,66304344003.0,146799061976.0,64944817855.0,66801664256.0,146835881738.0,False,,,,,비해당,,,비해당,,비대상,,0,0,0,0,0,0,0,False,비대상,,,비대상
00453488,(주)다이나믹디자인,145210,Y,292,2001110097272,4108149892,19990402,12,광주광역시 북구 첨단연신로29번길 12 (주)다이나믹디자인(연제동 1036번지),2025,20260323001749,,False,False,중소,"3년 평균 매출 432억 ≤ 기준 1,200억, 자산 5,000억 미만",별도,1200,50799565633.0,43245611770.0,87032197022.0,80189664538.0,66574257565.0,117455797571.0,False,,,,,비해당,,,일부해당,건설·광업 기계/농기계/산업용 로봇/석재 가공기(일부)/주조·야금 기계,2차 후보(확인 필요),,0,0,0,0,0,0,0,False,2차 후보(확인 필요),,,2차 후보(확인 필요)
00160588,(주)한화,000880,Y,20494,1101110002959,2028116825,19521028,12,서울특별시 중구  청계천로 86 24층,2025,20260331003871,한화,True,False,대기업,상호출자제한기업집단 소속,별도,1200,4315204000000.0,5800431000000.0,11201110000000.0,74785440000000.0,61189027333333.0,289329420000000.0,True,I0500120092,(주)한화,20494,,비해당,,,비해당,,비대상,,0,0,0,0,0,0,0,False,비대상,,,비대상
01325429,(주)지아이에스,306620,K,292,1101116852431,3358701207,20180824,12,경기도 안양시 동안구 부림로 146 네온테크 -,2025,20260701000705,,False,False,중소,"3년 평균 매출 259억 ≤ 기준 1,200억, 자산 5,000억 미만",별도,1200,26325015930.0,25879352370.0,98460469981.0,75810672480.0,89005721061.0,143518774423.0,False,,,,,비해당,,,일부해당,건설·광업 기계/농기계/산업용 로봇/석재 가공기(일부)/주조·야금 기계,2차 후보(확인 필요),,0,0,0,0,0,0,0,False,2차 후보(확인 필요),,,2차 후보(확인 필요)
00162911,한일사료(주),005860,K,109,1345110004008,1358105182,19681126,12,경기도 용인시 기흥구 하갈로 127(하갈동),2025,20260312001293,,False,False,중견,"3년 평균 매출 1,549억 > 기준 1,200억",별도,1200,152255009396.0,154943543158.0,85928746985.0,454852166662.0,427589483332.0,209428791267.0,False,,,,,비해당,,,비해당,,비대상,True,0,0,0,0,0,0,1,False,비대상,,,비대상
00106395,금호전기(주),001210,Y,28410,1101110028541,1058100527,19350525,12,서울특별시 구로구 디지털로33길 48 대륭포스트타워7차 17층,2025,20260318001105,,False,False,중소,"3년 평균 매출 434억 ≤ 기준 1,800억, 자산 5,000억 미만",별도,1800,42206515083.0,43419054183.0,29743085170.0,44337718233.0,50294090412.0,30776225371.0,False,,,,,비해당,,,비해당,,비대상,,0,0,0,0,0,0,0,False,비대상,,,비대상
00139719,(주)와이지-원,019210,K,25934,1201110038639,1228116515,19860925,12,인천광역시 연수구 송도과학로16번길 13-40 -,2025,20260318000988,,False,False,중견,"3년 평균 매출 4,034억 > 기준 1,200억, 자산 9,246억 ≥ 5,000억",별도,1200,420294883669.0,403386944906.0,924631839399.0,639382631795.0,589184850445.0,1176441361638.0,False,,,,,비해당,,,비해당,,비대상,True,0,0,0,0,0,0,14,False,비대상,,,비대상
00362201,(주)세운메디칼,100700,K,213,1101110324858,2048111321,19820806,12,충청남도 천안시 서북구  입장면 도림길 60 (주)세운메디칼,2025,20260320000308,,False,False,중소,"3년 평균 매출 624억 ≤ 기준 800억, 자산 5,000억 미만",별도,800,61941122993.0,62382360119.0,166133194218.0,63656938818.0,64018275873.0,163871834274.0,False,,,,,비해당,,,비해당,,비대상,,0,0,0,0,0,0,0,False,비대상,,,비대상
00862880,(주)새빗켐,107600,K,2049,1713110007259,5108110800,20010620,12,경상북도 김천시 공단로 98,2025,20260318001590,,False,False,중소,"3년 평균 매출 382억 ≤ 기준 1,200억, 자산 5,000억 미만",별도,1200,38390648152.0,38239070913.0,82728051469.0,,,,False,,,,,비해당,,,비해당,,비대상,,0,0,0,0,0,0,0,False,비대상,,,비대상
00961507,(주)케일럼,258610,K,251,1101114097518,1098617840,20090519,12,부산광역시 강서구 범방2로 6 &nbsp,2025,20260319000947,,False,False,중소,"3년 평균 매출 186억 ≤ 기준 1,200억, 자산 5,000억 미만",별도,1200,13531031150.0,18574943161.0,61966618090.0,81698394490.0,87858979750.0,79874351233.0,False,,,,,일부해당,구조물/탱크·용기,,비해당,,2차 후보(확인 필요),,0,0,0,0,0,0,0,False,2차 후보(확인 필요),,,2차 후보(확인 필요)
00876908,모트렉스 주식회사,118990,K,303,1101112341850,1088150292,20011001,12,경기도 성남시 수정구 금토로80번길 56 위든타워 1동 1301호,2025,20260318000967,,False,False,중견,"3년 평균 매출 3,117억 > 기준 1,200억, 자산 5,672억 ≥ 5,000억",별도,1200,313869524230.0,311656716221.0,567164088128.0,702273819074.0,606730355519.0,924831761070.0,False,,,,,비해당,,,일부해당,기어박스(일부)/자동차 엔진 부품(일부)/자동차 차체 부품(일부)/휠·현가장치·라디에이터(일부),2차 후보(확인 필요),True,0,0,0,5,0,0,5,True,"2차(2028, 제품명 확인)",제외,휠가드 내장재 (목록 외),2차 후보(확인 필요)
00482426,인화정공(주),101930,K,31114,1942110032988,6098136060,19990108,12,경상남도 창원시 의창구  차룡로14번길 55 인화정공(주) (팔용동),2025,20260407001497,,False,False,중소,"3년 평균 매출 815억 ≤ 기준 1,200억, 자산 5,000억 미만",별도,1200,92353371754.0,81470305214.0,457279513037.0,107958290033.0,101564457716.0,462070252569.0,False,,,,,비해당,,,비해당,,비대상,,0,0,0,0,0,0,0,False,비대상,,,비대상
01179617,(주)한국비엔씨,256840,K,211,1101116202305,4048600676,20161014,12,"대구광역시 달서구 성서공단로11길 62 대구테크노파크 벤처공장 1호관 405호(사무실),502호, 503호, 206호,",2025,20260408003166,,False,False,중소,"3년 평균 매출 619억 ≤ 기준 800억, 자산 5,000억 미만",별도,800,70575023200.0,61862900143.0,257179347414.0,95899224534.0,88708903949.0,277985647693.0,False,,,,,비해당,,,비해당,,비대상,,0,0,0,0,0,0,0,False,비대상,,,비대상
01257872,에스프리즘 (주),288620,K,281,1311110367986,1298686341,20140228,12,서울특별시 송파구 법원로6길 11 4층,2025,20260319001277,,False,False,중소,"3년 평균 매출 272억 ≤ 기준 1,800억, 자산 5,000억 미만",별도,1800,15786204867.0,27161855120.0,90952073569.0,15786204867.0,27325902787.0,91044143269.0,False,,,,,비해당,,,일부해당,전동기·변압기,2차 후보(확인 필요),,0,0,0,0,0,0,0,False,2차 후보(확인 필요),,,2차 후보(확인 필요)
01787355,(주)나라스페이스테크놀로지,478340,K,31311,1101115682201,6328800033,20150331,12,"서울특별시 영등포구 국회대로 632 영등포유윈시티 14층,15층",2025,20260319000778,,False,False,중소,"3년 평균 매출 64억 ≤ 기준 1,200억, 자산 5,000억 미만",별도,1200,13236859805.0,6387885744.0,55313262466.0,,,,False,,,,,비해당,,,비해당,,비대상,,0,0,0,0,0,0,0,False,비대상,,,비대상
00103547,우진비앤지(주),018620,K,21230,1243110014409,1248114283,19851217,12,경기도 화성시 양감면 정문송산로 230,2025,20260319001070,,False,False,중소,"3년 평균 매출 269억 ≤ 기준 800억, 자산 5,000억 미만",별도,800,30204319324.0,26909277747.0,53089057968.0,54764190957.0,56121239631.0,109025088341.0,False,,,,,비해당,,,비해당,,비대상,,0,0,0,0,0,0,0,False,비대상,,,비대상
01207716,(주)앱코,129890,K,26329,1101112284729,1068601413,20010711,12,서울특별시 강서구 마곡중앙1로 20 M시그니처 7층 &nbsp,2025,20260629000181,,False,False,중소,"3년 평균 매출 919억 ≤ 기준 1,000억, 자산 5,000억 미만",별도,1000,83427579554.0,91911632380.0,103815034765.0,83427579554.0,91911632380.0,103765097070.0,False,,,,,비해당,,,비해당,,비대상,,0,0,0,0,0,0,0,False,비대상,,,비대상
00166528,서암기계공업(주),100660,K,29142,2042110000784,4108101068,19780215,12,광주광역시 광산구  하남산단8번로 127-15 (안청동),2025,20260318001127,,False,False,중소,"3년 평균 매출 435억 ≤ 기준 1,200억, 자산 5,000억 미만",별도,1200,42142074274.0,43450020663.0,78036431475.0,46501236360.0,44903074692.0,82779614547.0,False,,,,,비해당,,,비해당,,비대상,,0,0,0,0,0,0,0,False,비대상,,,비대상
00199076,(주)동일기연,032960,K,2629,1341110012687,1238115843,19860306,12,경기도 화성시  남양로930번길 28 동일기연,2025,20260805000412,,False,False,중소,"3년 평균 매출 232억 ≤ 기준 1,000억, 자산 5,000억 미만",별도,1000,20937098135.0,23184195278.0,69101778079.0,21551039836.0,23632083656.0,68619261553.0,False,,,,,비해당,,,비해당,,비대상,,0,0,0,0,0,0,0,False,비대상,,,비대상
01370322,삼진식품(주),0013V0,K,10211,1801110991314,3608600207,20150904,12,부산광역시 영도구 태종로99번길 36(봉래동2가),2025,20260324000560,,False,False,중소,"3년 평균 매출 973억 ≤ 기준 1,200억, 자산 5,000억 미만",별도,1200,109725821216.0,97300989027.0,79100442113.0,109497527234.0,96846982938.0,83070753778.0,False,,,,,비해당,,,비해당,,비대상,,0,0,0,0,0,0,0,False,비대상,,,비대상
00111847,대원강업(주),000430,Y,303,1101110015556,1048115560,19460920,12,충청남도 천안시 서북구 성거읍 오목모전길 117-8 대원강업주식회사,2025,20260318001323,현대백화점,True,False,대기업,상호출자제한기업집단 소속,별도,1200,781507649000.0,766601704667.0,736563661000.0,1599072177000.0,1357804695333.0,1449297103000.0,False,,,,,비해당,,,일부해당,기어박스(일부)/자동차 엔진 부품(일부)/자동차 차체 부품(일부)/휠·현가장치·라디에이터(일부),2차 후보(확인 필요),,0,0,0,0,0,0,0,False,2차 후보(확인 필요),,,2차 후보(확인 필요)
00876166,(주)케이비지,318000,K,20202,1615110041619,3128147440,20010302,12,충청남도 천안시 동남구 성남면 대흥신덕길 84-19,2025,20260320000634,,False,False,중소,"3년 평균 매출 214억 ≤ 기준 1,200억, 자산 5,000억 미만",별도,1200,19343968806.0,21357853281.0,50017422908.0,23920820499.0,23475159863.0,52349209943.0,False,,,,,비해당,,,비해당,,비대상,,0,0,0,0,0,0,0,False,비대상,,,비대상
00103592,광동제약(주),009290,Y,21220,1101110152134,1138108888,19631016,12,경기도 과천시 과천대로7다길 52 광동 과천 타워,2025,20260318001573,,False,False,중견,"3년 평균 매출 9,676억 > 기준 800억, 자산 10,227억 ≥ 5,000억",별도,800,1011023893233.0,967644941759.0,1022727543224.0,1659512457700.0,1604895151683.0,1320329495616.0,False,,,,,비해당,,,비해당,,비대상,True,0,0,0,0,0,0,4,False,비대상,,,비대상
00949161,(주)티엠씨,217590,Y,2830,1615110148704,3128646688,20121231,12,충청남도 천안시 서북구 입장면 연곡길 443,2025,20260318000642,,False,False,중견,"3년 평균 매출 3,374억 > 기준 1,800억",별도,1800,325654595559.0,337449004898.0,228861047381.0,340884970260.0,358551346994.0,237113294850.0,False,,,,,비해당,,,해당,전선·케이블,2차(2028),True,0,0,0,0,0,0,10,False,2차(2028),,,2차(2028)
00591441,어보브반도체(주),102120,K,2612,1501110093926,3018188214,20060111,12,충청북도 청원군 오창읍 각리1길 93-,2025,20260319000019,,False,False,중견,"3년 평균 매출 1,580억 > 기준 1,000억",별도,1000,172077418193.0,158003737587.0,205804887154.0,244123643799.0,236225547965.0,286055183481.0,False,,,,,비해당,,,비해당,,비대상,True,0,0,0,0,0,0,3,False,비대상,,,비대상
00108746,디케이엠이(주),015590,Y,29176,1812110002275,6108102779,19810930,12,울산광역시 남구  처용로 260-37,2025,20260528000864,,False,False,중견,"3년 평균 매출 1,358억 > 기준 1,200억",별도,1200,133411972702.0,135762104908.0,187641212092.0,133411972702.0,135762104908.0,187652354336.0,False,,,,,비해당,,,일부해당,냉동장비 부품·냉각탑(일부),2차 후보(확인 필요),True,0,0,0,0,0,0,13,False,2차 후보(확인 필요),,,2차 후보(확인 필요)
00397289,(주)오텍,067170,K,304,1101110795455,2118639754,19910731,12,충청남도 예산군  고덕면 예덕로 1033-36,2025,20260319001411,,False,False,중소,"3년 평균 매출 1,083억 ≤ 기준 1,200억, 자산 5,000억 미만",별도,1200,104880081729.0,108303544450.0,200284203002.0,852138652064.0,907039279212.0,508993661787.0,False,,,,,비해당,,,비해당,,비대상,,0,0,0,0,0,0,0,False,비대상,,,비대상
00109693,디엘 주식회사,000210,Y,20111,1101110084915,1168135007,19391010,12,"서울특별시 강서구 공항대로 165 에이동(마곡동, 원그로브)",2025,20260318000970,DL,True,False,대기업,상호출자제한기업집단 소속,별도,1200,174580444927.0,131971257576.0,3851964287783.0,5326721292281.0,5319968537501.0,12182144221519.0,False,,,,,비해당,,,비해당,,비대상,,0,0,0,0,0,0,0,False,비대상,,,비대상
00406329,(주)루멘스바이오스,038060,K,2612,1301110038918,1358119745,19960617,12,경기도 용인시 기흥구 하갈로86번길 51 3층(보라동),2025,20260319000497,,False,False,중소,"3년 평균 매출 904억 ≤ 기준 1,000억, 자산 5,000억 미만",별도,1000,87961036707.0,90420350045.0,145735083538.0,175538081725.0,173667651777.0,156110248230.0,False,,,,,비해당,,,비해당,,비대상,,0,0,0,0,0,0,0,False,비대상,,,비대상
00447007,알리코제약(주),260660,K,213,1350110038048,1348115033,19921228,12,서울특별시 서초구 바우뫼로27길 7-21 (양재동),2025,20260319000689,,False,False,중견,"3년 평균 매출 1,929억 > 기준 800억",별도,800,201203501691.0,192931275883.0,171843891934.0,,,,False,,,,,비해당,,,비해당,,비대상,True,0,0,0,0,0,0,0,False,비대상,,,비대상
00920731,(주)케이앤에스아이앤씨,487400,K,26429,1101112405896,1108154705,20011226,12,대전광역시 유성구 유성대로 1476-55 &nbsp,,,,False,False,판정불가,매출 또는 업종 기준 없음,,1000,,,,,,,False,,,,,비해당,,,비해당,,비대상,,0,0,0,0,0,0,0,False,비대상,,,비대상
00252135,주성엔지니어링(주),036930,K,29229,1301110033281,1248129001,19950413,12,경기도 광주시  오포읍 오포로 240 주성엔지니어링,2025,20260318000323,,False,False,중견,"3년 평균 매출 3,349억 > 기준 1,200억, 자산 8,867억 ≥ 5,000억",별도,1200,310692584812.0,334920191325.0,886709680621.0,310692584812.0,334943734353.0,887892914256.0,False,,,,,비해당,,,일부해당,석재 가공기(일부),2차 후보(확인 필요),True,0,0,0,0,0,0,10,False,2차 후보(확인 필요),,,2차 후보-약
00407771,(주)듀오백,073190,K,32091,1201110040676,1368107470,19870422,12,인천 서구 가좌동 543-2,2025,20260317000661,,False,False,중소,"3년 평균 매출 223억 ≤ 기준 1,500억, 자산 5,000억 미만",별도,1500,20094729114.0,22291555929.0,52155311550.0,,,,False,,,,,비해당,,,해당,금속 가구,2차(2028),,0,0,0,0,0,0,0,False,2차(2028),,,2차(2028)
00258102,(주)지엔코,065060,K,141,1101111421257,2208145177,19970531,12,서울특별시 송파구  동남로4길 41 지엔코빌딩,2025,20260319000772,QCP그룹(舊 큐로홀딩스),False,False,중견,공시대상기업집단 소속(중소 제외),별도,1500,76647765015.0,83095244213.0,125941969837.0,110866718148.0,126330810050.0,233804428078.0,False,,,,,비해당,,,비해당,,비대상,True,0,0,2,0,0,0,5,True,비대상,,,비대상
00265041,(주)삼양케이씨아이,036670,K,20421,1244110011884,1338126385,19910713,12,충남 서산시 대산읍 대죽리 13-7,2025,20260319000646,삼양,False,False,중견,공시대상기업집단 소속(중소 제외),별도,1200,116839597551.0,112323495095.0,144227657162.0,,,,False,,,,,비해당,,,비해당,,비대상,True,0,0,0,0,0,0,0,False,비대상,,,비대상
00765569,기가비스(주),420770,K,292,1345110078029,1358168528,20040218,12,경기도 화성시 동탄구 동탄산단3길 20-5 -,2025,20260319000682,,False,False,중소,"3년 평균 매출 566억 ≤ 기준 1,200억, 자산 5,000억 미만",별도,1200,52305388624.0,56620413872.0,239156373372.0,52434995936.0,56663616309.0,239277069528.0,False,,,,,비해당,,,일부해당,건설·광업 기계/농기계/산업용 로봇/석재 가공기(일부)/주조·야금 기계,2차 후보(확인 필요),,0,0,0,0,0,0,0,False,2차 후보(확인 필요),,,2차 후보(확인 필요)
00428729,(주)대호에이엘,069460,Y,24222,1701110233338,5148146009,20021001,12,대구광역시 달성군  논공읍 논공중앙로 211,2025,20260324000005,,False,False,중견,"3년 평균 매출 1,835억 > 기준 1,800억",별도,1800,200272853980.0,183458134152.0,159153957301.0,215642472961.0,188581340479.0,169573525667.0,True,I0900100006,주식회사 대호에이엘,24222,,해당,알루미늄,원재료,비해당,,1차(2027),True,0,0,0,0,0,0,6,False,1차(2027),,,1차(2027)
00537337,(주)앤씨앤,092600,K,2611,1101111413361,2138631520,19970513,12,경기도 성남시 분당구 대왕판교로 660 유스페이스1 에이동 5층,2025,20260318001638,,False,False,중소,"3년 평균 매출 554억 ≤ 기준 1,000억, 자산 5,000억 미만",별도,1000,63012514521.0,55359537463.0,50193485292.0,102558831015.0,84647291486.0,60587282737.0,False,,,,,비해당,,,비해당,,비대상,,0,0,0,0,0,0,0,False,비대상,,,비대상
00104120,광진실업(주),026910,K,24121,1801110025882,6038108305,19761206,12,부산광역시 기장군 장안읍 오리산단로 106 -,2025,20260313000859,,False,False,중소,"3년 평균 매출 537억 ≤ 기준 1,800억, 자산 5,000억 미만",별도,1800,55186453404.0,53655431252.0,94008011524.0,56888193408.0,56364884528.0,92888939172.0,False,,,,,해당,철강,원재료,비해당,,1차(2027),,0,0,0,0,0,0,0,False,1차(2027),,,1차(2027)
01110678,(주)유틸렉스,263050,K,211,2850110287959,8638600031,20150227,12,"서울특별시 금천구 가산디지털1로 58 408호 (가산동, 에이스한솔타워)",2025,20260327001702,,False,False,중소,"3년 평균 매출 66억 ≤ 기준 800억, 자산 5,000억 미만",별도,800,10664415483.0,6574550324.0,40756654655.0,10294911483.0,6651058689.0,41197062388.0,False,,,,,비해당,,,비해당,,비대상,,0,0,0,0,0,0,0,False,비대상,,,비대상
00276083,(주)피노,033790,K,282,1101110674724,1078157410,19900209,12,경기도 안양시 동안구 부림로 17041-13,2025,20260323001684,,False,False,중소,"3년 평균 매출 1,008억 ≤ 기준 1,800억, 자산 5,000억 미만",별도,1800,264760884474.0,100801409272.0,163677757029.0,,,,False,,,,,비해당,,,비해당,,비대상,,0,0,0,0,0,0,0,False,비대상,,,비대상
01309795,주식회사 아틀라스링크,297570,K,264,1101116735067,5318700960,20180426,12,경기도 성남시 분당구 황새울로258번길 31 11층,2025,20260323000695,,False,False,중소,"3년 평균 매출 295억 ≤ 기준 1,000억, 자산 5,000억 미만",별도,1000,31032247340.0,29520944349.0,64031299430.0,42912841922.0,33481142543.0,112469562455.0,False,,,,,비해당,,,비해당,,비대상,,0,0,0,0,0,0,0,False,비대상,,,비대상
01368637,(주)성원에너텍,340930,K,29299,1358110211565,1248730932,20120405,12,경기도 안성시 원곡면 지문로 203-160 유일에너테크(주),2025,20260623000191,,False,False,중소,"3년 평균 매출 520억 ≤ 기준 1,200억, 자산 5,000억 미만",별도,1200,58903809608.0,51985982317.0,150667203864.0,60014953095.0,52737442597.0,175737293292.0,False,,,,,비해당,,,비해당,,비대상,,0,0,0,0,0,0,0,False,비대상,,,비대상
00118521,진원생명과학(주),011000,Y,212,1101110191562,1208114898,19760127,12,서울특별시 구로구 디지털로26길 5 에이스하이엔드타워1차 1403호,2025,20260407003512,,False,False,중소,"3년 평균 매출 302억 ≤ 기준 800억, 자산 5,000억 미만",별도,800,19774730003.0,30207112609.0,68192914603.0,23044791670.0,32989267207.0,119207169002.0,False,,,,,비해당,,,비해당,,비대상,,0,0,0,0,0,0,0,False,비대상,,,비대상
00867034,(주)듀켐바이오,176750,K,21212,1101112647604,1058650172,20021106,12,"서울특별시 마포구 와우산로 81(서교동, 서봉갤러리)",2025,20260318001568,,False,False,중소,"3년 평균 매출 363억 ≤ 기준 800억, 자산 5,000억 미만",별도,800,38572364091.0,36289614851.0,76966125662.0,38572364091.0,36289614851.0,77676184457.0,False,,,,,비해당,,,비해당,,비대상,,0,0,0,0,0,0,0,False,비대상,,,비대상
00876643,(주)캐프,198080,K,26224,1101114275958,2118839044,20100202,12,경기도 화성시 마도면 청원산단1길 69 -,2025,20260311004383,,False,False,중견,"3년 평균 매출 1,725억 > 기준 1,000억",별도,1000,213477804254.0,172477090083.0,213025105160.0,295201227543.0,281906021792.0,221276788854.0,False,,,,,비해당,,,비해당,,비대상,True,0,0,0,0,0,0,17,False,비대상,,,비대상
01010615,(주)세나테크놀로지,061090,K,26429,1101111564982,1128150103,19980713,12,서울특별시 강남구 헌릉로 569길 19,2025,20260318000032,,False,False,중견,"3년 평균 매출 1,340억 > 기준 1,000억",별도,1000,148168175776.0,133970550268.0,177035246969.0,179288201881.0,166797536139.0,205702111567.0,False,,,,,비해당,,,비해당,,비대상,True,0,0,0,0,0,0,7,False,비대상,,,비대상
01070149,올리패스(주),244460,K,211,1101113562570,1138609261,20061116,12,경기도 용인시 기흥구 동백중앙로16번길 16-4 에이스동백타워1동 20층,2025,20260320001227,,False,False,중소,"3년 평균 매출 24억 ≤ 기준 800억, 자산 5,000억 미만",별도,800,816018331.0,2418119712.0,17299057552.0,,,,False,,,,,비해당,,,비해당,,비대상,,0,0,0,0,0,0,0,False,비대상,,,비대상
00205003,(주)좋은사람들,033340,K,14120,1101110939326,1058158242,19930501,12,"서울특별시 마포구 연희로 11 한국특허정보원빌딩 서울 마포구 연희로 11, 5층(동교동, 한국특허정보원빌딩",2025,20260320000913,,False,False,중소,"3년 평균 매출 818억 ≤ 기준 1,500억, 자산 5,000억 미만",별도,1500,72599453889.0,81830108272.0,85152213489.0,72599453889.0,81783911872.0,84896797514.0,False,,,,,비해당,,,비해당,,비대상,,0,0,0,0,0,0,0,False,비대상,,,비대상
01022902,(주)애드바이오텍,179530,K,21230,1101111999444,2158193416,20000616,12,강원도 춘천시 동내면 거두단지1길 39 &nbsp,2025,20260323000601,,False,False,중소,"3년 평균 매출 101억 ≤ 기준 800억, 자산 5,000억 미만",별도,800,11427026764.0,10147034403.0,47192708407.0,12897074444.0,11501756419.0,48407432103.0,False,,,,,비해당,,,비해당,,비대상,,0,0,0,0,0,0,0,False,비대상,,,비대상
00229085,(주)기도산업,282620,K,14199,1101110278980,1178115038,19800820,12,"서울특별시 강서구 공항대로 395 (등촌동, 기도산업사옥)",,,,False,False,판정불가,매출 또는 업종 기준 없음,,1500,,,,,,,False,,,,,비해당,,,비해당,,비대상,,0,0,0,0,0,0,0,False,비대상,,,비대상
00356839,(주)메디콕스,054180,K,31114,1101111640609,2148629070,19990126,12,서울특별시 강남구 역삼로19길 26 -,2025,20260324000120,,False,False,중소,"3년 평균 매출 285억 ≤ 기준 1,200억, 자산 5,000억 미만",별도,1200,28160961888.0,28549110061.0,68257960442.0,28160961888.0,28549110061.0,68254632291.0,False,,,,,비해당,,,비해당,,비대상,,0,0,0,0,0,0,0,False,비대상,,,비대상
01098792,(주)본느,226340,K,204,1101115794478,5298600091,20150728,12,서울특별시 강남구 선릉로90길 14 프레티늄 빌딩,2025,20260323000741,,False,False,중소,"3년 평균 매출 332억 ≤ 기준 1,200억, 자산 5,000억 미만",별도,1200,21558829324.0,33156741850.0,52209444731.0,46013164919.0,62545494494.0,56337524230.0,False,,,,,비해당,,,비해당,,비대상,,0,0,0,0,0,0,0,False,비대상,,,비대상
01230255,(주)한울앤제주,276730,K,11112,2201110123463,6168627415,20150209,12,제주특별자치도 제주시 한림읍 금능농공길 62-11,2025,20260318001702,,False,False,중소,"3년 평균 매출 173억 ≤ 기준 800억, 자산 5,000억 미만",별도,800,12046627186.0,17289765851.0,57105027513.0,13893332928.0,17966406325.0,60417880567.0,False,,,,,비해당,,,비해당,,비대상,,0,0,0,0,0,0,0,False,비대상,,,비대상
01491607,주식회사 오에스피,368970,K,109,1613110017531,3088120821,20040616,12,충청남도 논산시 성동면 산업단지로2길 11,2025,20260319001341,,False,False,중소,"3년 평균 매출 155억 ≤ 기준 1,200억, 자산 5,000억 미만",별도,1200,10615032443.0,15477845909.0,45685167148.0,25387451457.0,30288734548.0,65669212452.0,False,,,,,비해당,,,비해당,,비대상,,0,0,0,0,0,0,0,False,비대상,,,비대상
01211232,(주)코윈로보틱스,282880,K,292,1351110047419,1238146782,19981016,12,충청남도 아산시 둔포면 아산밸리로 285 (주)코윈테크,2025,20260318000494,,False,False,중견,"3년 평균 매출 1,643억 > 기준 1,200억",별도,1200,130680711959.0,164263828259.0,249710575583.0,154701003144.0,245016427314.0,428236310837.0,False,,,,,비해당,,,일부해당,건설·광업 기계/농기계/산업용 로봇/석재 가공기(일부)/주조·야금 기계,2차 후보(확인 필요),True,0,0,0,1,0,0,7,True,2차 후보(확인 필요),,,2차 후보(확인 필요)
01261644,(주)레인보우로보틱스,277810,K,29280,1601110293889,3148621854,20110210,12,세종특별자치시  집현중앙3로 8 세종특별자치시 집현중앙3로 8(집현동),2025,20260320000803,,False,False,중소,"3년 평균 매출 234억 ≤ 기준 1,200억, 자산 5,000억 미만",별도,1200,34010897612.0,23374145949.0,144401334319.0,34123110054.0,22909341671.0,143305317623.0,False,,,,,비해당,,,해당,산업용 로봇,2차(2028),,0,0,0,0,0,0,0,False,2차(2028),,,2차(2028)
00531865,(주)유니테크노,241690,K,30331,1801110327981,6038142360,20000623,12,부산광역시 사하구 신산로 140 (신평동) 유니테크노,2025,20260323001426,,False,False,중소,"3년 평균 매출 956억 ≤ 기준 1,200억, 자산 5,000억 미만",별도,1200,99782210000.0,95570549333.0,233492288000.0,107159702000.0,104729162333.0,239757829000.0,False,,,,,비해당,,,일부해당,기어박스(일부),2차 후보(확인 필요),,0,0,0,0,0,0,0,False,2차 후보(확인 필요),,,2차 후보(확인 필요)
01501764,주식회사 레메디,387690,K,27111,1401110049252,2218141043,20120713,12,"강원특별자치도 춘천시 삭주로145번길 69-14, 2층 (후평동, 벤처비지니스 살롱)",,,,False,False,판정불가,매출 또는 업종 기준 없음,,800,,,,,,,False,,,,,비해당,,,비해당,,비대상,,0,0,0,0,0,0,0,False,비대상,,,비대상
00684714,(주)풍산,103140,Y,242,1313110083497,1258175323,20080704,12,경기도 평택시  포승읍 평택항로156번길 134 (주)풍산,2025,20260312001327,,False,False,중견,"3년 평균 매출 34,841억 > 기준 1,800억, 자산 38,474억 ≥ 5,000억",별도,1800,3849107225015.0,3484086373883.0,3847395402841.0,5048580386639.0,4576085262843.0,4329189509985.0,True,I0900100018,주식회사 풍산,24221,,비해당,,,비해당,,비대상,True,0,0,0,0,0,1,1,True,비대상,,,비대상
01359736,(주)프로이천,321260,K,261,1101117042271,7698601155,20190313,12,경기도 군포시 고산로148번길 17 군포IT밸리 411호,2025,20260320000879,,False,False,중소,"3년 평균 매출 333억 ≤ 기준 1,000억, 자산 5,000억 미만",별도,1000,31251268152.0,33296278608.0,45291819773.0,31533846355.0,33641664609.0,48173604707.0,False,,,,,비해당,,,비해당,,비대상,,0,0,0,0,0,0,0,False,비대상,,,비대상
00125488,삼륭물산(주),014970,K,17223,1156110001401,1288103148,19800825,12,경기도 파주시 월롱면 통일로644번길 35,2025,20260319001382,,False,False,중소,"3년 평균 매출 500억 ≤ 기준 1,800억, 자산 5,000억 미만",별도,1800,55644659563.0,50040129190.0,85205450100.0,94256105408.0,91528556535.0,99824976715.0,False,,,,,비해당,,,비해당,,비대상,,0,0,0,0,0,0,0,False,비대상,,,비대상
00532855,한국유니온제약 주식회사,080720,K,212,1801110007062,6078121765,19850810,12,강원도 원주시 문막읍 문막공단길 246,2025,20260331002001,,False,False,중소,"3년 평균 매출 503억 ≤ 기준 800억, 자산 5,000억 미만",별도,800,36378273562.0,50275739553.0,45950681521.0,36378273562.0,50275739553.0,45836041850.0,False,,,,,비해당,,,비해당,,비대상,,0,0,0,0,0,0,0,False,비대상,,,비대상
00269241,(주)주연테크,044380,Y,26310,1101110574164,1168123200,19880510,12,서울특별시 서초구 사임당로 32 2층(서초동),2025,20260319000699,,False,False,중소,"3년 평균 매출 531억 ≤ 기준 1,000억, 자산 5,000억 미만",별도,1000,62616477232.0,53063083300.0,45556815108.0,62628503833.0,53067092167.0,45597070898.0,False,,,,,비해당,,,비해당,,비대상,,0,0,0,0,0,0,0,False,비대상,,,비대상
00361594,(주)디엠에스,068790,K,292,1346110012687,1258129149,19990708,12,경기도 용인시 기흥구 흥덕중앙로 120 유타워 6층 (영덕동),2025,20260330001840,,False,False,중견,"3년 평균 매출 1,695억 > 기준 1,200억, 자산 5,575억 ≥ 5,000억",별도,1200,146052442624.0,169460274350.0,557539025900.0,155471297435.0,176534014757.0,573797046616.0,False,,,,,비해당,,,일부해당,건설·광업 기계/농기계/산업용 로봇/석재 가공기(일부)/주조·야금 기계,2차 후보(확인 필요),True,0,0,0,0,0,0,0,False,2차 후보(확인 필요),,,2차 후보(확인 필요)
01073261,(주)동방메디컬,240550,K,271,1645110024117,3138132635,20141226,12,충청남도 보령시 웅천읍 산업단지길 30,2025,20260618000383,,False,False,중견,3년 평균 매출 815억 > 기준 800억,별도,800,89497153009.0,81488606154.0,148724373127.0,113536899863.0,103175216703.0,186529397919.0,False,,,,,비해당,,,일부해당,의료기기(일부),2차 후보(확인 필요),True,0,0,0,0,0,0,2,False,2차 후보(확인 필요),,,2차 후보-약
01327092,주식회사 라닉스,317120,K,26112,1311110103158,1298165851,20030926,12,서울특별시 강남구 언주로135길 25 (논현동),2025,20260318000717,,False,False,중소,"3년 평균 매출 89억 ≤ 기준 1,000억, 자산 5,000억 미만",별도,1000,7467068566.0,8907850961.0,43409951756.0,7467703331.0,8908062549.0,43451613307.0,False,,,,,비해당,,,비해당,,비대상,,0,0,0,0,0,0,0,False,비대상,,,비대상
00111689,아진전자부품(주),009320,Y,303,1341110000822,1238100262,19731013,12,전라북도 정읍시  공단2길 3,2025,20260323001496,,False,False,중견,"3년 평균 매출 1,367억 > 기준 1,200억",별도,1200,152212525817.0,136721674002.0,110295284756.0,151831619994.0,136257694752.0,109515360357.0,False,,,,,비해당,,,일부해당,기어박스(일부)/자동차 엔진 부품(일부)/자동차 차체 부품(일부)/휠·현가장치·라디에이터(일부),2차 후보(확인 필요),True,0,0,1,0,1,0,1,True,"2차(2028, 제품명 확인)",제외,업계 일반 설명,2차 후보(확인 필요)
00157539,KB오토시스(주),024120,K,303,1101110408305,2048112301,19851014,12,충청남도 아산시  음봉면 아산온천로 528-24,2025,20260319001360,,False,False,중견,"3년 평균 매출 1,823억 > 기준 1,200억",별도,1200,179348686124.0,182300493201.0,249613477484.0,214995786079.0,209650808457.0,256608157960.0,False,,,,,비해당,,,일부해당,기어박스(일부)/자동차 엔진 부품(일부)/자동차 차체 부품(일부)/휠·현가장치·라디에이터(일부),2차 후보(확인 필요),True,0,0,0,0,0,0,1,False,2차 후보(확인 필요),,,2차 후보(확인 필요)
00454937,(주)덕신이피씨,090410,K,25112,1101110730732,1368109463,19910104,12,충청남도 천안시 동남구 수신면 수신로 485-34,2025,20260310003096,,False,False,중견,"3년 평균 매출 1,540억 > 기준 1,200억",별도,1200,105277518468.0,154002610138.0,202703719927.0,106458504421.0,157033697039.0,206019852138.0,False,,,,,해당,구조물,가공품,비해당,,1차(2027),True,0,0,0,0,0,0,2,False,1차(2027),,,1차(2027)
00861997,(주)아고스,175140,K,264,1101112431669,1198154094,20020124,12,"경기도 과천시 과천대로7길 33 제6층 공장A동 0607호(갈현동, 디테크타워과천)",2025,20260323001143,,False,False,중소,"3년 평균 매출 355억 ≤ 기준 1,000억, 자산 5,000억 미만",별도,1000,43804190295.0,35458257769.0,54115077342.0,55491024215.0,45559040773.0,61931148269.0,False,,,,,비해당,,,비해당,,비대상,,0,0,0,0,0,0,0,False,비대상,,,비대상
00104573,국일제지(주),078130,K,179,1345110001377,1358101449,19780821,12,경기도 용인시 처인구  이동면 백옥대로 563,2025,20260320000352,SM,True,False,대기업,상호출자제한기업집단 소속,별도,1800,67784821286.0,59095253489.0,133724087974.0,67784821286.0,59095253489.0,133849225665.0,False,,,,,비해당,,,비해당,,비대상,,0,0,0,0,0,0,0,False,비대상,,,비대상
00540605,(주)이월드,084680,Y,331,1701110290867,5038168487,20050705,12,대구광역시 달서구  두류공원로 200,2025,20260319000675,이랜드,False,False,중견,공시대상기업집단 소속(중소 제외),별도,1000,88727496688.0,104152397386.0,405276070976.0,,,,False,,,,,비해당,,,비해당,,비대상,True,0,0,0,0,0,0,1,False,비대상,,,비대상
00117337,(주)동양,001520,Y,23322,1101110005333,1168134352,19550825,12,서울특별시 마포구 마포대로 130 -,2025,20260318001406,유진,False,False,중견,공시대상기업집단 소속(중소 제외),별도,800,534843438038.0,645312229631.0,1134873906904.0,630627899042.0,749121084700.0,1454847945012.0,False,,,,,비해당,,,비해당,,비대상,True,0,0,0,0,0,0,0,False,비대상,,,비대상
01573284,코닉오토메이션(주),391710,K,292,1101117914785,3998702253,20210609,12,경기도 화성시 동탄산단9길 23-12 경기도 화성시 동탄산단9길 23-12 8층(방교동),2025,20260318001087,,False,False,중소,"3년 평균 매출 377억 ≤ 기준 1,200억, 자산 5,000억 미만",별도,1200,30100048633.0,37652820962.0,48292162796.0,,,,False,,,,,비해당,,,일부해당,건설·광업 기계/농기계/산업용 로봇/석재 가공기(일부)/주조·야금 기계,2차 후보(확인 필요),,0,0,0,0,0,0,0,False,2차 후보(확인 필요),,,2차 후보(확인 필요)
01947443,(주)해치텍,0155E0,K,26112,1501110231617,8558600699,20170208,12,"충청북도 청주시 청원구 오창읍 연구단지로 40, 비동 307호 &nbsp",2025,20260828000259,,False,False,중소,"3년 평균 매출 151억 ≤ 기준 1,000억, 자산 5,000억 미만",별도,1000,14078560558.0,15141099474.0,13994261598.0,14078560558.0,15141099474.0,14025811036.0,False,,,,,비해당,,,비해당,,비대상,,0,0,0,0,0,0,0,False,비대상,,,비대상
00120906,(주)에스아이리소스,065420,K,204,1701110031873,5038108816,19870821,12,서울특별시 마포구 마포대로 45 4층(일진빌딩),2025,20260319001295,,False,False,중소,"3년 평균 매출 128억 ≤ 기준 1,200억, 자산 5,000억 미만",별도,1200,20851578595.0,12810551717.0,17189453891.0,,,,False,,,,,비해당,,,비해당,,비대상,,0,0,0,0,0,0,0,False,비대상,,,비대상
00474588,(주)한중엔시에스,107640,K,281,1701110090291,5058123526,19950831,12,경상북도 영천시 영천산단로 379,2025,20260318000730,,False,False,중소,"3년 평균 매출 1,577억 ≤ 기준 1,800억, 자산 5,000억 미만",별도,1800,174695744951.0,157733945487.0,243984147931.0,175264976657.0,158024795142.0,253321966239.0,False,,,,,비해당,,,일부해당,전동기·변압기,2차 후보(확인 필요),,0,0,0,0,0,0,0,False,2차 후보(확인 필요),,,2차 후보(확인 필요)
00308559,(주)코디,080530,K,204,1301110050847,1248160808,19990213,12,"경기도 용인시 수지구 광교중앙로 338 A동(상현동, 광교우미뉴브)  -호실(총12개):A301, A302, A303, A304,",2025,20260323001300,,False,False,중소,"3년 평균 매출 609억 ≤ 기준 1,200억, 자산 5,000억 미만",별도,1200,62801172800.0,60885216337.0,79277167202.0,76531199312.0,78062885878.0,82964640930.0,False,,,,,비해당,,,비해당,,비대상,,0,0,0,0,0,0,0,False,비대상,,,비대상
01061327,(주)클래시스,214150,K,271,1101115618355,1078839288,20150115,12,서울특별시 강남구 테헤란로 208 클래시스,2025,20260323001541,,False,False,중견,"3년 평균 매출 2,530억 > 기준 800억, 자산 7,027억 ≥ 5,000억",별도,800,336505017215.0,253000526225.0,702711467973.0,336819637856.0,253293800415.0,704649920208.0,False,,,,,비해당,,,일부해당,의료기기(일부),2차 후보(확인 필요),True,0,0,0,0,0,0,7,False,2차 후보(확인 필요),,,2차 후보-약
00624244,에이치엘지노믹스(주),0156T0,K,211,1345110044624,1358141887,20001109,12,경기도 용인시 처인구 원삼면 보개원삼로 1552,,,,False,False,판정불가,매출 또는 업종 기준 없음,,800,,,,,,,False,,,,,비해당,,,비해당,,비대상,,0,0,0,0,0,0,0,False,비대상,,,비대상
00126566,한화에어로스페이스(주),012450,Y,31321,1942110000480,6098102992,19770801,12,경상남도 창원시 성산구  창원대로 1204,2025,20260316001112,한화,True,False,대기업,상호출자제한기업집단 소속,별도,1200,9525137891000.0,7479744189667.0,24651333392000.0,26702901249000.0,15277569846000.0,53953669604000.0,True,I1000100009,한화에어로스페이스 주식회사,25200,업종 대분류 불일치(확인 필요),비해당,,,비해당,,비대상,,0,0,0,0,0,0,0,False,비대상,,,비대상
00143226,(주)엠투엔,033310,K,26299,1345110000600,1358105130,19651210,12,"서울특별시 중구 청계천로 106 3층(수표동, 크리스탈스퀘어)",2025,20260319001092,,False,False,중소,"3년 평균 매출 784억 ≤ 기준 1,000억, 자산 5,000억 미만",별도,1000,83321648450.0,78448911046.0,190448453835.0,86549524568.0,84918372089.0,191792668993.0,False,,,,,비해당,,,비해당,,비대상,,0,0,0,0,0,0,0,False,비대상,,,비대상
00339391,한화시스템(주),272210,Y,26299,1760110020640,5138117175,20000111,12,경상북도 구미시 산호대로 264-60 -,2025,20260513000644,한화,True,False,대기업,상호출자제한기업집단 소속,별도,1000,3091485354880.0,2778567917755.0,9343422758617.0,3664150568020.0,2973443830649.0,10327265554498.0,False,,,,,비해당,,,비해당,,비대상,,0,0,0,0,0,0,0,False,비대상,,,비대상
01245062,코오롱티슈진(주),950160,K,211,,20174063267,19990609,12,"Rockville, MD, USA 9713 Key West Ave Suite 300",2025,20260318001341,,False,False,중소,"3년 평균 매출 0억 ≤ 기준 800억, 자산 5,000억 미만",별도,800,3627220.0,3395268.0,295484173.0,,,,False,,,,,비해당,,,비해당,,비대상,,0,0,0,0,0,0,0,False,비대상,,,비대상
00121932,미원상사(주),002840,Y,204,1301110007707,1348102843,19591103,12,경기도 안산시 단원구  원시로 49 (목내동),2025,20260316000483,,False,False,중견,"3년 평균 매출 4,237억 > 기준 1,200억",별도,1200,432317092092.0,423726048082.0,486336858758.0,441137509663.0,432767553242.0,492894738811.0,False,,,,,비해당,,,비해당,,비대상,True,0,0,0,0,0,0,5,False,비대상,,,비대상
01440153,(주)넥사다이내믹스,351320,K,29272,1101117417458,5328601719,20200306,12,경기도 시흥시 엠티브이26로58번길 25 (정왕동),2025,20260323001172,,False,False,중소,"3년 평균 매출 126억 ≤ 기준 1,200억, 자산 5,000억 미만",별도,1200,13012868322.0,12561224617.0,50806740349.0,13012868322.0,12561224617.0,58258802617.0,False,,,,,비해당,,,비해당,,비대상,,0,0,0,0,0,0,0,False,비대상,,,비대상
00209780,(주)케이씨,029460,Y,27216,1101110703210,1208105593,19870216,12,경기도 안성시 미양면 제2공단3길 30 -,2025,20260316001307,,False,False,중견,"3년 평균 매출 1,552억 > 기준 800억, 자산 6,876억 ≥ 5,000억",별도,800,148530615265.0,155229322299.0,687583101058.0,797344487484.0,754284943462.0,1153050483329.0,True,I0500100049,케이씨주식회사,20129,업종 대분류 불일치(확인 필요),비해당,,,일부해당,가스 분석기(일부),2차 후보(확인 필요),True,0,0,0,0,0,0,0,False,2차 후보(확인 필요),,,2차 후보-약
00303192,(주)디에이피,066900,K,2622,1244110006602,1398111954,19871128,12,경기도 안성시 미양면 보체리 404-1,2025,20260814002696,대명화학,False,False,중견,공시대상기업집단 소속(중소 제외),별도,1000,329542961820.0,344145332938.0,243025566990.0,543196073695.0,478511762435.0,555426058972.0,True,I1100110038,(주)디에이피,26221,,비해당,,,비해당,,비대상,True,0,0,0,0,0,0,3,False,비대상,,,비대상
01516766,(주)아이비젼웍스,469750,K,292,1601110397045,1968800110,20150420,12,대전광역시 유성구 국제과학21로 54 -,2025,20260522000549,,False,False,중소,"3년 평균 매출 271억 ≤ 기준 1,200억, 자산 5,000억 미만",별도,1200,23001097577.0,27137757716.0,46547985710.0,,,,False,,,,,비해당,,,일부해당,건설·광업 기계/농기계/산업용 로봇/석재 가공기(일부)/주조·야금 기계,2차 후보(확인 필요),,0,0,0,0,0,0,0,False,2차 후보(확인 필요),,,2차 후보(확인 필요)
00210856,(주)코아스,071950,Y,320,1101110881642,1178109929,19920724,12,서울특별시 영등포구 선유로52길 17,2025,20260324000545,,False,False,중소,"3년 평균 매출 700억 ≤ 기준 1,500억, 자산 5,000억 미만",별도,1500,61641195433.0,70028725190.0,80828728529.0,62229199785.0,71308979816.0,81414004367.0,False,,,,,비해당,,,일부해당,금속 가구,2차 후보(확인 필요),,0,0,0,0,0,0,0,False,2차 후보(확인 필요),,,2차 후보(확인 필요)
00102140,(주)케이아이이,009140,Y,2629,1101110150229,1198102373,19730806,12,"서울특별시 금천구  가산디지털2로 184 1411호(가산동,벽산/경인디지털밸리2)",2025,20260312001118,,False,False,중소,"3년 평균 매출 150억 ≤ 기준 1,000억, 자산 5,000억 미만",별도,1000,20532893522.0,14957630554.0,68483447115.0,36073854759.0,26717512866.0,87287055386.0,False,,,,,비해당,,,비해당,,비대상,,0,0,0,0,0,0,0,False,비대상,,,비대상
00118008,동원모빌리티(주),018500,Y,303,1701110021816,5038106778,19851214,03,경상북도 경산시  진량읍 북리1길  69,2025,20250618000195,,False,False,중견,"3년 평균 매출 2,865억 > 기준 1,200억",별도,1200,305542903362.0,286458087116.0,339046554998.0,626236089125.0,577705936275.0,515828714541.0,False,,,,,비해당,,,일부해당,기어박스(일부)/자동차 엔진 부품(일부)/자동차 차체 부품(일부)/휠·현가장치·라디에이터(일부),2차 후보(확인 필요),True,0,0,0,0,0,0,7,False,2차 후보(확인 필요),,,2차 후보(확인 필요)
01444380,(주)에이텀,355690,K,26293,1101115972652,3588600320,20160215,12,서울특별시 구로구 디지털로31길 38-9 에이스테크노타워1차 6층 603-2호,2025,20260318001384,,False,False,중소,"3년 평균 매출 50억 ≤ 기준 1,000억, 자산 5,000억 미만",별도,1000,2860795098.0,5031811048.0,34953856903.0,70426120972.0,43123067189.0,72862440037.0,False,,,,,비해당,,,비해당,,비대상,,0,0,0,0,0,0,0,False,비대상,,,비대상
00122579,(주)BYC,001460,Y,14120,1101110005995,1188103063,19550513,12,서울특별시 영등포구 디지털로38길 27 (주)비와이씨,2025,20260319001175,,False,False,중견,"3년 평균 매출 1,648억 > 기준 1,500억, 자산 7,680억 ≥ 5,000억",별도,1500,163146935599.0,164804873934.0,767966238879.0,163166613171.0,165591901999.0,775789336133.0,False,,,,,비해당,,,비해당,,비대상,True,0,0,0,0,0,0,0,False,비대상,,,비대상
00942131,(주)앤디포스,238090,K,222,1545110045488,3038158943,20100623,12,충청북도 음성군 대소면 한삼로 224-7,2025,20260319001174,,False,False,중소,"3년 평균 매출 455억 ≤ 기준 1,200억, 자산 5,000억 미만",별도,1200,44075731252.0,45523113850.0,97894191098.0,50413982329.0,50571941852.0,108626217861.0,False,,,,,비해당,,,비해당,,비대상,,0,0,0,0,0,0,0,False,비대상,,,비대상
00415646,(주)드림텍,192650,Y,2629,1615110027883,3128131249,19980922,12,경기도 성남시 분당구 대왕판교로 670 유스페이스2 A동 10층,2025,20260318001215,,False,False,중견,"3년 평균 매출 5,090억 > 기준 1,000억",별도,1000,519304557980.0,509005017851.0,430374669223.0,1230621374284.0,1144560996216.0,863145953162.0,False,,,,,비해당,,,비해당,,비대상,True,0,0,0,0,0,0,0,False,비대상,,,비대상
00163761,(주)한창제지,009460,Y,171,1845110000105,6218109073,19731206,12,경상남도 양산시  웅상대로 1564 (주)한창제지,2025,20260318000958,,False,False,중견,"3년 평균 매출 2,791억 > 기준 1,800억",별도,1800,266951905121.0,279081071193.0,287460858999.0,,,,True,I0300100055,(주)한창제지,17123,,비해당,,,비해당,,비대상,True,0,0,0,0,0,0,0,False,비대상,,,비대상
00599957,(주)슈프리마에이치큐,094840,K,264,1101111960437,1198138018,20000504,12,경기도 성남시 분당구  정자일로 248 파크뷰 16층,2025,20260319001168,,False,False,중소,"3년 평균 매출 206억 ≤ 기준 1,000억, 자산 5,000억 미만",별도,1000,21155758606.0,20583441552.0,200947949203.0,21223018606.0,20570543145.0,250231969152.0,False,,,,,비해당,,,비해당,,비대상,,0,0,0,0,0,0,0,False,비대상,,,비대상
00961774,(주)유티아이,179900,K,2629,1341110189717,1238621786,20100416,12,충청남도 예산군 응봉면 응봉로 50-16 &nbsp,2025,20260323001351,,False,False,중소,"3년 평균 매출 36억 ≤ 기준 1,000억, 자산 5,000억 미만",별도,1000,3147731512.0,3591624728.0,208216034482.0,19972205414.0,19297859831.0,214289991906.0,False,,,,,비해당,,,비해당,,비대상,,0,0,0,0,0,0,0,False,비대상,,,비대상
00258421,(주)기산텔레콤,035460,K,2642,1101111073454,1208166080,19940906,12,서울특별시 강동구 고덕비즈밸리로2길 55 -,2025,20260320000837,,False,False,중소,"3년 평균 매출 273억 ≤ 기준 1,000억, 자산 5,000억 미만",별도,1000,26725913908.0,27267562982.0,52799275177.0,99473228556.0,88811965608.0,130233672166.0,False,,,,,비해당,,,비해당,,비대상,,0,0,0,0,0,0,0,False,비대상,,,비대상
00111111,(주)대양금속,009190,Y,24122,1201110002212,1348132459,19730822,12,충청남도 예산군  신암면 추사로 146-8,2025,20260319001294,,False,False,중견,"3년 평균 매출 2,133억 > 기준 1,800억",별도,1800,223407047987.0,213313338462.0,144441861496.0,223485344976.0,213339437459.0,144440083514.0,False,,,,,해당,철강,원재료,비해당,,1차(2027),True,0,0,0,0,0,0,5,False,1차(2027),,,1차(2027)
00769158,(주)케이엔제이,272110,K,261,1348110106600,1248632229,20050428,12,충청남도 아산시 음봉면 스마트산단1로 22 케이엔제이,2025,20260319000017,,False,False,중소,"3년 평균 매출 636억 ≤ 기준 1,000억, 자산 5,000억 미만",별도,1000,83332614018.0,63630430020.0,163582584670.0,84444745007.0,64674072396.0,230504256719.0,False,,,,,비해당,,,비해당,,비대상,,0,0,0,0,0,0,0,False,비대상,,,비대상
00109806,(주)삼일씨엔에스,004440,Y,23325,1101110061228,1028137869,19651231,12,"경기도 화성시 동탄대로23길 121 21층(영천동, 동탄우미뉴브)",2025,20260323000312,,False,False,중견,"3년 평균 매출 2,203억 > 기준 800억",별도,800,223128675519.0,220290669356.0,440761122889.0,,,,False,,,,,비해당,,,비해당,,비대상,True,0,0,0,0,0,0,4,False,비대상,,,비대상
00111421,(주)휴니드테크놀러지스,005870,Y,2642,1341110005202,1238106174,19681211,12,인천광역시 연수구  벤처로 87,2025,20260319001066,,False,False,중견,"3년 평균 매출 1,989억 > 기준 1,000억",별도,1000,137185901827.0,198943454961.0,311760282512.0,,,,False,,,,,비해당,,,비해당,,비대상,True,0,0,0,0,0,0,5,False,비대상,,,비대상
00155586,에이치엘비이노베이션(주),024850,K,2629,1101110234312,1168116183,19780616,12,경기도 화성시 향남읍 발안공단로4길 16 구문천리 928,2025,20260629000350,,False,False,중소,"3년 평균 매출 261억 ≤ 기준 1,000억, 자산 5,000억 미만",별도,1000,32217255519.0,26051473051.0,281814814550.0,32263951723.0,26067038452.0,268750045052.0,False,,,,,비해당,,,비해당,,비대상,,0,0,0,0,0,0,0,False,비대상,,,비대상
00390365,(주)토비스,051360,K,265,1349110013457,1338137806,19980908,12,인천광역시 연수구 하모니로226번길 15 -,2025,20260323000304,,False,False,중견,"3년 평균 매출 4,952억 > 기준 1,000억",별도,1000,563997767809.0,495243879701.0,499083173268.0,640328783001.0,570500573500.0,558080071777.0,False,,,,,비해당,,,비해당,,비대상,True,0,0,0,0,0,0,0,False,비대상,,,비대상
00620558,(주)루트케이,195990,K,29223,1701110271528,5038164797,20040812,12,대구광역시 달성군 유가읍 테크노순환로1길 70 -,2025,20260323000905,,False,False,중소,"3년 평균 매출 112억 ≤ 기준 1,200억, 자산 5,000억 미만",별도,1200,5155002885.0,11200939375.0,63256806605.0,31922791800.0,29653760884.0,74776905733.0,False,,,,,비해당,,,일부해당,석재 가공기(일부),2차 후보(확인 필요),,0,0,0,0,0,0,0,False,2차 후보(확인 필요),,,2차 후보-약
00829380,(주)피제이메탈,128660,K,2429,1101114382878,1208756037,20100630,12,서울특별시 강남구 테헤란로81길 13삼성동 동원빌딩 11층,2025,20260318001703,,False,False,중견,"3년 평균 매출 2,510억 > 기준 1,800억",별도,1800,276852532771.0,251030543503.0,122777160977.0,348957303218.0,277597374474.0,164420004711.0,False,,,,,비해당,,,비해당,,비대상,True,0,0,0,0,0,0,0,False,비대상,,,비대상
00915508,(주)알엔투테크놀로지,148250,K,262,1156110036979,1288169024,20020326,12,경기도 화성시 동탄면 동탄산단9길 11,2025,20260323001654,,False,False,중소,"3년 평균 매출 157억 ≤ 기준 1,000억, 자산 5,000억 미만",별도,1000,18213976515.0,15688545825.0,61912816430.0,18651545847.0,15880445603.0,63377015827.0,False,,,,,비해당,,,비해당,,비대상,,0,0,0,0,0,0,0,False,비대상,,,비대상
01234507,매일유업 주식회사,267980,K,104,1101116390770,8448100466,20170501,12,서울특별시 종로구 종로1길 50 &nbsp,2025,20260319001065,,False,False,중견,"3년 평균 매출 17,345억 > 기준 1,200억, 자산 11,059억 ≥ 5,000억",별도,1200,1758440909198.0,1734524293076.0,1105892330536.0,1843539281196.0,1812651404790.0,1065939700183.0,True,F0011100002,매일유업(주),10501,,비해당,,,비해당,,비대상,True,0,0,0,0,0,0,0,False,비대상,,,비대상
00164618,현대사료(주),016790,K,109,1615110001572,3128102894,19830305,12,충청남도 천안시 동남구 용수골길 23 현대사료(주),2025,20260324000011,,False,False,중견,"3년 평균 매출 1,340억 > 기준 1,200억",별도,1200,113027093258.0,134029951216.0,95757494556.0,113027093258.0,134029951216.0,95757594556.0,False,,,,,비해당,,,비해당,,비대상,True,0,0,1,0,0,0,0,True,비대상,,,비대상
00120872,만호제강(주),001080,Y,24123,1801110054659,6068108662,19530904,12,부산광역시 강서구  녹산화전로 71,2025,20250918000340,,False,False,중견,"3년 평균 매출 1,841억 > 기준 1,800억",별도,1800,152953052398.0,184065783986.0,211164112134.0,,,,True,I0800120046,만호제강(주),24123,,해당,철강,원재료,비해당,,1차(2027),True,0,0,0,0,0,0,0,False,1차(2027),,,1차(2027)
00525864,피앤씨테크(주),237750,K,28123,1341110064711,1388119079,19990304,12,경기도 과천시 과천대로7길 68 과천 E타워,2025,20260318001712,,False,False,중소,"3년 평균 매출 277억 ≤ 기준 1,800억, 자산 5,000억 미만",별도,1800,27609157326.0,27675624371.0,82282204233.0,,,,False,,,,,비해당,,,비해당,,비대상,,0,0,0,0,0,0,0,False,비대상,,,비대상
00693651,(주)비덴트,121800,K,26421,1101112476376,1078614610,20020320,12,"서울특별시 금천구  가산디지털1로 84 (가산동, 에이스하이엔드 8차 12층)",2025,20260331003496,,False,False,중견,"자산 6,893억 ≥ 5,000억",별도,1000,8782167732.0,9467921711.0,689287485877.0,10149724188.0,9933826879.0,703109366248.0,False,,,,,비해당,,,비해당,,비대상,True,0,0,0,0,0,0,6,False,비대상,,,비대상
00959229,(주)세종메디칼,258830,K,27199,2849110088798,1418120572,20100803,12,경기도 파주시 신촌2로 11,2025,20260319001342,,False,False,중소,"3년 평균 매출 176억 ≤ 기준 800억, 자산 5,000억 미만",별도,800,18368659417.0,17614832527.0,54078388495.0,18535097964.0,18493016981.0,59805897360.0,False,,,,,비해당,,,일부해당,의료기기(일부),2차 후보(확인 필요),,0,0,0,0,0,0,0,False,2차 후보(확인 필요),,,2차 후보-약
01182259,(주)알피바이오,314140,K,212,1101116142668,6208600448,20160805,12,서울특별시 강남구 삼성로 634,2025,20260323001657,,False,False,중견,"3년 평균 매출 1,371억 > 기준 800억",별도,800,136218902142.0,137077358641.0,156255718323.0,,,,False,,,,,비해당,,,비해당,,비대상,True,0,0,0,0,0,0,0,False,비대상,,,비대상
01802928,코스모로보틱스 주식회사,439960,K,27199,1348110383141,4328800511,20160928,12,서울특별시 구로구 디지털로31길 20 8층 801호,,,,False,False,판정불가,매출 또는 업종 기준 없음,,800,,,,,,,False,,,,,비해당,,,일부해당,의료기기(일부),2차 후보(확인 필요),,0,0,0,0,0,0,0,False,2차 후보(확인 필요),,,2차 후보-약
00481454,금호타이어(주),073240,Y,221,1101112810590,1018195610,20030630,12,전남광주통합특별시 광산구 어등대로 658 -,2025,20260317000836,,False,False,중견,"3년 평균 매출 33,859억 > 기준 1,200억, 자산 39,988억 ≥ 5,000억",별도,1200,3530891476573.0,3385937004593.0,3998807053712.0,4701282075494.0,4424957385719.0,5539548526344.0,True,I0500100003,금호타이어(주),22111,,비해당,,,비해당,,비대상,True,0,0,0,0,0,0,15,False,비대상,,,비대상
00351092,삼보모터스(주),053700,K,303,1101110545529,2158126391,19870925,12,대구광역시 달서구  성서동로 142,2025,20260323000719,,False,False,중견,"3년 평균 매출 4,513억 > 기준 1,200억, 자산 6,174억 ≥ 5,000억",별도,1200,497988968264.0,451335612606.0,617401254420.0,1684582152379.0,1565254973223.0,1337854672855.0,False,,,,,비해당,,,일부해당,기어박스(일부)/자동차 엔진 부품(일부)/자동차 차체 부품(일부)/휠·현가장치·라디에이터(일부),2차 후보(확인 필요),True,0,0,7,0,0,0,4,True,"2차(2028, 제품명 확인)",확인,자동변속기 구성 부품,"2차(2028, 제품명 확인)"
00811372,(주)노바렉스,194700,K,108,1501110120399,3178111175,20081127,12,충청북도 청주시 흥덕구 오송읍 오송생명14로 80 노바렉스 오송공장,2025,20260319000964,,False,False,중견,"3년 평균 매출 3,335억 > 기준 1,200억",별도,1200,403042865267.0,333462944053.0,356959454697.0,404259788627.0,334717457795.0,359554560151.0,False,,,,,비해당,,,비해당,,비대상,True,0,0,0,0,0,0,0,False,비대상,,,비대상
00527491,(주)하이드로리튬,101670,K,2511,1101111125289,1388110821,19950127,12,경기도 광주시  오포읍 오포안로 46-10,2025,20260724000378,,False,False,중소,"3년 평균 매출 95억 ≤ 기준 1,200억, 자산 5,000억 미만",별도,1200,3368949713.0,9459414629.0,81929077078.0,3368949713.0,9459414629.0,81924389316.0,False,,,,,해당,구조물,가공품,비해당,,1차(2027),,0,0,0,0,0,0,0,False,1차(2027),,,1차(2027)
00261656,(주)잉크테크,049550,K,20413,1101110866785,1238129764,19920617,12,경기도 안산시 단원구 능안로 98-12잉크테크,2025,20260313000615,,False,False,중소,"3년 평균 매출 669억 ≤ 기준 1,200억, 자산 5,000억 미만",별도,1200,73788611098.0,66925380190.0,155407086198.0,77533529802.0,71426443069.0,158072677600.0,False,,,,,비해당,,,비해당,,비대상,,0,0,0,0,0,0,0,False,비대상,,,비대상
00130587,서울전자통신(주),027040,K,281,1243110009781,1308110787,19830617,12,인천광역시 부평구 새벌로 4사무동 4층,2025,20260320001349,,False,False,중소,"3년 평균 매출 99억 ≤ 기준 1,800억, 자산 5,000억 미만",별도,1800,8932370153.0,9851404923.0,27596574249.0,33729253174.0,34712731012.0,39471480378.0,False,,,,,비해당,,,일부해당,전동기·변압기,2차 후보(확인 필요),,0,0,0,0,0,0,0,False,2차 후보(확인 필요),,,2차 후보(확인 필요)
01366000,(주)태성,323280,K,292,1101117067972,7378601274,20190405,12,충청남도 천안시 서북구 성환읍 비아이티산단로 235 -,2025,20260323000642,,False,False,중소,"3년 평균 매출 370억 ≤ 기준 1,200억, 자산 5,000억 미만",별도,1200,27400127627.0,36974456857.0,161965839526.0,37859245040.0,43470206802.0,172536488872.0,False,,,,,비해당,,,일부해당,건설·광업 기계/농기계/산업용 로봇/석재 가공기(일부)/주조·야금 기계,2차 후보(확인 필요),,0,0,0,0,0,0,0,False,2차 후보(확인 필요),,,2차 후보(확인 필요)
00126089,(주)디에이치오토넥스,000300,Y,303,1101110085541,1198101490,19671230,12,전북특별자치도 김제시 용지면 용지로 55 김제(본사),2025,20260619000568,,False,False,중소,"3년 평균 매출 316억 ≤ 기준 1,200억, 자산 5,000억 미만",별도,1200,35119881421.0,31565711877.0,50112318461.0,40170942353.0,34323589889.0,51227285240.0,False,,,,,비해당,,,일부해당,기어박스(일부)/자동차 엔진 부품(일부)/자동차 차체 부품(일부)/휠·현가장치·라디에이터(일부),2차 후보(확인 필요),,0,0,0,0,0,0,0,False,2차 후보(확인 필요),,,2차 후보(확인 필요)
00129013,CJ씨푸드(주),011150,Y,108,1101110215578,2298112289,19760315,12,경기도 성남시 중원구  둔촌대로388번길 32 (상대원동),2025,20260323001443,씨제이,True,False,대기업,상호출자제한기업집단 소속,별도,1200,157526706230.0,154431331437.0,154477152828.0,192117633850.0,178061203806.0,169330716894.0,False,,,,,비해당,,,비해당,,비대상,,0,0,0,0,0,0,0,False,비대상,,,비대상
00615723,(주)엠에스디아이,123010,K,262,1101112870784,1148631150,20031008,12,충청북도 청주시 흥덕구 옥산면 과학산업1로 114 -,2025,20260320001397,,False,False,중소,"3년 평균 매출 95억 ≤ 기준 1,000억, 자산 5,000억 미만",별도,1000,8044102621.0,9539585015.0,36268680208.0,38376486409.0,36672228193.0,46285094482.0,False,,,,,비해당,,,비해당,,비대상,,0,0,0,0,0,0,0,False,비대상,,,비대상
00875307,(주)야스,255440,K,29272,1101112494451,1108156305,20020411,12,경기도 파주시 탄현면 한산로 69 &nbsp,2025,20260323000658,,False,False,중소,"3년 평균 매출 347억 ≤ 기준 1,200억, 자산 5,000억 미만",별도,1200,34069551766.0,34698651148.0,167911978378.0,34763681766.0,35051059681.0,171668213803.0,False,,,,,비해당,,,비해당,,비대상,,0,0,0,0,0,0,0,False,비대상,,,비대상
00105475,금강철강(주),053260,K,2419,1101110207799,2028109038,19770112,12,"서울특별시 서초구  서운로 19 701호(서초동, 서초월드오피스텔)",2025,20260319000015,,False,False,중견,"3년 평균 매출 1,976억 > 기준 1,800억",별도,1800,173567673363.0,197634938737.0,150853647645.0,177224131863.0,201223793125.0,151388460498.0,False,,,,,해당,철강,원재료,비해당,,1차(2027),True,0,0,0,0,0,0,0,False,1차(2027),,,1차(2027)
00119672,(주)두올,016740,Y,303,1101110343957,2208123514,19830211,12,서울특별시 강남구 언주로 726 두산빌딩 12층,2025,20260318001456,,False,False,중견,"3년 평균 매출 3,193억 > 기준 1,200억",별도,1200,293221161637.0,319253960717.0,312546464764.0,796139348935.0,766420469899.0,549395675901.0,False,,,,,비해당,,,일부해당,기어박스(일부)/자동차 엔진 부품(일부)/자동차 차체 부품(일부)/휠·현가장치·라디에이터(일부),2차 후보(확인 필요),True,0,0,0,0,0,0,15,False,2차 후보(확인 필요),,,2차 후보(확인 필요)
00694942,(주)이미지스테크놀로지,115610,K,2611,1358110102649,1358169380,20040325,12,경기도 수원시 영통구 광교로 105 경기 R&DB 센터 3층 301호(이의동 906-5),2025,20260707000432,,False,False,중소,"3년 평균 매출 141억 ≤ 기준 1,000억, 자산 5,000억 미만",별도,1000,13222397763.0,14102472868.0,13554900717.0,,,,False,,,,,비해당,,,비해당,,비대상,,0,0,0,0,0,0,0,False,비대상,,,비대상
01718407,주식회사 블랙야크아이앤씨,478560,K,152,1101115201431,1198675454,20130808,12,"서울특별시 서초구 바우뫼로 201 4층(양재동, 블랙야크 양재사옥)",2025,20260324000048,,False,False,중소,"3년 평균 매출 379억 ≤ 기준 1,500억, 자산 5,000억 미만",별도,1500,40877659293.0,37921631580.0,53282945277.0,57257917035.0,43381717494.0,96751838621.0,False,,,,,비해당,,,비해당,,비대상,,0,0,0,0,0,0,0,False,비대상,,,비대상
00199252,에이치엘비(주),028300,K,213,1701110021600,5148113250,19851018,12,세종특별자치시  연동면 명학산단서로 10-5 -,2025,20260323001673,,False,False,중견,"자산 12,972억 ≥ 5,000억",별도,800,19679396354.0,21815635281.0,1297190297661.0,84172574224.0,65066287589.0,930177639023.0,False,,,,,비해당,,,비해당,,비대상,True,0,0,0,0,0,0,34,False,비대상,,,비대상
01196313,(주)유에스티,263770,K,241,1101116298148,2748800730,20170123,12,경상북도 포항시 남구 철강로 290 (주)유에스티,2025,20260323000586,,False,False,중소,"3년 평균 매출 768억 ≤ 기준 1,800억, 자산 5,000억 미만",별도,1800,57966763324.0,76770437149.0,87664528577.0,,,,False,,,,,해당,철강,원재료,비해당,,1차(2027),,0,0,0,0,0,0,0,False,1차(2027),,,1차(2027)
00367871,인바이오주식회사,352940,K,2032,1512110004847,3048107641,19971106,12,경기도 수원시 팔달구 경수대로 465 (인계동 979),2025,20260318000963,,False,False,중소,"3년 평균 매출 345억 ≤ 기준 1,200억, 자산 5,000억 미만",별도,1200,33952962076.0,34543757953.0,69142058330.0,,,,False,,,,,비해당,,,비해당,,비대상,,0,0,0,0,0,0,0,False,비대상,,,비대상
00362238,(주)휴비스,079980,Y,20501,1101112102070,2158198804,20001101,12,"서울특별시 송파구 올림픽로35다길 42 11층, 18층, 19층(신천동, 한국루터회관)",2025,20260701000444,,False,False,중견,"3년 평균 매출 7,126억 > 기준 1,200억, 자산 6,542억 ≥ 5,000억",별도,1200,691404856665.0,712580776988.0,654156908241.0,889528441553.0,918878401042.0,751232064245.0,True,I0200100012,휴비스,20501,,비해당,,,비해당,,비대상,True,0,0,0,0,0,0,8,False,비대상,,,비대상
00542074,(주)엘에스케이아이로봇,091970,K,2229,1345110037710,1358135463,19991223,12,경기도 안성시 양성면 양성로 112 -,2025,20260323001457,,False,False,중소,"3년 평균 매출 144억 ≤ 기준 1,200억, 자산 5,000억 미만",별도,1200,13128693219.0,14393858164.0,58333443050.0,50111277900.0,49340979228.0,74157987502.0,False,,,,,비해당,,,비해당,,비대상,,0,0,0,0,0,0,0,False,비대상,,,비대상
00660459,나노씨엠에스(주),247660,K,2629,1648110026753,3128162155,20030417,12,충청남도 천안시 서북구 직산읍 4산단4로 48,2025,20260320000816,,False,False,중소,"3년 평균 매출 48억 ≤ 기준 1,000억, 자산 5,000억 미만",별도,1000,5289045322.0,4840535249.0,22566957876.0,,,,False,,,,,비해당,,,비해당,,비대상,,0,0,0,0,0,0,0,False,비대상,,,비대상
01526806,(주)삼기에너지솔루션즈,419050,K,303,1614110049889,8208701952,20201012,12,충청남도 서산시 지곡면 무장산업로 263-29,2025,20260318000999,,False,False,중소,"3년 평균 매출 870억 ≤ 기준 1,200억, 자산 5,000억 미만",별도,1200,85356929076.0,86988805534.0,171787408309.0,144228757229.0,111262947919.0,288112815623.0,False,,,,,비해당,,,일부해당,기어박스(일부)/자동차 엔진 부품(일부)/자동차 차체 부품(일부)/휠·현가장치·라디에이터(일부),2차 후보(확인 필요),,0,0,0,0,0,0,0,False,2차 후보(확인 필요),,,2차 후보(확인 필요)
01159233,주식회사 솔루엠,248070,Y,2629,1358110272682,4908100105,20150702,12,경기도 용인시 기흥구 용구대로 2354 (마북동),2025,20260325001187,,False,False,중견,"3년 평균 매출 8,843억 > 기준 1,000억, 자산 8,621억 ≥ 5,000억",별도,1000,820860045619.0,884300389304.0,862058727286.0,1700246425329.0,1748592181431.0,1276520893602.0,False,,,,,비해당,,,비해당,,비대상,True,0,0,0,0,0,0,8,False,비대상,,,비대상
00406037,(주)씨에스에이코스믹,083660,K,204,1101110657499,2068147219,19891107,12,서울특별시 강남구 언주로 726 두산빌딩 14층,2025,20260324000035,,False,False,중소,"3년 평균 매출 262억 ≤ 기준 1,200억, 자산 5,000억 미만",별도,1200,20674170875.0,26162064282.0,23532602554.0,27930330148.0,36299271776.0,30205395740.0,False,,,,,비해당,,,비해당,,비대상,,0,0,0,0,0,0,0,False,비대상,,,비대상
00361008,한화엔진(주),082740,Y,29111,1942110038423,6098140128,19991230,12,경상남도 창원시 성산구 공단로 67 (신촌동),2025,20260318000939,한화,True,False,대기업,상호출자제한기업집단 소속,별도,1200,1371057336146.0,1142548819268.0,1695694542049.0,1371057336146.0,1142548819268.0,1695690258649.0,True,I1000100005,한화엔진 주식회사,29111,,비해당,,,일부해당,디젤 엔진(일부),2차 후보(확인 필요),,0,0,0,0,0,0,0,False,2차 후보(확인 필요),,,2차 후보(확인 필요)
00149804,(주)디와이에이,002880,Y,303,1115110000136,1278100094,19600116,12,광주광역시 광산구  소촌로123번길 40-12,2025,20260317000864,,False,False,중견,"3년 평균 매출 5,884억 > 기준 1,200억",별도,1200,633397807077.0,588410751558.0,392855105701.0,633397608367.0,588414958021.0,392858411638.0,False,,,,,비해당,,,일부해당,기어박스(일부)/자동차 엔진 부품(일부)/자동차 차체 부품(일부)/휠·현가장치·라디에이터(일부),2차 후보(확인 필요),True,0,0,0,4,0,0,0,True,"2차(2028, 제품명 확인)",제외,알루미늄휠 사업 2015년 분할 이전,2차 후보(확인 필요)
00936787,애경케미칼(주),161000,Y,201,1101114951243,1138663305,20120903,12,서울특별시 마포구 양화로 188 9층(동교동),2025,20260318000074,애경,False,False,중견,공시대상기업집단 소속(중소 제외),별도,1200,1108517746000.0,1277741008333.0,1077127536000.0,1452334759000.0,1629438389333.0,1394265312000.0,True,I0500100030,애경케미칼(주),20111,,비해당,,,비해당,,비대상,True,0,0,0,0,0,0,0,False,비대상,,,비대상
00103662,(주)광명전기,017040,Y,28123,1301110006270,1348104007,19830608,12,경기도 안산시 단원구  목내로 160 (목내동),2025,20260407003303,,False,False,중소,"3년 평균 매출 1,332억 ≤ 기준 1,800억, 자산 5,000억 미만",별도,1800,95869088214.0,133165159818.0,134086469248.0,,,,False,,,,,비해당,,,비해당,,비대상,,0,0,0,0,0,0,0,False,비대상,,,비대상
00542898,케이이엠텍(주),106080,K,2629,1350110111703,1348166610,20010329,12,경기도 오산시 경기대로761번길 30 AA동 11-32호,2025,20260408000011,,False,False,중소,"3년 평균 매출 81억 ≤ 기준 1,000억, 자산 5,000억 미만",별도,1000,5925203454.0,8145968370.0,58449179240.0,7573737130.0,10061554492.0,52267787586.0,False,,,,,비해당,,,비해당,,비대상,,0,0,0,0,0,0,0,False,비대상,,,비대상
01307335,(주)나인앤컴퍼니,366030,K,144,2801110078161,1278601517,20061102,12,경기도 양주시 평화로 1525,2025,20260323001324,,False,False,중소,"3년 평균 매출 489억 ≤ 기준 1,500억, 자산 5,000억 미만",별도,1500,44648827047.0,48863567196.0,88814575580.0,45044252491.0,49304710937.0,88287822148.0,False,,,,,비해당,,,비해당,,비대상,,0,0,0,0,0,0,0,False,비대상,,,비대상
00307028,경남제약 주식회사,053950,K,212,1350110085255,1348142258,19981229,12,경상남도 의령군 동동리 1539-5,2025,20260318001510,,False,False,중소,"3년 평균 매출 587억 ≤ 기준 800억, 자산 5,000억 미만",별도,800,55944199110.0,58679918789.0,155630389435.0,,,,False,,,,,비해당,,,비해당,,비대상,,0,0,0,0,0,0,0,False,비대상,,,비대상
00605522,(주)아리바이오홀딩스,290690,K,28422,1211110051797,1308166262,19960702,12,충청남도 공주시 정안면 정안농공단지길 32-22,2025,20260318000950,,False,True,중소,"3년 평균 매출 496억 ≤ 기준 1,800억, 자산 5,000억 미만",별도,1800,38268314998.0,49595167633.0,141589003075.0,,,,False,,,,,비해당,,,비해당,,비대상,,0,0,0,0,0,0,0,False,비대상,,,비대상
02038566,(주)네오뷰,0218L0,K,265,1341110071742,7668603678,20260701,12,경기도 안양시 만안구 안양로 111 경기벤처연성대학교센터8층,,,,False,False,판정불가,매출 또는 업종 기준 없음,,1000,,,,,,,False,,,,,비해당,,,비해당,,비대상,,0,0,0,0,0,0,0,False,비대상,,,비대상
00265421,(주)인지디스플레이,037330,K,26211,1350110036315,1348113942,19920317,12,충청남도 예산군 예산읍 벚꽃로388번길 7 -,2025,20260415000660,,False,False,중견,"3년 평균 매출 1,889억 > 기준 1,000억",별도,1000,50556541349.0,188862014449.0,226986405541.0,721813553316.0,713917291244.0,482177886521.0,False,,,,,비해당,,,비해당,,비대상,True,0,0,7,0,0,0,3,True,비대상,,,비대상
00318316,대아티아이(주),045390,K,289,1101111195109,1168137494,19950912,12,경기도 부천시 오정구 수도로 139,2025,20260318000740,,False,False,중소,"3년 평균 매출 1,359억 ≤ 기준 1,800억, 자산 5,000억 미만",별도,1800,147623507880.0,135938019509.0,311611060187.0,153189348670.0,138224493615.0,336415770831.0,False,,,,,비해당,,,비해당,,비대상,,0,0,0,0,0,0,0,False,비대상,,,비대상
01689035,주식회사 민테크,452200,K,27212,1601110401242,4368800186,20150616,12,대전광역시 유성구 국제과학21로 62 -,2025,20260318001177,,False,False,중소,"3년 평균 매출 198억 ≤ 기준 800억, 자산 5,000억 미만",별도,800,21016073455.0,19807537138.0,55825043802.0,,,,False,,,,,비해당,,,일부해당,가스 분석기(일부),2차 후보(확인 필요),,0,0,0,0,0,0,0,False,2차 후보(확인 필요),,,2차 후보-약
00106641,기아(주),000270,Y,30121,1101110037998,1198102316,19441210,12,서울특별시 서초구 헌릉로 12 기아자동차,2025,20260312001224,현대자동차,True,False,대기업,상호출자제한기업집단 소속,별도,1200,65148676000000.0,62308459666667.0,60213129000000.0,114140919000000.0,107132697000000.0,98979055000000.0,True,I1200100001,기아(주),30121,,비해당,,,비해당,,비대상,,0,0,0,0,0,0,0,False,비대상,,,비대상
01124653,(주)슈프리마,236200,K,26410,1311110433589,4318700369,20151231,12,경기도 성남시 분당구 정자일로 248 17층,2025,20260319001121,,False,False,중견,"3년 평균 매출 1,039억 > 기준 1,000억",별도,1000,123264393658.0,103926372293.0,298405820047.0,137302003098.0,113388003044.0,299911238615.0,False,,,,,비해당,,,비해당,,비대상,True,0,0,0,0,0,0,9,False,비대상,,,비대상
01419135,(주)이노진,344860,K,20423,1101113301944,1068638550,20050907,12,"서울특별시 구로구 디지털로33길 28, 301호",2025,20260317000491,,False,False,중소,"3년 평균 매출 91억 ≤ 기준 1,200억, 자산 5,000억 미만",별도,1200,8213447247.0,9086363139.0,15028602394.0,,,,False,,,,,비해당,,,비해당,,비대상,,0,0,0,0,0,0,0,False,비대상,,,비대상
01514227,(주)씨어스,458870,K,27199,1545110042723,3038155460,20090811,12,경기도 평택시 진위면 동부대로 291-13,2025,20260319000571,,False,False,중소,"3년 평균 매출 194억 ≤ 기준 800억, 자산 5,000억 미만",별도,800,48170737719.0,19385167665.0,54136799318.0,48170737719.0,19385167665.0,54204850237.0,False,,,,,비해당,,,일부해당,의료기기(일부),2차 후보(확인 필요),,0,0,0,0,0,0,0,False,2차 후보(확인 필요),,,2차 후보-약
00201432,(주)비츠로시스,054220,K,28123,1101110657275,2188101953,19891104,12,"서울특별시 금천구 가산디지털1로 225 5층 513~515호(가산동, 에이스가산포휴)",2025,20260316001630,,False,False,중소,"3년 평균 매출 180억 ≤ 기준 1,800억, 자산 5,000억 미만",별도,1800,26294566177.0,18030599970.0,42460803442.0,44811475268.0,30005756791.0,53728870232.0,False,,,,,비해당,,,비해당,,비대상,,0,0,0,0,0,0,0,False,비대상,,,비대상
00803425,코리아에프티(주),123410,K,303,1101114290039,1078732411,20100224,12,경기도 안성시 원곡면 섬바위길 23,2025,20260731000261,,False,False,중견,"3년 평균 매출 3,797억 > 기준 1,200억",별도,1200,417358427794.0,379668686608.0,352132658080.0,785869151550.0,733773347208.0,523167416168.0,False,,,,,비해당,,,일부해당,기어박스(일부)/자동차 엔진 부품(일부)/자동차 차체 부품(일부)/휠·현가장치·라디에이터(일부),2차 후보(확인 필요),True,0,0,2,0,0,0,7,True,"2차(2028, 제품명 확인)",제외,업계 일반 설명,2차 후보(확인 필요)
00828497,한미약품(주),128940,Y,21212,1348110197550,1248700613,20100705,12,경기도 화성시  팔탄면 무하로 214,2025,20260320001130,,False,False,중견,"3년 평균 매출 11,192억 > 기준 800억, 자산 14,647억 ≥ 5,000억",별도,800,1146621703290.0,1119230365811.0,1464658865975.0,1547531098763.0,1511306712686.0,2137597680857.0,True,I0500170169,한미약품(주),21210,,비해당,,,비해당,,비대상,True,0,0,0,0,0,0,9,False,비대상,,,비대상
00145880,현대제철(주),004020,Y,2411,1201110001743,1218110385,19530610,12,인천광역시 제물포구 중봉대로 63 -,2025,20260318001506,현대자동차,True,False,대기업,상호출자제한기업집단 소속,별도,1800,17800125991157.0,19342387944844.0,31455454513111.0,22733237259727.0,23958046269037.0,34442304939493.0,True,I0800100031,현대제철 주식회사,24111,,해당,철강,원재료,비해당,,1차(2027),,0,0,0,0,0,0,0,False,1차(2027),,,1차(2027)
00534701,(주)에이치티로보틱스,396300,K,259,1760110019792,5138116079,19990901,12,경상북도 구미시 1공단로10길 80,2025,20260318000562,,False,False,중소,"3년 평균 매출 883억 ≤ 기준 1,200억, 자산 5,000억 미만",별도,1200,85827035655.0,88314097149.0,149252510929.0,,,,False,,,,,일부해당,기타 파스너(일부)/단조·압형(일부)/볼트·너트/탱크·용기,,일부해당,금속 주방용기(일부)/단조·압형 제품/못·기타 파스너/스프링(일부)/와이어로프·철망/일반철물(일부),2차 후보(확인 필요),,0,0,0,0,0,0,0,False,2차 후보(확인 필요),,,2차 후보(확인 필요)
01586923,주식회사 스카이랩스,386380,K,27199,1345110270691,7528700188,20150921,12,"경기도 성남시 분당구 판교로255번길 58 703호 삼평동, 씨즈타워",,,,False,False,판정불가,매출 또는 업종 기준 없음,,800,,,,,,,False,,,,,비해당,,,일부해당,의료기기(일부),2차 후보(확인 필요),,0,0,0,0,0,0,0,False,2차 후보(확인 필요),,,2차 후보-약
00243979,수성웹툰 주식회사,084180,K,29169,1101110313728,1398123988,19820223,12,인천광역시 서구 뱃길1로 42 수성웹툰 주식회사,2025,20260714000336,,False,False,중소,"3년 평균 매출 288억 ≤ 기준 1,200억, 자산 5,000억 미만",별도,1200,21738007688.0,28849350723.0,87079610636.0,92774434022.0,62928761984.0,174035255390.0,False,,,,,비해당,,,해당,크레인·컨베이어 등,2차(2028),,0,0,0,0,0,0,0,False,2차(2028),,,2차(2028)
00113492,깨끗한나라(주),004540,Y,171,1101110063779,2018112618,19660307,12,서울특별시 용산구 한남대로 98 일신빌딩 4층,2025,20260319000486,,False,False,중견,"3년 평균 매출 5,196억 > 기준 1,800억, 자산 6,230억 ≥ 5,000억",별도,1800,507509280820.0,519639947511.0,622965185429.0,508201414888.0,520035142937.0,637295741132.0,True,I0300100007,깨끗한나라 주식회사,17129,,비해당,,,비해당,,비대상,True,0,0,0,0,0,0,4,False,비대상,,,비대상
00146214,일성아이에스(주),003120,Y,212,1101110039019,1068100710,19610215,12,경기도 과천시 과천대로7길 20 과천스마트케이업무시설 에이동1001호,2025,20260318001342,,False,False,중소,"3년 평균 매출 705억 ≤ 기준 800억, 자산 5,000억 미만",별도,800,64291702806.0,70454425266.0,403009986637.0,,,,False,,,,,비해당,,,비해당,,비대상,,0,0,0,0,0,0,0,False,비대상,,,비대상
